goal	rule	score
p6(X4, X5)	p6(a60, a10)	1
p8(X0, X8)	p8(a1, a0)	1
p4(X0, X2)	p4(a18, a0)	1
p4(X5, X0)	p4(a71, a0)	1
p8(X0, X8)	p8(a3, a45)	1
p4(X0, X9)	p4(a17, a69)	1
p4(X0, X7)	p4(a0, a0)	1
p4(X0, X6)	p4(a31, a70)	1
p4(X2, X0)	p4(a13, a15)	1
p9(X2, X2)	p9(a0, a0)	1
p8(X0, X3)	p8(a11, a31)	1
p8(X0, X1)	p8(a71, a13)	1
p4(X0, X2)	p4(a91, a10)	1
p4(X1, a0)	p4(a16, a0)	1
p8(X0, X4)	p8(a0, a23)	1
p9(X8, X8)	p9(a0, a0)	1
p4(X7, X9)	p4(a13, a15)	1
p4(X3, X0)	p4(a95, a39)	1
p4(X1, X0)	p4(a0, a0)	1
p4(X6, X0)	p4(a16, a0)	1
p8(X0, a13)	p8(X0, X0) :- p4(X0, X2)	1
p8(X0, X3)	p8(a0, a64)	1
p4(X6, X0)	p4(a60, a42)	1
p6(X4, X9)	p6(a60, a10)	1
p4(X7, X9)	p4(a33, a32)	1
p8(X0, a0)	p8(a67, a0)	1
p4(X0, X3)	p4(a71, a0)	1
p4(X0, X6)	p4(a77, a6)	1
p8(X7, X0)	p8(a3, a45)	1
p8(X0, X8)	p8(a0, a1)	1
p7(X0, X1)	p7(a91, a11)	1
p7(X0, X1)	p7(a79, a35)	1
p4(X5, X4)	p4(a5, a48)	1
p4(X0, X6)	p4(a43, a45)	1
p3(X5)	p3(a12)	1
p4(X9, a0)	p4(a18, a0)	1
p4(X0, X7)	p4(a17, a69)	1
p4(a61, X0)	p4(a61, a27)	1
p6(X4, X9)	p6(a84, a32)	1
p9(X1, X1)	p9(X6, X6) :- p4(X3, X6)	1
p8(X6, X6)	p8(X0, X0) :- p4(X0, X2)	1
p8(X0, X1)	p8(a93, a1)	1
p6(X9, X7)	p6(a73, a19)	1
p6(X4, X9)	p6(a18, a0)	1
p6(X4, X9)	p6(a78, a85)	1
p4(X0, X9)	p4(a13, a15)	1
p6(X0, X5)	p6(a58, a1)	1
p9(X6, X6)	p9(X6, X6) :- p4(X3, X6)	1
p4(X3, X0)	p4(a13, a15)	1
p8(X0, X8)	p8(a71, a13)	1
p4(X0, X9)	p4(a33, a32)	1
p6(X4, X9)	p6(a43, a13)	1
p7(X0, X1)	p7(a58, a36)	1
p4(X3, X0)	p4(a33, a32)	1
p4(a71, X4)	p4(a71, a0)	1
p8(a78, X0)	p8(a78, a19)	1
p8(a0, X9)	p8(a0, a10)	1
p8(X0, X1)	p8(a19, a67)	1
p4(X2, X0)	p4(a18, a0)	1
p8(X0, X4)	p8(a77, a28)	1
p4(X8, X0)	p4(a71, a0)	1
p1(X7, X4, a5, X0)	p1(X8, a0, a5, X0) :- p8(X8, X0)	1
p8(X0, X9)	p8(a95, a16)	1
p6(a0, X1)	p6(a0, a12)	1
p5(X0, a0, a59)	p5(a2, a0, a59)	1
p8(X0, X1)	p8(a67, a0)	1
p8(X0, a18)	p8(X0, X0) :- p4(X0, X2)	1
p8(X0, X4)	p8(a75, a0)	1
p8(X1, X0)	p8(a12, a53)	1
p6(X4, X9)	p6(a35, a14)	1
p2(X0, a68, a14)	p2(a97, a68, a14)	1
p4(X0, X3)	p4(a0, a2)	1
p4(X0, X1)	p4(a5, a48)	1
p4(X7, X0)	p4(a70, a75)	1
p6(X9, X7)	p6(a42, a1)	1
p1(X1, X0, X1, a33)	p1(a0, a15, a0, a33)	1
p4(X0, X3)	p4(a61, a27)	1
p6(X4, X9)	p6(a7, a5)	1
p1(X3, X9, a5, X3)	p1(X8, a0, a5, X0) :- p8(X8, X0)	1
p8(X0, X1)	p8(a3, a45)	1
p4(X2, X0)	p4(a0, a2)	1
p6(X0, X5)	p6(a18, a0)	1
p4(X1, X0)	p4(a5, a48)	1
p6(X0, X1)	p6(a73, a19)	1
p8(a77, X7)	p8(a77, a28)	1
p1(a39, a0, a5, X0)	p1(X8, a0, a5, X0) :- p8(X8, X0)	1
p8(X1, X0)	p8(a44, a48)	1
p8(X0, X8)	p8(a12, a53)	1
p4(X0, X2)	p4(a61, a27)	1
p7(a17, X0)	p7(a17, a79)	1
p8(X0, a91)	p8(X0, X0) :- p4(X0, X2)	1
p4(X2, X0)	p4(a77, a6)	1
p4(X7, X9)	p4(a0, a2)	1
p4(X2, X0)	p4(a43, a45)	1
p4(X0, a42)	p4(a60, a42)	1
p8(X0, X9)	p8(a22, a11)	1
p8(a22, a22)	p8(X0, X0) :- p4(X0, X2)	1
p4(X3, X0)	p4(a18, a0)	1
p4(X8, X0)	p4(a70, a20)	1
p4(X5, X0)	p4(a22, a10)	1
p4(X5, X0)	p4(a21, a11)	1
p4(X0, X6)	p4(a70, a20)	1
p4(X0, X1)	p4(a16, a0)	1
p3(X5)	p3(a96)	1
p4(X6, X0)	p4(a71, a0)	1
p6(X0, X1)	p6(a29, a1)	1
p6(X0, X1)	p6(X6, X1) :- p4(a71, X6), p4(X1, X6)	1
p8(X0, X5)	p8(a44, a48)	1
p4(a71, a0)	p4(a71, a0)	1
p8(X0, X9)	p8(a95, a49)	1
p6(X0, a16)	p6(a7, a16)	1
p7(X0, X1)	p7(a80, a56)	1
p6(X4, X5)	p6(a2, a54)	1
p6(X4, X9)	p6(a63, a12)	1
p4(X0, X3)	p4(a20, a0)	1
p8(X0, X1)	p8(a11, a31)	1
p4(X3, X0)	p4(a0, a2)	1
p6(X9, X7)	p6(a21, a17)	1
p8(a11, X4)	p8(a11, a31)	1
p6(X4, X5)	p6(a29, a1)	1
p6(X4, X5)	p6(X6, X1) :- p4(a71, X6), p4(X1, X6)	1
p4(X3, X0)	p4(a77, a6)	1
p6(X0, X1)	p6(a48, a1)	1
p6(X4, X5)	p6(a21, a17)	1
p4(X5, a0)	p4(a54, a0)	1
p6(a2, X5)	p6(a2, a54)	1
p8(X0, X9)	p8(a71, a37)	1
p8(X0, X1)	p8(a0, a64)	1
p6(a2, X5)	p6(a2, a0)	1
p1(X2, a0, X4, X2)	p1(X8, a0, a5, X0) :- p8(X8, X0)	1
p4(X3, X0)	p4(a43, a45)	1
p8(X0, a17)	p8(X0, X0) :- p4(X0, X2)	1
p4(X0, X2)	p4(a22, a10)	1
p4(X0, X6)	p4(a70, a75)	1
p8(X0, a11)	p8(a22, a11)	1
p9(X0, a0)	p9(X6, X6) :- p4(X3, X6)	1
p8(X0, X5)	p8(a0, a64)	1
p8(X0, X8)	p8(a58, a11)	1
p6(X4, X5)	p6(a48, a1)	1
p4(X7, X0)	p4(a5, a48)	1
p6(X9, X7)	p6(a94, a12)	1
p4(X0, X7)	p4(a61, a27)	1
p4(X0, X6)	p4(a0, a0)	1
p4(X5, X0)	p4(a17, a69)	1
p4(X7, X0)	p4(a13, a15)	1
p1(X0, a21, X2, a13)	p1(a29, a21, a1, a13)	1
p6(X0, X1)	p6(a14, a20)	1
p8(X0, X1)	p8(a63, a50)	1
p4(X1, X0)	p4(a0, a2)	1
p4(X8, X0)	p4(a22, a10)	1
p6(X9, X7)	p6(a58, a1)	1
p4(X8, X0)	p4(a21, a11)	1
p8(X0, X9)	p8(a71, a13)	1
p8(X0, a71)	p8(X0, X0) :- p4(X0, X2)	1
p1(X8, X2, a5, X8)	p1(X8, a0, a5, X0) :- p8(X8, X0)	1
p8(X0, X8)	p8(a71, a84)	1
p2(a24, a12, X0)	p2(a24, a12, a8)	1
p6(X4, X9)	p6(a34, a48)	1
p8(X0, X9)	p8(a93, a17)	1
p4(X1, X0)	p4(a61, a27)	1
p8(X7, X0)	p8(a0, a77)	1
p4(X0, X9)	p4(a20, a0)	1
p6(X0, X1)	p6(a0, a12)	1
p8(X0, X3)	p8(a77, a28)	1
p6(X4, X5)	p6(a58, a1)	1
p3(X5)	p3(a48)	1
p8(X0, X8)	p8(a6, a1)	1
p4(X0, X9)	p4(a18, a30)	1
p9(X3, X3)	p9(X6, X6) :- p4(X3, X6)	1
p3(X5)	p3(a39)	1
p4(X0, X3)	p4(a17, a69)	1
p8(X0, X8)	p8(a75, a0)	1
p6(X0, X1)	p6(a84, a0)	1
p8(X0, X1)	p8(a0, a6)	1
p4(X0, X1)	p4(a70, a20)	1
p4(X5, a0)	p4(a16, a0)	1
p8(X0, X3)	p8(a1, a0)	1
p4(X0, X3)	p4(a95, a39)	1
p8(X0, X3)	p8(a95, a16)	1
p8(X0, X3)	p8(a3, a45)	1
p6(X4, X5)	p6(a0, a12)	1
p4(X0, X2)	p4(a17, a69)	1
p8(X0, X5)	p8(a0, a6)	1
p0(a90, X0)	p0(a90, a88)	1
p4(X9, a0)	p4(a0, a0)	1
p4(X0, X8)	p4(a61, a27)	1
p4(X0, X7)	p4(a20, a0)	1
p6(X9, X7)	p6(a78, a85)	1
p6(X4, X5)	p6(a84, a0)	1
p1(a6, a0, X0, a1)	p1(X8, a0, a5, X0) :- p8(X8, X0)	1
p4(X0, X7)	p4(a18, a30)	1
p4(X7, X0)	p4(a18, a0)	1
p6(X0, X5)	p6(a34, a48)	1
p6(X0, X1)	p6(a81, a0)	1
p4(X0, X9)	p4(a18, a0)	1
p8(X0, X9)	p8(a19, a67)	1
p8(X0, X3)	p8(a0, a1)	1
p4(X6, X0)	p4(a22, a10)	1
p8(X8, a53)	p8(a1, a53)	1
p1(a22, X1, X0, a22)	p1(X8, a0, a5, X0) :- p8(X8, X0)	1
p4(X6, X0)	p4(a21, a11)	1
p8(a95, X1)	p8(X0, X0) :- p4(X0, X2)	1
p6(X9, X7)	p6(a33, a10)	1
p8(X0, a43)	p8(X0, X0) :- p4(X0, X2)	1
p6(X0, X1)	p6(a35, a14)	1
p6(X0, X1)	p6(a99, a16)	1
p6(a84, X5)	p6(a84, a0)	1
p5(X0, a75, X1)	p5(a87, a75, a76)	1
p7(X0, X1)	p7(a43, a61)	1
p6(X0, X5)	p6(a2, a54)	1
p4(X2, X0)	p4(a0, a0)	1
p4(X1, X0)	p4(a22, a10)	1
p4(X0, X1)	p4(a70, a75)	1
p4(X5, X4)	p4(a17, a69)	1
p4(X5, X0)	p4(a43, a26)	1
p8(X7, X0)	p8(a44, a48)	1
p8(X0, a0)	p8(a75, a0)	1
p8(X0, X9)	p8(a71, a84)	1
p4(X0, X6)	p4(a13, a15)	1
p8(X0, X3)	p8(a22, a11)	1
p4(X5, X4)	p4(a95, a39)	1
p6(X0, X1)	p6(a7, a5)	1
p6(X4, X5)	p6(a81, a0)	1
p6(X0, X5)	p6(a29, a1)	1
p6(X9, X7)	p6(a27, a73)	1
p4(X0, X8)	p4(a5, a48)	1
p8(X1, a49)	p8(a95, a49)	1
p4(X7, X0)	p4(a0, a2)	1
p5(X0, a4, a55)	p5(a0, a4, a55)	1
p4(X0, X9)	p4(a70, a20)	1
p6(X4, X5)	p6(a35, a14)	1
p8(X0, X5)	p8(a78, a19)	1
p4(X0, X9)	p4(a0, a2)	1
p6(X4, X5)	p6(a99, a16)	1
p6(X0, X1)	p6(a16, a14)	1
p6(X0, X5)	p6(a16, a14)	1
p8(X0, a61)	p8(X0, X0) :- p4(X0, X2)	1
p4(X0, X8)	p4(a31, a70)	1
p6(X0, X5)	p6(a34, a40)	1
p8(X0, X8)	p8(a0, a10)	1
p8(X0, X3)	p8(a95, a49)	1
p6(X0, X1)	p6(a13, a5)	1
p8(X1, X0)	p8(a93, a1)	1
p1(a78, X9, X7, X0)	p1(X8, a0, a5, X0) :- p8(X8, X0)	1
p4(X0, X9)	p4(a43, a45)	1
p8(X0, a11)	p8(a58, a11)	1
p8(X0, X4)	p8(a12, a53)	1
p4(a22, X0)	p4(a22, a10)	1
p9(X8, X8)	p9(X6, X6) :- p4(X3, X6)	1
p4(X5, X0)	p4(a91, a10)	1
p4(X5, X4)	p4(a13, a15)	1
p4(X5, X0)	p4(a54, a0)	1
p4(X3, X0)	p4(a0, a0)	1
p4(X0, X8)	p4(a77, a6)	1
p4(X0, X1)	p4(a17, a69)	1
p8(X0, X3)	p8(a71, a37)	1
p8(a77, X8)	p8(X0, X0) :- p4(X0, X2)	1
p6(X9, X7)	p6(a0, a13)	1
p4(X2, X0)	p4(a43, a86)	1
p8(X1, X0)	p8(a19, a67)	1
p4(X0, X7)	p4(a0, a2)	1
p6(X4, X5)	p6(a13, a5)	1
p4(X5, X0)	p4(a3, a75)	1
p4(X0, X1)	p4(a95, a39)	1
p4(X1, X0)	p4(a17, a69)	1
p8(X0, X4)	p8(a44, a48)	1
p8(X1, X0)	p8(a67, a0)	1
p3(X5)	p3(a11)	1
p4(X0, X6)	p4(a18, a0)	1
p8(X0, X5)	p8(a93, a1)	1
p4(X7, X9)	p4(a43, a86)	1
p8(a58, a11)	p8(a58, a11)	1
p8(X0, a21)	p8(X0, X0) :- p4(X0, X2)	1
p4(X5, a0)	p4(a71, a0)	1
p4(X8, X0)	p4(a43, a26)	1
p1(a93, X2, X3, X5)	p1(X8, a0, a5, X0) :- p8(X8, X0)	1
p4(X1, X0)	p4(a95, a39)	1
p8(a22, a11)	p8(a22, a11)	1
p8(a0, X3)	p8(a0, a64)	1
p4(X0, X7)	p4(a43, a45)	1
p4(X0, X3)	p4(a54, a0)	1
p8(X0, X8)	p8(a95, a49)	1
p4(X5, X4)	p4(a43, a26)	1
p4(X7, X0)	p4(a20, a0)	1
p7(X0, X1)	p7(a17, a79)	1
p8(X0, X9)	p8(a77, a10)	1
p8(X0, a22)	p8(X0, X0) :- p4(X0, X2)	1
p8(X7, X0)	p8(a77, a28)	1
p8(X7, X0)	p8(a67, a0)	1
p8(X1, X0)	p8(a3, a45)	1
p8(X0, X9)	p8(a0, a64)	1
p8(X0, X9)	p8(a89, a29)	1
p8(X0, X3)	p8(a93, a17)	1
p4(X0, X6)	p4(a0, a2)	1
p8(X0, X5)	p8(a67, a0)	1
p4(X0, a11)	p4(a21, a11)	1
p1(a93, a0, X1, X0)	p1(X8, a0, a5, X0) :- p8(X8, X0)	1
p4(X0, X1)	p4(a13, a15)	1
p8(X0, X1)	p8(a1, a0)	1
p8(X0, X8)	p8(a71, a37)	1
p4(X0, X9)	p4(a43, a86)	1
p8(X0, X1)	p8(a95, a16)	1
p4(X0, X1)	p4(a33, a32)	1
p4(X3, X0)	p4(a43, a86)	1
p4(X5, X4)	p4(a18, a0)	1
p4(X1, X0)	p4(a13, a15)	1
p4(X5, X0)	p4(a16, a0)	1
p6(X0, X1)	p6(a43, a13)	1
p4(X8, X0)	p4(a54, a0)	1
p1(a95, a0, X2, X1)	p1(X8, a0, a5, X0) :- p8(X8, X0)	1
p8(X0, X5)	p8(a3, a45)	1
p4(X2, X0)	p4(a71, a0)	1
p2(a16, X0, X1)	p2(a16, a28, a51)	1
p4(X5, X4)	p4(a91, a10)	1
p6(X9, X7)	p6(a12, a14)	1
p8(a3, X1)	p8(a3, a45)	1
p4(a70, X0)	p4(a70, a20)	1
p8(X7, X0)	p8(a71, a37)	1
p4(X0, X7)	p4(a21, a11)	1
p4(X8, X0)	p4(a3, a75)	1
p6(X4, X9)	p6(a31, a14)	1
p4(X5, X0)	p4(a18, a30)	1
p8(X0, X1)	p8(a0, a1)	1
p4(X6, X0)	p4(a43, a26)	1
p4(a16, X0)	p4(a16, a0)	1
p8(X0, X3)	p8(a0, a77)	1
p4(X0, X7)	p4(a43, a86)	1
p8(X1, X0)	p8(a11, a31)	1
p4(X0, X3)	p4(a16, a0)	1
p4(X1, X0)	p4(a43, a26)	1
p6(X4, X5)	p6(a43, a13)	1
p8(X1, X0)	p8(a71, a13)	1
p6(X8, X8)	p6(X6, X1) :- p4(a71, X6), p4(X1, X6)	1
p8(X0, X9)	p8(a0, a6)	1
p9(X7, X7)	p9(a0, a0)	1
p8(X0, X5)	p8(a0, a1)	1
p0(X0, a11)	p0(a59, a11)	1
p8(X0, X1)	p8(a22, a11)	1
p4(X0, X8)	p4(a70, a20)	1
p4(X7, X0)	p4(a17, a69)	1
p1(a1, a0, X8, a53)	p1(X8, a0, a5, X0) :- p8(X8, X0)	1
p7(X0, X1)	p7(a22, a57)	1
p6(X0, a16)	p6(a99, a16)	1
p4(X0, X2)	p4(a16, a0)	1
p8(X1, X0)	p8(a0, a64)	1
p6(X9, X7)	p6(a29, a1)	1
p4(X7, X9)	p4(a0, a0)	1
p1(X0, X2, a5, X1)	p1(X8, a0, a5, X0) :- p8(X8, X0)	1
p4(X0, X6)	p4(a20, a0)	1
p8(X0, a70)	p8(X0, X0) :- p4(X0, X2)	1
p8(X0, a5)	p8(X0, X0) :- p4(X0, X2)	1
p8(X0, X3)	p8(a0, a6)	1
p4(X7, X0)	p4(a95, a39)	1
p1(X4, X6, X1, X4)	p1(a0, a36, a0, a0)	1
p8(X0, X3)	p8(a71, a84)	1
p4(X6, X0)	p4(a61, a27)	1
p4(X0, X1)	p4(a18, a0)	1
p8(X7, X0)	p8(a71, a13)	1
p8(X7, X0)	p8(a93, a17)	1
p6(X0, X5)	p6(a1, a0)	1
p4(X0, X2)	p4(a20, a0)	1
p6(X0, X5)	p6(a84, a32)	1
p4(X0, X7)	p4(a54, a0)	1
p8(X0, X1)	p8(a95, a49)	1
p7(X0, X1)	p7(a30, a89)	1
p8(X0, X5)	p8(a71, a13)	1
p4(X0, X2)	p4(a18, a30)	1
p8(X0, X9)	p8(a1, a53)	1
p8(X0, X9)	p8(a0, a23)	1
p4(X0, X0)	p4(a0, a0)	1
p6(X0, X5)	p6(a13, a5)	1
p4(X6, X0)	p4(a91, a10)	1
p4(X8, X0)	p4(a16, a0)	1
p6(X0, X1)	p6(a12, a14)	1
p4(X2, X0)	p4(a61, a27)	1
p8(X1, X0)	p8(a63, a50)	1
p4(X7, X0)	p4(a0, a0)	1
p4(X1, X0)	p4(a91, a10)	1
p3(X5)	p3(X0) :- p6(X2, a0), p6(X2, X0)	1
p4(X6, X0)	p4(a3, a75)	1
p4(X0, X8)	p4(a70, a75)	1
p8(X0, X1)	p8(a71, a37)	1
p4(X0, X9)	p4(a60, a42)	1
p9(X1, X1)	p9(a0, a0)	1
p6(X0, X1)	p6(a63, a12)	1
p6(X4, X5)	p6(a12, a14)	1
p6(X4, X9)	p6(a0, a13)	1
p8(X7, X0)	p8(a63, a50)	1
p6(X0, a0)	p6(a2, a0)	1
p1(a78, X5, X4, a19)	p1(X8, a0, a5, X0) :- p8(X8, X0)	1
p4(X9, a0)	p4(a20, a0)	1
p8(X1, X0)	p8(a0, a6)	1
p6(X9, X7)	p6(a14, a20)	1
p8(X0, a53)	p8(a12, a53)	1
p3(X5)	p3(a0)	1
p8(X2, a0)	p8(a75, a0)	1
p4(a3, X0)	p4(a3, a75)	1
p8(X0, X5)	p8(a12, a53)	1
p6(X9, X7)	p6(a0, a12)	1
p7(a80, X0)	p7(a80, a56)	1
p8(X0, X9)	p8(X0, X0) :- p4(X0, X2)	1
p4(X0, X6)	p4(a17, a69)	1
p8(X0, a16)	p8(a95, a16)	1
p8(X0, X1)	p8(a93, a17)	1
p4(X0, X7)	p4(a16, a0)	1
p4(X3, X0)	p4(a61, a27)	1
p4(X7, X9)	p4(a5, a48)	1
p4(X9, a0)	p4(a71, a0)	1
p4(X0, X7)	p4(a60, a42)	1
p7(X0, X1)	p7(a3, a34)	1
p8(X0, X3)	p8(a77, a10)	1
p4(X2, X0)	p4(a20, a0)	1
p6(a0, X0)	p6(a0, a13)	1
p4(X0, X6)	p4(a95, a39)	1
p9(X0, a0)	p9(a71, a0)	1
p8(X0, X8)	p8(a39, a91)	1
p4(X7, X0)	p4(a43, a86)	1
p6(X4, X9)	p6(a37, a64)	1
p4(a0, a0)	p4(a0, a0)	1
p4(X2, X0)	p4(a18, a30)	1
p4(X0, X8)	p4(a17, a69)	1
p8(X0, X9)	p8(a61, a28)	1
p9(X0, a0)	p9(a38, a0)	1
p3(X5)	p3(a54)	1
p4(X2, X0)	p4(a22, a10)	1
p4(X0, X2)	p4(a70, a20)	1
p4(X1, X0)	p4(a16, a0)	1
p4(X0, X3)	p4(a43, a45)	1
p4(X0, X8)	p4(a95, a39)	1
p6(X0, X5)	p6(a0, a13)	1
p8(X0, X3)	p8(a0, a10)	1
p6(X0, X1)	p6(a34, a48)	1
p6(X4, X9)	p6(a1, a0)	1
p8(X0, X4)	p8(a93, a1)	1
p4(X1, X0)	p4(a20, a0)	1
p7(X0, X1)	p7(a7, a32)	1
p4(X0, X2)	p4(a43, a45)	1
p8(X0, a53)	p8(a1, a53)	1
p4(X1, X0)	p4(a18, a30)	1
p6(a84, a0)	p6(a84, a0)	1
p6(X9, X7)	p6(a81, a0)	1
p4(a0, a2)	p4(a0, a2)	1
p4(X7, X9)	p4(a71, a0)	1
p9(X0, a0)	p9(a15, a0)	1
p6(X9, X7)	p6(a35, a14)	1
p6(X4, X5)	p6(a34, a48)	1
p8(X0, X4)	p8(a19, a67)	1
p6(X9, X7)	p6(a99, a16)	1
p8(X0, X3)	p8(a67, a0)	1
p4(X3, X0)	p4(a20, a0)	1
p8(X0, X9)	p8(a1, a0)	1
p6(X9, X7)	p6(a2, a0)	1
p8(X0, X4)	p8(a67, a0)	1
p8(a95, X1)	p8(a95, a16)	1
p4(X0, X8)	p4(a13, a15)	1
p4(a13, X0)	p4(a13, a15)	1
p8(X0, X8)	p8(a89, a29)	1
p6(X9, X7)	p6(a7, a5)	1
p4(X0, X8)	p4(a33, a32)	1
p6(X0, X1)	p6(a34, a40)	1
p8(X0, X1)	p8(a71, a84)	1
p8(X5, X5)	p8(X0, X0) :- p4(X0, X2)	1
p8(a1, X8)	p8(a1, a53)	1
p4(X0, X9)	p4(a71, a0)	1
p8(a0, X3)	p8(a0, a1)	1
p6(X9, X7)	p6(a16, a14)	1
p4(X2, X0)	p4(a17, a69)	1
p8(X0, X4)	p8(a3, a45)	1
p1(X0, a0, X3, X0)	p1(X8, a0, a5, X0) :- p8(X8, X0)	1
p4(X3, X0)	p4(a71, a0)	1
p4(X1, X0)	p4(a18, a0)	1
p4(X0, X6)	p4(a43, a86)	1
p6(X9, X7)	p6(a13, a5)	1
p8(X0, X9)	p8(a0, a1)	1
p4(X0, X1)	p4(a31, a70)	1
p4(X0, X2)	p4(a21, a11)	1
p3(X5)	p3(a68)	1
p6(X4, X5)	p6(a34, a40)	1
p8(X2, a0)	p8(a67, a0)	1
p8(X0, X5)	p8(a6, a1)	1
p1(X0, X1, a5, X0)	p1(X8, a0, a5, X0) :- p8(X8, X0)	1
p7(X0, X1)	p7(a5, a62)	1
p8(X0, X9)	p8(a58, a11)	1
p4(a0, X0)	p4(a0, a2)	1
p8(X0, X3)	p8(a1, a53)	1
p8(X0, X1)	p8(a39, a91)	1
p4(X7, X0)	p4(a16, a0)	1
p8(X0, X5)	p8(a75, a0)	1
p1(a3, a0, X7, X1)	p1(X8, a0, a5, X0) :- p8(X8, X0)	1
p6(X0, X1)	p6(a2, a54)	1
p4(X0, X7)	p4(a71, a0)	1
p6(X0, X1)	p6(a2, a0)	1
p4(X0, X1)	p4(a77, a6)	1
p8(X0, X3)	p8(a78, a19)	1
p7(X0, a79)	p7(a17, a79)	1
p6(X0, X5)	p6(a94, a12)	1
p4(X0, X6)	p4(a54, a0)	1
p4(X0, X8)	p4(a18, a0)	1
p4(X0, X1)	p4(a43, a45)	1
p8(X0, X9)	p8(a6, a1)	1
p8(X0, X9)	p8(a0, a77)	1
p4(a43, X0)	p4(a43, a86)	1
p8(X1, X0)	p8(a95, a16)	1
p3(X5)	p3(a10)	1
p7(X0, X1)	p7(a1, a16)	1
p4(X0, X1)	p4(a0, a0)	1
p4(X3, X0)	p4(a17, a69)	1
p4(X1, X0)	p4(a43, a45)	1
p6(X4, X9)	p6(a4, a11)	1
p4(X0, X2)	p4(a54, a0)	1
p8(X0, X4)	p8(a11, a31)	1
p4(X7, X0)	p4(a61, a27)	1
p6(X4, X5)	p6(a2, a0)	1
p3(X5)	p3(X5) :- p3(X5)	1
p1(a66, a86, X0, X1)	p1(a66, a86, a32, a2)	1
p1(a77, X4, X0, X7)	p1(X8, a0, a5, X0) :- p8(X8, X0)	1
p4(X0, X3)	p4(a22, a10)	1
p8(X0, X1)	p8(a77, a10)	1
p8(X0, X8)	p8(a0, a23)	1
p8(X0, X4)	p8(a0, a64)	1
p4(a71, X0)	p4(a71, a0)	1
p4(X0, X8)	p4(a0, a2)	1
p4(X5, X0)	p4(a60, a42)	1
p4(X2, X0)	p4(a43, a26)	1
p8(X1, X0)	p8(a0, a1)	1
p8(X0, X1)	p8(a89, a29)	1
p4(X2, X0)	p4(a21, a11)	1
p4(X1, a0)	p4(a18, a0)	1
p8(X0, X5)	p8(a95, a16)	1
p6(X4, X9)	p6(a28, a70)	1
p6(X9, X7)	p6(a18, a0)	1
p8(X0, X5)	p8(a77, a10)	1
p6(a0, X1)	p6(a0, a13)	1
p8(X1, X1)	p8(X0, X0) :- p4(X0, X2)	1
p4(X0, X2)	p4(a33, a32)	1
p8(a0, X9)	p8(a0, a77)	1
p8(X0, X1)	p8(a0, a10)	1
p4(X7, X9)	p4(a22, a10)	1
p8(X0, X8)	p8(a93, a1)	1
p6(a0, a0)	p6(X6, X1) :- p4(a71, X6), p4(X1, X6)	1
p6(X9, X7)	p6(a43, a13)	1
p8(X1, X0)	p8(a22, a11)	1
p4(X9, a0)	p4(a54, a0)	1
p8(X7, X0)	p8(a1, a53)	1
p4(a77, X0)	p4(a77, a6)	1
p8(X0, X4)	p8(a63, a50)	1
p4(X5, X0)	p4(a5, a48)	1
p8(X0, X5)	p8(a0, a10)	1
p4(X0, X3)	p4(a60, a42)	1
p6(X4, X9)	p6(a33, a94)	1
p4(X0, X1)	p4(a43, a86)	1
p4(X0, X6)	p4(a16, a0)	1
p8(a1, X8)	p8(a1, a0)	1
p8(a77, X7)	p8(X0, X0) :- p4(X0, X2)	1
p3(X5)	p3(a83)	1
p4(X5, X0)	p4(a31, a70)	1
p6(X0, X1)	p6(a60, a10)	1
p8(X0, a29)	p8(a89, a29)	1
p8(X1, X0)	p8(a95, a49)	1
p6(X0, X5)	p6(a33, a10)	1
p3(X5)	p3(a71)	1
p4(X0, X2)	p4(a60, a42)	1
p4(X2, X0)	p4(a91, a10)	1
p4(X2, X0)	p4(a54, a0)	1
p4(X0, X9)	p4(a22, a10)	1
p4(X0, X9)	p4(a21, a11)	1
p9(X0, a0)	p9(a29, a0)	1
p8(X1, X0)	p8(X0, X0) :- p4(X0, X2)	1
p8(X0, X4)	p8(a0, a6)	1
p6(X0, X5)	p6(a7, a16)	1
p8(X0, X5)	p8(a22, a11)	1
p0(a92, X0)	p0(a92, a50)	1
p4(X6, X0)	p4(a95, a39)	1
p4(X3, X0)	p4(a22, a10)	1
p4(X3, X0)	p4(a21, a11)	1
p6(X0, X1)	p6(a84, a32)	1
p4(X8, X0)	p4(a61, a27)	1
p6(X0, X5)	p6(a28, a70)	1
p6(X4, X9)	p6(a94, a12)	1
p4(X2, X0)	p4(a3, a75)	1
p4(X0, X6)	p4(a61, a27)	1
p6(X0, X1)	p6(a18, a0)	1
p4(X7, X0)	p4(a71, a0)	1
p6(X0, X1)	p6(a78, a85)	1
p4(X5, X0)	p4(a77, a6)	1
p8(X1, X0)	p8(a71, a37)	1
p4(X7, X0)	p4(a43, a45)	1
p6(X9, X7)	p6(a1, a0)	1
p8(X0, a13)	p8(a71, a13)	1
p6(X0, X5)	p6(a31, a14)	1
p6(X4, X9)	p6(a58, a1)	1
p8(X0, X5)	p8(a95, a49)	1
p6(X4, X5)	p6(a1, a0)	1
p4(X7, X9)	p4(a17, a69)	1
p6(X4, X5)	p6(a84, a32)	1
p6(X0, X5)	p6(a33, a94)	1
p4(X9, a0)	p4(a16, a0)	1
p4(X0, X7)	p4(a22, a10)	1
p6(X4, X5)	p6(a18, a0)	1
p6(X4, X5)	p6(a78, a85)	1
p8(X0, X1)	p8(a1, a53)	1
p4(X7, X9)	p4(a95, a39)	1
p8(a0, X3)	p8(a0, a6)	1
p4(X8, X0)	p4(a5, a48)	1
p3(X5)	p3(a87)	1
p6(X0, X5)	p6(a35, a14)	1
p6(a81, X5)	p6(a81, a0)	1
p4(X1, a0)	p4(a20, a0)	1
p8(X0, X5)	p8(a71, a37)	1
p4(X3, X0)	p4(a54, a0)	1
p8(X0, X3)	p8(a58, a11)	1
p4(X0, X6)	p4(a5, a48)	1
p4(X1, X1)	p4(a0, a0)	1
p8(X1, X0)	p8(a93, a17)	1
p6(X0, X5)	p6(a2, a0)	1
p8(X0, X1)	p8(a78, a19)	1
p6(X9, X7)	p6(a63, a12)	1
p6(X0, X5)	p6(a2, a12)	1
p7(X0, X1)	p7(a1, a90)	1
p4(X0, X2)	p4(a77, a6)	1
p6(X4, X9)	p6(a84, a0)	1
p4(X8, X0)	p4(a31, a70)	1
p4(X2, X0)	p4(a16, a0)	1
p1(a58, X8, X0, a11)	p1(X8, a0, a5, X0) :- p8(X8, X0)	1
p6(X0, X5)	p6(a7, a5)	1
p4(a0, X0)	p4(a0, a0)	1
p8(X0, X9)	p8(a77, a28)	1
p8(a93, X0)	p8(a93, a1)	1
p8(X0, X9)	p8(a75, a0)	1
p8(X0, X3)	p8(a6, a1)	1
p6(X0, a16)	p6(X6, X1) :- p4(a71, X6), p4(X1, X6)	1
p4(X0, X3)	p4(a43, a26)	1
p4(X8, X0)	p4(a77, a6)	1
p8(X0, X5)	p8(a93, a17)	1
p1(X4, X2, X7, a29)	p1(X8, a0, a5, X0) :- p8(X8, X0)	1
p8(X7, X0)	p8(a95, a16)	1
p3(X5)	p3(a50)	1
p8(X0, X9)	p8(a39, a91)	1
p8(X0, X1)	p8(X0, X0) :- p4(X0, X2)	1
p4(X1, X0)	p4(a60, a42)	1
p4(X0, X6)	p4(a71, a0)	1
p6(X0, X1)	p6(a0, a13)	1
p4(X5, X4)	p4(a16, a0)	1
p3(X5)	p3(a25)	1
p1(X2, a0, a5, a0)	p1(X8, a0, a5, X0) :- p8(X8, X0)	1
p6(X0, a0)	p6(a84, a0)	1
p4(X0, X2)	p4(a71, a0)	1
p8(X1, X0)	p8(a58, a11)	1
p3(X5)	p3(a43)	1
p4(X6, X0)	p4(a18, a0)	1
p8(X0, a0)	p8(a1, a0)	1
p7(X0, X1)	p7(a10, a94)	1
p4(X0, X1)	p4(a61, a27)	1
p8(X0, X1)	p8(a61, a28)	1
p4(X6, X0)	p4(a5, a48)	1
p1(X0, a0, a5, X0)	p1(X8, a0, a5, X0) :- p8(X8, X0)	1
p4(X5, X4)	p4(a20, a0)	1
p6(X9, X7)	p6(a34, a48)	1
p4(X0, X8)	p4(a43, a45)	1
p4(X3, X0)	p4(a16, a0)	1
p3(X5)	p3(a3)	1
p4(X5, X0)	p4(a70, a20)	1
p7(X0, X1)	p7(a13, a29)	1
p8(X4, a29)	p8(a89, a29)	1
p4(X0, X8)	p4(a0, a0)	1
p6(X4, X5)	p6(a0, a13)	1
p8(X0, X8)	p8(a63, a50)	1
p8(X1, X0)	p8(a71, a84)	1
p4(X6, X0)	p4(a31, a70)	1
p8(X0, X8)	p8(a0, a77)	1
p8(X3, X3)	p8(X0, X0) :- p4(X0, X2)	1
p4(X0, X3)	p4(a91, a10)	1
p1(X0, a0, X5, X0)	p1(X8, a0, a5, X0) :- p8(X8, X0)	1
p8(X7, X0)	p8(a19, a67)	1
p4(a43, X0)	p4(a43, a45)	1
p6(X0, X1)	p6(a37, a64)	1
p8(X8, a91)	p8(a39, a91)	1
p6(a1, a0)	p6(a1, a0)	1
p4(X5, X4)	p4(a71, a0)	1
p4(X6, X0)	p4(a0, a2)	1
p8(X0, X8)	p8(X0, X0) :- p4(X0, X2)	1
p4(X7, X0)	p4(a22, a10)	1
p8(a0, X3)	p8(a0, a10)	1
p4(X0, X9)	p4(a43, a26)	1
p8(X0, X5)	p8(a19, a67)	1
p4(X0, X3)	p4(a70, a20)	1
p4(X8, X0)	p4(a0, a2)	1
p4(X3, X0)	p4(a43, a26)	1
p8(X0, a19)	p8(a78, a19)	1
p4(X6, X0)	p4(a77, a6)	1
p8(X0, X4)	p8(a1, a0)	1
p6(a2, a0)	p6(a2, a0)	1
p4(X0, a0)	p4(a0, a0)	1
p8(X4, a28)	p8(a77, a28)	1
p6(X4, X9)	p6(a2, a12)	1
p8(X0, X4)	p8(a95, a16)	1
p6(X9, X7)	p6(a28, a70)	1
p8(X0, X9)	p8(a0, a10)	1
p6(X9, X7)	p6(a34, a40)	1
p1(X1, a0, a5, a49)	p1(X8, a0, a5, X0) :- p8(X8, X0)	1
p4(X1, a0)	p4(a0, a0)	1
p6(X4, X5)	p6(a37, a64)	1
p8(X0, X5)	p8(a71, a84)	1
p4(X2, X0)	p4(a70, a20)	1
p4(X5, X0)	p4(a70, a75)	1
p8(X1, X0)	p8(a39, a91)	1
p3(X5)	p3(a1)	1
p6(X4, X5)	p6(a28, a70)	1
p4(X0, X1)	p4(a20, a0)	1
p4(X0, X1)	p4(a18, a30)	1
p8(X0, a17)	p8(a93, a17)	1
p6(X0, X5)	p6(a43, a13)	1
p8(X0, X3)	p8(a0, a23)	1
p4(X5, X0)	p4(a0, a0)	1
p7(X0, X1)	p7(a4, a0)	1
p4(X0, X8)	p4(a43, a86)	1
p4(X0, X7)	p4(a43, a26)	1
p4(X0, X2)	p4(a31, a70)	1
p8(X0, X4)	p8(a0, a1)	1
p4(X7, X0)	p4(a54, a0)	1
p8(a77, X7)	p8(a77, a10)	1
p4(X0, X9)	p4(a91, a10)	1
p4(X0, X9)	p4(a54, a0)	1
p8(X0, a0)	p8(X0, X0) :- p4(X0, X2)	1
p4(X0, X1)	p4(a71, a0)	1
p4(X5, X4)	p4(a70, a20)	1
p8(X0, X1)	p8(a58, a11)	1
p4(X3, X0)	p4(a91, a10)	1
p8(a77, X8)	p8(a77, a10)	1
p4(X3, X3)	p4(a0, a0)	1
p6(X9, X7)	p6(a2, a54)	1
p1(X4, X9, a5, a28)	p1(X8, a0, a5, X0) :- p8(X8, X0)	1
p7(X0, X1)	p7(a21, a0)	1
p8(X0, X4)	p8(a22, a11)	1
p4(X0, X9)	p4(a3, a75)	1
p8(X1, X0)	p8(a77, a10)	1
p4(X1, X0)	p4(a71, a0)	1
p4(X3, X0)	p4(a3, a75)	1
p8(X1, X0)	p8(a89, a29)	1
p6(X0, X5)	p6(a14, a20)	1
p4(X0, X3)	p4(a18, a30)	1
p6(X4, X9)	p6(a73, a19)	1
p6(X0, a5)	p6(a13, a5)	1
p6(X4, X5)	p6(a94, a12)	1
p4(X0, X3)	p4(a21, a11)	1
p8(X0, X8)	p8(a11, a31)	1
p8(X8, X8)	p8(X0, X0) :- p4(X0, X2)	1
p4(X7, X9)	p4(a16, a0)	1
p8(X0, X1)	p8(a6, a1)	1
p4(X5, X0)	p4(a95, a39)	1
p8(X0, X1)	p8(a0, a77)	1
p8(X1, X0)	p8(a0, a10)	1
p8(X7, X0)	p8(a77, a10)	1
p8(X0, X4)	p8(a95, a49)	1
p4(X0, X6)	p4(a22, a10)	1
p4(X0, X6)	p4(a21, a11)	1
p4(a70, X0)	p4(a70, a75)	1
p4(X0, X7)	p4(a91, a10)	1
p4(a71, X8)	p4(a71, a0)	1
p1(a77, X5, X4, X8)	p1(X8, a0, a5, X0) :- p8(X8, X0)	1
p4(X8, X0)	p4(a70, a75)	1
p7(X0, X1)	p7(a1, a73)	1
p8(X7, X0)	p8(a89, a29)	1
p8(X0, X3)	p8(a75, a0)	1
p4(X5, X4)	p4(a70, a75)	1
p4(a18, X8)	p4(a18, a0)	1
p4(X0, X7)	p4(a3, a75)	1
p8(X4, a28)	p8(a61, a28)	1
p6(a18, a0)	p6(a18, a0)	1
p6(X0, a73)	p6(a27, a73)	1
p4(X7, X9)	p4(a18, a30)	1
p4(X8, X8)	p4(a0, a0)	1
p8(X0, X4)	p8(a71, a37)	1
p8(X0, X5)	p8(a89, a29)	1
p4(X0, X1)	p4(a0, a2)	1
p6(X4, X9)	p6(a29, a1)	1
p6(X4, X9)	p6(X6, X1) :- p4(a71, X6), p4(X1, X6)	1
p4(X0, X9)	p4(a16, a0)	1
p4(X1, X0)	p4(a70, a20)	1
p6(X0, X1)	p6(a4, a11)	1
p4(X5, X0)	p4(a13, a15)	1
p6(X0, X5)	p6(a63, a12)	1
p4(X0, X7)	p4(a31, a70)	1
p4(X0, X6)	p4(a60, a42)	1
p8(X0, X8)	p8(a44, a48)	1
p4(X2, X0)	p4(a95, a39)	1
p4(X5, X0)	p4(a33, a32)	1
p4(X5, X4)	p4(a21, a11)	1
p7(X0, X1)	p7(a29, a32)	1
p8(a0, X3)	p8(X0, X0) :- p4(X0, X2)	1
p1(a22, a0, X2, a11)	p1(X8, a0, a5, X0) :- p8(X8, X0)	1
p4(X0, a0)	p4(a71, a0)	1
p8(X0, X8)	p8(a77, a28)	1
p4(X0, X2)	p4(a43, a86)	1
p9(X0, a0)	p9(a91, a0)	1
p6(X0, X1)	p6(a7, a16)	1
p8(X0, X4)	p8(a71, a13)	1
p6(X4, X5)	p6(a4, a11)	1
p6(X9, X7)	p6(a60, a10)	1
p4(X8, X0)	p4(a17, a69)	1
p4(X7, X0)	p4(a43, a26)	1
p8(X0, X4)	p8(a93, a17)	1
p6(a0, X0)	p6(X6, X1) :- p4(a71, X6), p4(X1, X6)	1
p8(X7, X0)	p8(a71, a84)	1
p4(X8, X0)	p4(a95, a39)	1
p4(X6, X0)	p4(a70, a75)	1
p6(X4, X5)	p6(a33, a10)	1
p6(X9, X7)	p6(a7, a16)	1
p9(X0, X0)	p9(X6, X6) :- p4(X3, X6)	1
p4(X0, X3)	p4(a33, a32)	1
p8(X0, X8)	p8(a95, a16)	1
p4(X0, a0)	p4(a18, a0)	1
p8(X1, X0)	p8(a1, a53)	1
p6(X9, X7)	p6(a84, a32)	1
p8(X1, X0)	p8(a0, a23)	1
p4(X1, X0)	p4(a70, a75)	1
p4(X7, X7)	p4(a0, a0)	1
p6(X0, X5)	p6(X6, X1) :- p4(a71, X6), p4(X1, X6)	1
p6(X4, X5)	p6(a7, a16)	1
p4(X6, X0)	p4(a0, a0)	1
p4(X2, X0)	p4(a33, a32)	1
p8(X0, X9)	p8(a12, a53)	1
p6(X9, X7)	p6(a31, a14)	1
p4(X5, a0)	p4(a18, a0)	1
p8(X0, X3)	p8(a61, a28)	1
p8(X2, X2)	p8(X0, X0) :- p4(X0, X2)	1
p8(X1, X0)	p8(a78, a19)	1
p8(X0, X1)	p8(a0, a23)	1
p9(X0, a0)	p9(a0, a0)	1
p4(X0, X1)	p4(a22, a10)	1
p4(X0, X1)	p4(a21, a11)	1
p8(X7, X0)	p8(a0, a23)	1
p4(X5, X0)	p4(a18, a0)	1
p6(X4, X9)	p6(a21, a17)	1
p8(X7, X0)	p8(a39, a91)	1
p6(X0, X5)	p6(a48, a1)	1
p8(X2, a0)	p8(a1, a0)	1
p4(X8, X0)	p4(a13, a15)	1
p4(X7, X0)	p4(a91, a10)	1
p4(X1, X0)	p4(a21, a11)	1
p9(X9, X9)	p9(a0, a0)	1
p8(X0, X5)	p8(a1, a53)	1
p8(X0, X5)	p8(a0, a23)	1
p6(X4, X5)	p6(a33, a94)	1
p8(X0, X9)	p8(a44, a48)	1
p6(X0, X1)	p6(a2, a12)	1
p4(X7, X9)	p4(a43, a45)	1
p4(X8, X0)	p4(a33, a32)	1
p8(X7, X0)	p8(a78, a19)	1
p4(X2, X0)	p4(a60, a42)	1
p4(X5, X4)	p4(a33, a32)	1
p8(X0, X8)	p8(a22, a11)	1
p4(X7, X0)	p4(a70, a20)	1
p4(X6, X0)	p4(a17, a69)	1
p4(X0, X2)	p4(a70, a75)	1
p6(X9, X7)	p6(a2, a12)	1
p8(a0, X9)	p8(a0, a64)	1
p4(X5, X0)	p4(a0, a2)	1
p8(X0, X4)	p8(a71, a84)	1
p1(a78, X7, a5, a19)	p1(X8, a0, a5, X0) :- p8(X8, X0)	1
p6(X4, X5)	p6(a2, a12)	1
p9(X0, a0)	p9(a18, a0)	1
p4(X0, X8)	p4(a20, a0)	1
p7(X0, X1)	p7(a46, a11)	1
p4(X0, X1)	p4(a54, a0)	1
p6(X4, X5)	p6(a7, a5)	1
p4(X0, X6)	p4(a43, a26)	1
p4(X0, X8)	p4(a18, a30)	1
p4(X2, X0)	p4(a5, a48)	1
p8(X1, X0)	p8(a61, a28)	1
p6(X4, X9)	p6(a81, a0)	1
p8(X0, X1)	p8(a77, a28)	1
p0(a90, X0)	p0(a90, a23)	1
p6(a2, X5)	p6(a2, a12)	1
p4(X5, X4)	p4(a60, a42)	1
p4(a18, X0)	p4(a18, a0)	1
p1(a11, X3, X0, X4)	p1(X8, a0, a5, X0) :- p8(X8, X0)	1
p8(X0, X1)	p8(a75, a0)	1
p6(X4, X9)	p6(a99, a16)	1
p1(a0, a0, X1, X3)	p1(X8, a0, a5, X0) :- p8(X8, X0)	1
p4(X0, X7)	p4(a70, a20)	1
p4(X0, X8)	p4(a71, a0)	1
p8(X0, X4)	p8(a39, a91)	1
p8(X7, X0)	p8(a0, a10)	1
p6(X0, X5)	p6(a84, a0)	1
p8(X7, X0)	p8(a61, a28)	1
p4(X0, a0)	p4(a20, a0)	1
p4(X6, X0)	p4(a13, a15)	1
p4(X8, X0)	p4(a18, a0)	1
p4(X3, X0)	p4(a60, a42)	1
p4(a60, X0)	p4(a60, a42)	1
p8(a58, X5)	p8(a58, a11)	1
p4(a43, X0)	p4(a43, a26)	1
p4(X6, X0)	p4(a33, a32)	1
p0(X0, a11)	p0(a2, a11)	1
p8(a6, a1)	p8(a6, a1)	1
p8(X0, X5)	p8(a61, a28)	1
p4(X8, X0)	p4(a91, a10)	1
p4(X1, X0)	p4(a33, a32)	1
p6(X4, X9)	p6(a42, a1)	1
p4(X0, X6)	p4(a91, a10)	1
p6(X0, a0)	p6(a81, a0)	1
p4(X0, a86)	p4(a43, a86)	1
p8(X1, X0)	p8(a1, a0)	1
p4(X5, X0)	p4(a20, a0)	1
p4(X7, X0)	p4(a18, a30)	1
p6(X4, X9)	p6(a13, a5)	1
p4(X0, X3)	p4(a3, a75)	1
p4(X7, X0)	p4(a21, a11)	1
p6(X0, X5)	p6(a81, a0)	1
p6(X4, X5)	p6(a73, a19)	1
p4(X0, X6)	p4(a3, a75)	1
p4(X1, a0)	p4(a71, a0)	1
p6(X9, X7)	p6(a37, a64)	1
p7(X0, X1)	p7(a18, a19)	1
p4(X0, X7)	p4(a70, a75)	1
p8(X0, X8)	p8(a93, a17)	1
p4(X0, X1)	p4(a60, a42)	1
p8(X0, X4)	p8(a77, a10)	1
p6(X0, X5)	p6(a99, a16)	1
p4(X0, X2)	p4(a3, a75)	1
p6(X4, X9)	p6(a33, a10)	1
p8(X7, X0)	p8(a1, a0)	1
p8(a0, X9)	p8(a0, a23)	1
p8(X0, X4)	p8(a89, a29)	1
p6(a0, X1)	p6(X6, X1) :- p4(a71, X6), p4(X1, X6)	1
p4(X0, X2)	p4(a5, a48)	1
p4(a95, X0)	p4(a95, a39)	1
p1(a63, X0, a2, X1)	p1(a63, a46, a2, a84)	1
p6(X4, X9)	p6(a7, a16)	1
p4(X6, X6)	p4(a0, a0)	1
p8(X0, X5)	p8(a1, a0)	1
p4(X5, a2)	p4(a0, a2)	1
p8(X0, X4)	p8(a0, a10)	1
p6(X4, X9)	p6(a27, a73)	1
p4(X0, X9)	p4(a95, a39)	1
p8(a39, X0)	p8(a39, a91)	1
p1(a52, a32, X0, a3)	p1(a52, a32, a78, a3)	1
p4(X0, X1)	p4(a43, a26)	1
p4(X5, X4)	p4(a3, a75)	1
p8(X7, X0)	p8(a0, a1)	1
p8(X0, X3)	p8(a12, a53)	1
p3(X5)	p3(a18)	1
p8(X0, a60)	p8(X0, X0) :- p4(X0, X2)	1
p1(X8, X7, a5, a91)	p1(X8, a0, a5, X0) :- p8(X8, X0)	1
p7(a17, X0)	p7(a17, a51)	1
p4(a18, X0)	p4(a18, a30)	1
p8(X1, X0)	p8(a6, a1)	1
p8(X1, X0)	p8(a0, a77)	1
p0(a34, X0)	p0(a34, a19)	1
p8(X0, X9)	p8(a78, a19)	1
p6(X0, X5)	p6(a60, a10)	1
p4(X8, X0)	p4(a20, a0)	1
p4(X0, X7)	p4(a95, a39)	1
p8(X0, X3)	p8(a44, a48)	1
p4(X8, X0)	p4(a18, a30)	1
p4(X7, X0)	p4(a33, a32)	1
p4(X0, X3)	p4(a18, a0)	1
p4(X0, X6)	p4(a18, a30)	1
p6(X0, X1)	p6(a1, a0)	1
p4(X7, X9)	p4(a60, a42)	1
p7(X0, X1)	p7(a28, a70)	1
p3(X5)	p3(a82)	1
p6(X0, X5)	p6(a27, a73)	1
p6(X0, X1)	p6(a21, a17)	1
p4(X0, X1)	p4(a91, a10)	1
p8(X0, X5)	p8(a63, a50)	1
p4(X0, X3)	p4(a31, a70)	1
p8(X0, X5)	p8(a0, a77)	1
p4(X0, X8)	p4(a22, a10)	1
p6(X4, X5)	p6(a14, a20)	1
p4(X5, a0)	p4(a0, a0)	1
p4(X0, X8)	p4(a21, a11)	1
p4(X5, X0)	p4(a43, a45)	1
p8(X0, a54)	p8(X0, X0) :- p4(X0, X2)	1
p8(X7, X0)	p8(X0, X0) :- p4(X0, X2)	1
p1(X8, a0, X5, a53)	p1(X8, a0, a5, X0) :- p8(X8, X0)	1
p4(X1, X0)	p4(a54, a0)	1
p4(X0, X1)	p4(a3, a75)	1
p8(X0, X3)	p8(a39, a91)	1
p4(X2, X0)	p4(a31, a70)	1
p8(X0, X4)	p8(a1, a53)	1
p4(X7, X0)	p4(a60, a42)	1
p4(X0, X7)	p4(a13, a15)	1
p8(X0, X5)	p8(X0, X0) :- p4(X0, X2)	1
p4(X1, X0)	p4(a3, a75)	1
p2(X0, a70, a89)	p2(a19, a70, a89)	1
p8(X0, X9)	p8(a93, a1)	1
p9(X0, a0)	p9(a6, a0)	1
p8(a3, X1)	p8(X0, X0) :- p4(X0, X2)	1
p4(X0, X7)	p4(a33, a32)	1
p8(a93, X0)	p8(a93, a17)	1
p4(X0, X3)	p4(a77, a6)	1
p4(X7, X9)	p4(a31, a70)	1
p4(X0, X2)	p4(a0, a2)	1
p8(X7, X0)	p8(a12, a53)	1
p6(X0, X5)	p6(a73, a19)	1
p8(X0, X4)	p8(a78, a19)	1
p9(X6, X6)	p9(a0, a0)	1
p6(X9, X7)	p6(a4, a11)	1
p1(a58, X4, X7, X5)	p1(X8, a0, a5, X0) :- p8(X8, X0)	1
p4(X6, X0)	p4(a20, a0)	1
p6(X8, a18)	p6(X6, X1) :- p4(a71, X6), p4(X1, X6)	1
p4(X6, X0)	p4(a18, a30)	1
p8(X0, X0)	p8(X0, X0) :- p4(X0, X2)	1
p8(a78, a19)	p8(a78, a19)	1
p4(X0, X8)	p4(a54, a0)	1
p4(X0, X9)	p4(a5, a48)	1
p6(X4, X5)	p6(a63, a12)	1
p3(X5)	p3(a60)	1
p8(X0, X9)	p8(a67, a0)	1
p3(X5)	p3(a23)	1
p4(X7, X9)	p4(a77, a6)	1
p6(X3, X3)	p6(X6, X1) :- p4(a71, X6), p4(X1, X6)	1
p6(X4, X9)	p6(a12, a14)	1
p4(X3, X0)	p4(a5, a48)	1
p7(X0, X1)	p7(a14, a41)	1
p3(X5)	p3(a98)	1
p6(a81, a0)	p6(a81, a0)	1
p4(X0, X9)	p4(a31, a70)	1
p4(X0, a26)	p4(a43, a26)	1
p8(X0, X8)	p8(a77, a10)	1
p4(X0, X6)	p4(a33, a32)	1
p4(X3, X0)	p4(a31, a70)	1
p7(X0, X1)	p7(a42, a11)	1
p4(X5, X0)	p4(a43, a86)	1
p8(X0, X4)	p8(X0, X0) :- p4(X0, X2)	1
p8(X0, X3)	p8(a89, a29)	1
p8(X0, X8)	p8(a0, a64)	1
p8(X0, X9)	p8(a3, a45)	1
p4(X8, X0)	p4(a43, a45)	1
p4(X0, a0)	p4(a54, a0)	1
p6(X0, X1)	p6(a42, a1)	1
p4(X0, X7)	p4(a18, a0)	1
p6(X9, X7)	p6(X6, X1) :- p4(a71, X6), p4(X1, X6)	1
p9(a42, a42)	p9(X6, X6) :- p4(X3, X6)	1
p4(X1, a0)	p4(a54, a0)	1
p4(X0, X7)	p4(a5, a48)	1
p4(X0, X9)	p4(a77, a6)	1
p7(X0, X1)	p7(a28, a97)	1
p8(X0, X4)	p8(a61, a28)	1
p6(X9, X7)	p6(a33, a94)	1
p4(X5, X4)	p4(a0, a0)	1
p8(X0, X5)	p8(a11, a31)	1
p4(X0, X3)	p4(a43, a86)	1
p8(X0, X1)	p8(a12, a53)	1
p4(a21, X0)	p4(a21, a11)	1
p6(X4, X5)	p6(a16, a14)	1
p7(X0, X1)	p7(a0, a77)	1
p7(X0, X1)	p7(a15, a84)	1
p6(X4, X5)	p6(a42, a1)	1
p2(a12, a72, X0)	p2(a12, a72, a92)	1
p6(X0, X5)	p6(a12, a14)	1
p6(X9, X7)	p6(a48, a1)	1
p4(X7, X0)	p4(a3, a75)	1
p8(X7, X0)	p8(a58, a11)	1
p4(X0, X8)	p4(a16, a0)	1
p4(X0, X8)	p4(a60, a42)	1
p4(X1, X0)	p4(a31, a70)	1
p6(X0, X5)	p6(a37, a64)	1
p4(X3, X0)	p4(a18, a30)	1
p1(X1, X1, X6, X9)	p1(X8, a0, a5, X0) :- p8(X8, X0)	1
p8(X1, X0)	p8(a77, a28)	1
p9(X9, X9)	p9(X6, X6) :- p4(X3, X6)	1
p4(X6, X0)	p4(a70, a20)	1
p8(X0, X5)	p8(a58, a11)	1
p6(X0, X1)	p6(a28, a70)	1
p4(X0, X7)	p4(a77, a6)	1
p8(X0, X1)	p8(a44, a48)	1
p6(X0, X1)	p6(a27, a73)	1
p8(X1, X0)	p8(a75, a0)	1
p8(X0, X9)	p8(a11, a31)	1
p2(a16, a28, a51)	p2(a16, a28, a51)	1
p8(X0, X8)	p8(a0, a6)	1
p7(X0, X1)	p7(a17, a51)	1
p6(X0, X1)	p6(a31, a14)	1
p3(X5)	p3(a53)	1
p4(X6, X0)	p4(a43, a45)	1
p4(X1, X0)	p4(a77, a6)	1
p4(X8, X0)	p4(a43, a86)	1
p6(X0, X5)	p6(a21, a17)	1
p4(X0, a0)	p4(a16, a0)	1
p8(X0, X3)	p8(a71, a13)	1
p6(X4, X9)	p6(a14, a20)	1
p4(a91, X0)	p4(a91, a10)	1
p4(X0, X8)	p4(a43, a26)	1
p6(X0, X1)	p6(a33, a94)	1
p4(X5, X4)	p4(a43, a86)	1
p8(X7, X0)	p8(a75, a0)	1
p9(a11, a11)	p9(X6, X6) :- p4(X3, X6)	1
p6(X4, X5)	p6(a27, a73)	1
p8(X0, X5)	p8(a77, a28)	1
p4(X0, X9)	p4(a61, a27)	1
p4(X7, X9)	p4(a70, a20)	1
p6(X4, X5)	p6(a31, a14)	1
p6(X4, X9)	p6(a0, a12)	1
p8(X0, X8)	p8(a1, a53)	1
p7(X0, X1)	p7(a10, a86)	1
p6(a84, X5)	p6(a84, a32)	1
p3(X5)	p3(a90)	1
p6(X9, X7)	p6(a84, a0)	1
p4(X0, X3)	p4(a70, a75)	1
p8(X0, X4)	p8(a58, a11)	1
p8(X0, X9)	p8(a63, a50)	1
p8(X0, X5)	p8(a39, a91)	1
p6(X0, a5)	p6(a7, a5)	1
p6(X0, X1)	p6(a94, a12)	1
p6(X4, X9)	p6(a34, a40)	1
p4(X0, X2)	p4(a95, a39)	1
p8(X0, X8)	p8(a78, a19)	1
p8(X0, X3)	p8(a93, a1)	1
p1(a1, a0, X7, X8)	p1(X8, a0, a5, X0) :- p8(X8, X0)	1
p4(X2, X0)	p4(a70, a75)	1
p8(a95, X1)	p8(a95, a49)	1
p4(X0, X3)	p4(a0, a0)	1
p6(X0, X1)	p6(a58, a1)	1
p8(X0, X3)	p8(a63, a50)	1
p4(X0, X8)	p4(a91, a10)	1
p4(X3, X0)	p4(a70, a20)	1
p6(a0, X0)	p6(a0, a12)	1
p4(a5, X0)	p4(a5, a48)	1
p8(X0, a91)	p8(a39, a91)	1
p4(X5, X0)	p4(a61, a27)	1
p8(a1, a53)	p8(a1, a53)	1
p9(X3, X3)	p9(a0, a0)	1
p8(X0, X4)	p8(a6, a1)	1
p8(X0, X4)	p8(a0, a77)	1
p4(X0, X2)	p4(a0, a0)	1
p4(X7, X0)	p4(a31, a70)	1
p4(X6, X0)	p4(a43, a86)	1
p9(X2, X2)	p9(X6, X6) :- p4(X3, X6)	1
p8(X0, X3)	p8(a19, a67)	1
p4(X0, X8)	p4(a3, a75)	1
p2(a9, X1, X0)	p2(a9, a21, a35)	1
p8(X0, X3)	p8(X0, X0) :- p4(X0, X2)	1
p4(X1, X0)	p4(a43, a86)	1
p6(X0, X5)	p6(a0, a12)	1
p1(a10, X0, a47, a4)	p1(a10, a29, a47, a4)	1
p4(X0, X2)	p4(a13, a15)	1
p9(X0, X0)	p9(a0, a0)	1
p6(X4, X9)	p6(a2, a54)	1
p6(X4, X9)	p6(a2, a0)	1
p6(X0, X5)	p6(a42, a1)	1
p4(X7, X9)	p4(a21, a11)	1
p4(X8, X0)	p4(a0, a0)	1
p4(X7, X0)	p4(a77, a6)	1
p4(X0, X9)	p4(a70, a75)	1
p4(a17, X0)	p4(a17, a69)	1
p8(X0, X8)	p8(a61, a28)	1
p6(X0, X5)	p6(a78, a85)	1
p4(X3, X0)	p4(a70, a75)	1
p4(X6, X0)	p4(a54, a0)	1
p8(a0, X3)	p8(a0, a77)	1
p4(X8, X0)	p4(a60, a42)	1
p6(X0, X5)	p6(a4, a11)	1
p6(X4, X9)	p6(a16, a14)	1
p8(a0, X9)	p8(a0, a6)	1
p4(X5, a0)	p4(a20, a0)	1
p4(X0, X9)	p4(a0, a0)	1
p4(X0, X2)	p4(a43, a26)	1
p7(X0, X1)	p7(a72, a60)	1
p8(X2, a0)	p8(X0, X0) :- p4(X0, X2)	1
p8(X0, X8)	p8(a19, a67)	1
p6(X0, X1)	p6(a33, a10)	1
p6(X4, X9)	p6(a48, a1)	1
p8(X0, X8)	p8(a67, a0)	1
p8(a93, X5)	p8(a93, a1)	1
p9(X7, X7)	p9(X6, X6) :- p4(X3, X6)	1
p4(X0, X3)	p4(a5, a48)	1
p4(a54, X0)	p4(a54, a0)	1
p4(X0, X3)	p4(a13, a15)	1
p8(a95, X1)	p8(a95, a49)	1
p1(X8, a0, X5, a53)	p1(X8, a0, a5, X0) :- p8(X8, X0)	1
p4(X3, X0)	p4(a61, a27)	1
p4(X0, X8)	p4(a31, a70)	1
p8(X0, X5)	p8(a11, a31)	1
p4(X8, X0)	p4(a54, a0)	1
p6(X4, X5)	p6(a2, a54)	1
p4(X2, X0)	p4(a17, a69)	1
p4(X5, X4)	p4(a5, a48)	1
p8(X0, a70)	p8(X0, X0) :- p4(X0, X2)	1
p4(X7, X0)	p4(a61, a27)	1
p6(X9, X7)	p6(a31, a14)	1
p4(X7, X0)	p4(a43, a86)	1
p7(X0, a79)	p7(a17, a79)	1
p4(a61, X0)	p4(a61, a27)	1
p8(X0, a91)	p8(X0, X0) :- p4(X0, X2)	1
p6(X4, X9)	p6(a2, a54)	1
p4(X2, X0)	p4(a70, a20)	1
p1(X8, a0, X5, a53)	p1(X8, a0, a5, X0) :- p8(X8, X0)	1
p4(X8, X0)	p4(a43, a86)	1
p4(X5, X0)	p4(a3, a75)	1
p4(X1, X0)	p4(a18, a0)	1
p4(X0, X6)	p4(a18, a0)	1
p4(X3, X0)	p4(a70, a20)	1
p4(X1, X0)	p4(a91, a10)	1
p5(X0, a75, X1)	p5(a87, a75, a76)	1
p6(X9, X7)	p6(a58, a1)	1
p6(X0, X1)	p6(a33, a10)	1
p8(X0, a0)	p8(a75, a0)	1
p1(a78, X9, X7, X0)	p1(X8, a0, a5, X0) :- p8(X8, X0)	1
p4(X0, X7)	p4(a54, a0)	1
p6(X4, X9)	p6(a84, a32)	1
p8(X3, X3)	p8(X0, X0) :- p4(X0, X2)	1
p8(X0, X5)	p8(a67, a0)	1
p6(X0, X5)	p6(a35, a14)	1
p8(a95, X1)	p8(a95, a49)	1
p8(X0, X5)	p8(a0, a1)	1
p8(X0, X3)	p8(a58, a11)	1
p4(X0, X8)	p4(a22, a10)	1
p8(X0, X3)	p8(a1, a0)	1
p4(X0, X6)	p4(a18, a0)	1
p3(X5)	p3(a25)	1
p7(a17, X0)	p7(a17, a51)	1
p8(X0, X4)	p8(a78, a19)	1
p4(X8, X0)	p4(a77, a6)	1
p7(X0, X1)	p7(a58, a36)	1
p4(X7, X0)	p4(a61, a27)	1
p4(X5, X4)	p4(a18, a0)	1
p8(X0, X9)	p8(a93, a1)	1
p8(X0, X4)	p8(a0, a23)	1
p4(X0, a11)	p4(a21, a11)	1
p1(X0, X2, a5, X1)	p1(X8, a0, a5, X0) :- p8(X8, X0)	1
p4(X3, X0)	p4(a54, a0)	1
p4(X2, X0)	p4(a21, a11)	1
p8(X0, X5)	p8(a11, a31)	1
p8(a11, X4)	p8(a11, a31)	1
p8(X0, X9)	p8(a0, a77)	1
p9(X3, X3)	p9(X6, X6) :- p4(X3, X6)	1
p3(X5)	p3(a90)	1
p4(X0, X2)	p4(a60, a42)	1
p2(a9, X1, X0)	p2(a9, a21, a35)	1
p6(a0, X0)	p6(X6, X1) :- p4(a71, X6), p4(X1, X6)	1
p4(X5, X4)	p4(a0, a0)	1
p8(X0, X1)	p8(X0, X0) :- p4(X0, X2)	1
p8(X2, a0)	p8(a1, a0)	1
p4(X2, X0)	p4(a5, a48)	1
p7(X0, X1)	p7(a1, a73)	1
p4(X0, X8)	p4(a18, a30)	1
p4(X0, X2)	p4(a3, a75)	1
p4(a77, X0)	p4(a77, a6)	1
p6(X0, X5)	p6(a0, a13)	1
p4(X1, X0)	p4(a91, a10)	1
p4(X0, X2)	p4(a20, a0)	1
p7(X0, X1)	p7(a17, a51)	1
p8(X0, X0)	p8(X0, X0) :- p4(X0, X2)	1
p8(X0, X1)	p8(a0, a6)	1
p6(X4, X9)	p6(a2, a0)	1
p8(X0, X4)	p8(a0, a6)	1
p8(X0, X1)	p8(a61, a28)	1
p8(X0, a17)	p8(X0, X0) :- p4(X0, X2)	1
p4(X3, X0)	p4(a31, a70)	1
p8(X4, a28)	p8(a61, a28)	1
p4(X0, X9)	p4(a21, a11)	1
p8(a0, X3)	p8(a0, a10)	1
p8(X0, X8)	p8(a63, a50)	1
p3(X5)	p3(a82)	1
p6(X8, X8)	p6(X6, X1) :- p4(a71, X6), p4(X1, X6)	1
p6(X0, X5)	p6(X6, X1) :- p4(a71, X6), p4(X1, X6)	1
p6(X0, X5)	p6(a34, a40)	1
p4(X5, X0)	p4(a43, a86)	1
p4(X5, X0)	p4(a54, a0)	1
p1(a39, a0, a5, X0)	p1(X8, a0, a5, X0) :- p8(X8, X0)	1
p4(X7, X0)	p4(a43, a86)	1
p8(X0, X3)	p8(a61, a28)	1
p8(X0, X3)	p8(a75, a0)	1
p8(X0, X5)	p8(a75, a0)	1
p4(X0, X3)	p4(a71, a0)	1
p5(X0, a75, X1)	p5(a87, a75, a76)	1
p3(X5)	p3(a83)	1
p8(a39, X0)	p8(a39, a91)	1
p4(X0, X7)	p4(a33, a32)	1
p4(X3, X0)	p4(a95, a39)	1
p8(X0, X8)	p8(a67, a0)	1
p6(X9, X7)	p6(a42, a1)	1
p4(X0, X3)	p4(a0, a0)	1
p4(X3, X0)	p4(a5, a48)	1
p8(X0, X5)	p8(a6, a1)	1
p4(X8, X0)	p4(a77, a6)	1
p6(X4, X5)	p6(X6, X1) :- p4(a71, X6), p4(X1, X6)	1
p4(X0, X6)	p4(a3, a75)	1
p8(X0, X9)	p8(a12, a53)	1
p6(X9, X7)	p6(a14, a20)	1
p4(X0, X3)	p4(a5, a48)	1
p4(X1, X0)	p4(a22, a10)	1
p4(X0, X3)	p4(a77, a6)	1
p4(X1, X0)	p4(a22, a10)	1
p1(a93, X2, X3, X5)	p1(X8, a0, a5, X0) :- p8(X8, X0)	1
p1(a93, a0, X1, X0)	p1(X8, a0, a5, X0) :- p8(X8, X0)	1
p6(X4, X5)	p6(a33, a94)	1
p6(X0, X1)	p6(a27, a73)	1
p4(X5, X4)	p4(a18, a0)	1
p4(X8, X0)	p4(a77, a6)	1
p4(X7, X0)	p4(a18, a0)	1
p4(X7, X0)	p4(a16, a0)	1
p6(a2, X5)	p6(a2, a0)	1
p8(X0, X5)	p8(a67, a0)	1
p6(X4, X9)	p6(a34, a48)	1
p4(X0, X6)	p4(a5, a48)	1
p4(X7, X9)	p4(a43, a45)	1
p8(X0, X9)	p8(a19, a67)	1
p8(X0, X5)	p8(a77, a10)	1
p8(X0, X5)	p8(a44, a48)	1
p6(X0, a73)	p6(a27, a73)	1
p4(X0, X1)	p4(a3, a75)	1
p8(X0, a0)	p8(X0, X0) :- p4(X0, X2)	1
p6(X9, X7)	p6(a2, a12)	1
p4(X0, X2)	p4(a70, a75)	1
p4(X0, X1)	p4(a43, a45)	1
p4(X5, X4)	p4(a70, a75)	1
p8(X0, X8)	p8(a3, a45)	1
p1(X4, X2, X7, a29)	p1(X8, a0, a5, X0) :- p8(X8, X0)	1
p8(X0, X8)	p8(a44, a48)	1
p4(X0, X6)	p4(a18, a0)	1
p8(X1, X0)	p8(a67, a0)	1
p7(X0, X1)	p7(a7, a32)	1
p8(X0, X9)	p8(a39, a91)	1
p4(X0, X6)	p4(a0, a0)	1
p8(a0, X3)	p8(X0, X0) :- p4(X0, X2)	1
p6(X9, X7)	p6(a27, a73)	1
p3(X5)	p3(a96)	1
p7(X0, X1)	p7(a10, a86)	1
p4(X0, X2)	p4(a17, a69)	1
p8(X0, X4)	p8(a77, a10)	1
p4(X0, X9)	p4(a43, a45)	1
p6(X4, X5)	p6(a18, a0)	1
p8(X0, X8)	p8(a95, a16)	1
p4(X0, X8)	p4(a22, a10)	1
p8(X0, X3)	p8(a39, a91)	1
p8(X0, X8)	p8(a39, a91)	1
p6(X4, X9)	p6(a78, a85)	1
p6(X8, a18)	p6(X6, X1) :- p4(a71, X6), p4(X1, X6)	1
p8(X0, X5)	p8(a71, a37)	1
p6(X9, X7)	p6(a13, a5)	1
p4(X0, X3)	p4(a71, a0)	1
p6(X0, X5)	p6(a94, a12)	1
p8(a77, X7)	p8(a77, a10)	1
p4(X0, X8)	p4(a0, a0)	1
p4(X0, X3)	p4(a22, a10)	1
p4(X7, X0)	p4(a33, a32)	1
p6(X9, X7)	p6(a35, a14)	1
p8(a39, X0)	p8(a39, a91)	1
p8(X0, X1)	p8(X0, X0) :- p4(X0, X2)	1
p5(X0, a75, X1)	p5(a87, a75, a76)	1
p4(X7, X9)	p4(a0, a2)	1
p4(X3, X0)	p4(a18, a0)	1
p4(X0, X8)	p4(a70, a20)	1
p6(X4, X9)	p6(a84, a0)	1
p8(X0, X3)	p8(a0, a6)	1
p6(X0, X1)	p6(a14, a20)	1
p8(X0, X4)	p8(a0, a6)	1
p4(X2, X0)	p4(a5, a48)	1
p4(X0, X1)	p4(a22, a10)	1
p4(X1, a0)	p4(a18, a0)	1
p8(X0, X4)	p8(a78, a19)	1
p4(X0, X1)	p4(a5, a48)	1
p4(a18, X8)	p4(a18, a0)	1
p4(a18, X8)	p4(a18, a0)	1
p6(X4, X9)	p6(a42, a1)	1
p4(X0, X6)	p4(a0, a0)	1
p6(X4, X9)	p6(a84, a32)	1
p4(X3, X0)	p4(a0, a0)	1
p8(X7, X0)	p8(a93, a17)	1
p9(X9, X9)	p9(a0, a0)	1
p4(X0, X8)	p4(a91, a10)	1
p8(a0, X9)	p8(a0, a6)	1
p8(X0, X4)	p8(a58, a11)	1
p8(X0, X5)	p8(a71, a37)	1
p8(a0, X3)	p8(a0, a10)	1
p4(X0, X1)	p4(a70, a20)	1
p8(X0, X5)	p8(a44, a48)	1
p8(X0, X1)	p8(a0, a23)	1
p4(X0, X6)	p4(a17, a69)	1
p4(X5, X0)	p4(a17, a69)	1
p6(X9, X7)	p6(a60, a10)	1
p1(X4, X2, X7, a29)	p1(X8, a0, a5, X0) :- p8(X8, X0)	1
p4(X0, X7)	p4(a17, a69)	1
p6(X4, X9)	p6(a42, a1)	1
p4(X0, X6)	p4(a70, a75)	1
p8(X0, X9)	p8(a67, a0)	1
p8(X0, X1)	p8(a1, a53)	1
p4(X3, X0)	p4(a13, a15)	1
p4(X0, X2)	p4(a95, a39)	1
p8(X0, X4)	p8(a0, a6)	1
p8(X2, X2)	p8(X0, X0) :- p4(X0, X2)	1
p8(X0, X8)	p8(a71, a37)	1
p1(X8, a0, X5, a53)	p1(X8, a0, a5, X0) :- p8(X8, X0)	1
p8(X0, X4)	p8(a67, a0)	1
p4(a0, a2)	p4(a0, a2)	1
p6(X4, X5)	p6(a31, a14)	1
p6(X0, X5)	p6(a48, a1)	1
p4(X0, X8)	p4(a17, a69)	1
p6(X4, X9)	p6(a34, a40)	1
p8(X0, X9)	p8(a61, a28)	1
p8(X0, X5)	p8(a63, a50)	1
p4(X7, X9)	p4(a0, a2)	1
p6(X4, X5)	p6(a58, a1)	1
p4(X5, X4)	p4(a91, a10)	1
p8(X1, X0)	p8(a61, a28)	1
p6(X0, X1)	p6(a33, a10)	1
p8(X0, X9)	p8(a1, a53)	1
p8(X0, X5)	p8(a61, a28)	1
p4(X1, X0)	p4(a61, a27)	1
p6(X4, X5)	p6(a63, a12)	1
p6(X4, X5)	p6(a99, a16)	1
p1(a22, X1, X0, a22)	p1(X8, a0, a5, X0) :- p8(X8, X0)	1
p1(a22, X1, X0, a22)	p1(X8, a0, a5, X0) :- p8(X8, X0)	1
p8(X7, X0)	p8(a58, a11)	1
p8(X0, X9)	p8(a77, a10)	1
p4(X2, X0)	p4(a31, a70)	1
p8(X0, X5)	p8(a11, a31)	1
p8(X7, X0)	p8(a0, a1)	1
p7(X0, X1)	p7(a17, a51)	1
p1(X0, a21, X2, a13)	p1(a29, a21, a1, a13)	1
p4(X6, X0)	p4(a91, a10)	1
p6(X9, X7)	p6(a37, a64)	1
p8(a39, X0)	p8(a39, a91)	1
p4(X0, X8)	p4(a33, a32)	1
p4(X6, X0)	p4(a43, a86)	1
p7(X0, a79)	p7(a17, a79)	1
p6(X0, X5)	p6(a7, a5)	1
p4(X0, X6)	p4(a18, a0)	1
p4(X0, X2)	p4(a43, a86)	1
p4(X0, X3)	p4(a17, a69)	1
p8(X0, X5)	p8(a3, a45)	1
p3(X5)	p3(a25)	1
p8(X0, X4)	p8(a71, a13)	1
p6(X0, X1)	p6(a16, a14)	1
p4(X8, X0)	p4(a43, a26)	1
p6(X0, X1)	p6(a34, a48)	1
p1(X8, a0, X5, a53)	p1(X8, a0, a5, X0) :- p8(X8, X0)	1
p4(X0, X7)	p4(a13, a15)	1
p4(X1, X0)	p4(a61, a27)	1
p4(X0, X3)	p4(a33, a32)	1
p4(a21, X0)	p4(a21, a11)	1
p4(X8, X0)	p4(a43, a86)	1
p6(X0, X1)	p6(a0, a13)	1
p6(X9, X7)	p6(a7, a16)	1
p8(X6, X6)	p8(X0, X0) :- p4(X0, X2)	1
p4(X3, X0)	p4(a31, a70)	1
p8(X0, X8)	p8(a77, a10)	1
p6(X4, X9)	p6(a29, a1)	1
p8(X0, X4)	p8(a78, a19)	1
p8(X0, X3)	p8(a61, a28)	1
p8(X8, a53)	p8(a1, a53)	1
p8(X0, X1)	p8(a39, a91)	1
p8(X0, a71)	p8(X0, X0) :- p4(X0, X2)	1
p8(X0, X9)	p8(a95, a49)	1
p6(X4, X9)	p6(a48, a1)	1
p8(X0, X5)	p8(a71, a37)	1
p4(X0, X8)	p4(a13, a15)	1
p4(X0, X1)	p4(a71, a0)	1
p8(X0, X3)	p8(a61, a28)	1
p6(X4, X9)	p6(a12, a14)	1
p8(a95, X1)	p8(X0, X0) :- p4(X0, X2)	1
p4(X0, X9)	p4(a21, a11)	1
p6(X9, X7)	p6(a37, a64)	1
p3(X5)	p3(a83)	1
p8(X0, X5)	p8(a0, a1)	1
p7(X0, X1)	p7(a10, a86)	1
p6(X9, X7)	p6(a33, a94)	1
p4(X9, a0)	p4(a20, a0)	1
p4(X5, a0)	p4(a16, a0)	1
p4(X1, X0)	p4(a21, a11)	1
p6(X4, X9)	p6(a84, a0)	1
p1(a11, X3, X0, X4)	p1(X8, a0, a5, X0) :- p8(X8, X0)	1
p6(X0, X5)	p6(a2, a54)	1
p4(X1, a0)	p4(a54, a0)	1
p4(X5, X4)	p4(a17, a69)	1
p1(X0, a21, X2, a13)	p1(a29, a21, a1, a13)	1
p4(X0, X8)	p4(a5, a48)	1
p7(X0, X1)	p7(a10, a86)	1
p4(X3, X0)	p4(a43, a26)	1
p4(X0, X1)	p4(a31, a70)	1
p2(X83, a48, X81)	p2(a91, a48, a0)	0
p8(X0, a21)	p8(X0, X0) :- p4(X0, X2)	0
p2(X9, a48, X81)	p2(a11, a48, a0)	0
p2(X8, a48, a0)	p2(a70, a48, a0)	0
p4(a71, X64)	p4(a71, a69)	0
p2(X5, a48, X80)	p2(a10, a48, a0)	0
p2(X0, a48, X0)	p2(a5, a48, a5)	0
p2(X8, a48, a0)	p2(a33, a48, a0)	0
p2(X3, a48, X3)	p2(a31, a48, a31)	0
p2(X71, a48, X11)	p2(a91, a48, a0)	0
p1(a27, a51, a28, X93)	p1(a27, a51, a28, a0)	0
p2(X72, a48, X12)	p2(a64, a48, X81)	0
p2(a18, a48, a27)	p2(a18, a48, a27)	0
p2(X0, a48, X83)	p2(a84, a48, a0)	0
p2(a16, X50, X10)	p2(a16, a29, a32)	0
p4(a71, X60)	p4(a71, a32)	0
p2(X83, a48, X82)	p2(a18, a48, a0)	0
p2(a71, a48, a27)	p2(a71, a48, a27)	0
p2(X0, a48, X83)	p2(a11, a48, a0)	0
p1(a27, a79, X0, X92)	p1(a27, a79, X0, a33)	0
p1(a27, a79, X0, X92)	p1(a27, a79, X0, a77)	0
p2(X90, a48, X81)	p2(a91, a48, X81)	0
p2(X9, a48, X81)	p2(a29, a48, a0)	0
p2(X8, a48, X8)	p2(a3, a48, a3)	0
p1(a27, a79, X0, X91)	p1(a27, a79, X0, a31)	0
p8(X0, X3)	p8(X1, X7) :- p4(X1, X1), p2(X7, a48, X1), p8(X8, X7)	0
p2(X75, a48, X15)	p2(a31, a48, X84)	0
p1(a27, a51, a28, X93)	p1(a27, a51, a28, a17)	0
p2(X3, a48, a0)	p2(a31, a48, a0)	0
p2(X9, a48, a0)	p2(a43, a48, a0)	0
p4(X10, X10)	p4(a16, a16)	0
p4(X3, X3)	p4(a33, a33)	0
p2(X71, a48, X11)	p2(a16, a48, a16)	0
p2(X9, a48, X83)	p2(a77, a48, X83)	0
p2(X83, a48, X82)	p2(a54, a48, a0)	0
p2(X72, a48, X12)	p2(a10, a48, X81)	0
p2(X0, a48, X7)	p2(a11, a48, a0)	0
p4(X90, X90)	p4(a31, a31)	0
p2(X75, a48, X15)	p2(a23, a48, X83)	0
p2(a16, X50, X10)	p2(a16, a5, a62)	0
p8(a27, a5)	p8(X1, X7) :- p4(X1, X1), p2(X7, a48, X1), p8(X8, X7)	0
p1(a27, a79, X0, X91)	p1(a27, a79, X0, a70)	0
p2(X0, a48, X81)	p2(a16, a48, a0)	0
p2(X70, a48, X10)	p2(a50, a48, a50)	0
p2(X3, a48, X3)	p2(a95, a48, a95)	0
p2(X71, a48, X11)	p2(a28, a48, a0)	0
p6(a2, a0)	p6(X6, X1) :- p4(a71, X6), p4(X1, X6)	0
p2(X71, a48, X11)	p2(a50, a48, a77)	0
p2(X0, a48, X80)	p2(a28, a48, a0)	0
p2(X72, a48, X12)	p2(a23, a48, X81)	0
p4(a71, X61)	p4(a71, a32)	0
p2(a16, X50, X10)	p2(a16, a13, a29)	0
p1(a27, a79, X0, X91)	p1(a27, a79, X0, a13)	0
p1(a27, X1, X0, a22)	p1(X8, a0, a5, X0) :- p8(X8, X0)	0
p2(X4, a48, X82)	p2(a67, a48, a0)	0
p2(X74, a48, X14)	p2(a23, a48, X83)	0
p4(a71, X64)	p4(a71, a75)	0
p8(X4, a29)	p8(X1, X7) :- p4(X1, X1), p2(X7, a48, X1), p8(X8, X7)	0
p2(X70, a48, X10)	p2(a6, a48, a6)	0
p2(X3, a48, a0)	p2(a20, a48, a0)	0
p8(X0, a71)	p8(X1, X7) :- p4(X1, X1), p2(X7, a48, X1), p8(X8, X7)	0
p4(a71, X60)	p4(a71, a39)	0
p4(a71, X61)	p4(a71, a11)	0
p8(a77, X7)	p8(X1, X7) :- p4(X1, X1), p2(X7, a48, X1), p8(X8, X7)	0
p2(X71, a48, X11)	p2(a1, a48, X80)	0
p8(X2, a0)	p8(X1, X7) :- p4(X1, X1), p2(X7, a48, X1), p8(X8, X7)	0
p2(X4, a48, X81)	p2(a84, a48, a0)	0
p8(X0, a11)	p8(X1, X7) :- p4(X1, X1), p2(X7, a48, X1), p8(X8, X7)	0
p2(X8, a48, a0)	p2(a31, a48, a0)	0
p2(X71, a48, X11)	p2(a29, a48, a29)	0
p2(X8, a48, a77)	p2(a22, a48, a77)	0
p2(X82, a48, X81)	p2(a77, a48, a0)	0
p2(X71, a48, X11)	p2(a6, a48, a77)	0
p2(X71, a48, X11)	p2(a67, a48, a67)	0
p2(X8, a48, X8)	p2(a70, a48, a70)	0
p1(a27, a79, X0, X90)	p1(a27, a79, X0, a0)	0
p2(X90, a48, X81)	p2(a54, a48, X81)	0
p2(X9, a48, a0)	p2(a0, a48, a0)	0
p4(X90, X90)	p4(a95, a95)	0
p4(X10, X10)	p4(a64, a64)	0
p4(X3, X3)	p4(a21, a21)	0
p2(X8, a48, a77)	p2(a31, a48, a77)	0
p6(a78, a0)	p6(X6, X1) :- p4(a71, X6), p4(X1, X6)	0
p2(X74, a48, X14)	p2(a17, a48, a17)	0
p2(X4, a48, X82)	p2(a28, a48, a0)	0
p2(X9, a48, a0)	p2(a3, a48, a0)	0
p4(X90, X90)	p4(a43, a43)	0
p2(X74, a48, X14)	p2(a37, a48, a37)	0
p2(X74, a48, X14)	p2(a48, a48, X83)	0
p2(X8, a48, X80)	p2(a13, a48, X80)	0
p2(X82, a48, X81)	p2(a0, a48, a0)	0
p2(X78, a48, X18)	p2(a0, a48, X86)	0
p8(X0, a70)	p8(X0, X0) :- p4(X0, X2)	0
p2(X93, a48, X93)	p2(a20, a48, a20)	0
p1(a27, a51, a28, X93)	p1(a27, a51, a28, a31)	0
p1(a27, a79, X0, X92)	p1(a27, a79, X0, a5)	0
p2(X74, a48, X14)	p2(a64, a48, a64)	0
p2(X9, a48, a0)	p2(a22, a48, a0)	0
p2(a16, X51, X11)	p2(a16, a58, a36)	0
p2(a16, X51, X11)	p2(a16, a28, a70)	0
p2(X0, a48, X0)	p2(a61, a48, a61)	0
p2(X5, a48, X80)	p2(a91, a48, X80)	0
p4(X11, X11)	p4(a45, a45)	0
p2(X0, a48, a0)	p2(a61, a48, a0)	0
p2(X3, a48, X81)	p2(a95, a48, X81)	0
p2(X5, a48, X80)	p2(a17, a48, X80)	0
p2(X70, a48, X10)	p2(a19, a48, a19)	0
p2(X0, a48, X0)	p2(a71, a48, a71)	0
p2(X70, a48, X10)	p2(a11, a48, a11)	0
p2(X8, a48, X8)	p2(a60, a48, a60)	0
p2(X83, a48, X82)	p2(a91, a48, a0)	0
p2(X9, a48, a0)	p2(a60, a48, a0)	0
p2(X75, a48, X15)	p2(a11, a48, X84)	0
p8(X2, X2)	p8(X1, X7) :- p4(X1, X1), p2(X7, a48, X1), p8(X8, X7)	0
p2(X8, a48, a0)	p2(a5, a48, a0)	0
p2(X0, a48, X81)	p2(a50, a48, a0)	0
p1(a27, X1, X0, a54)	p1(X8, a0, a5, X0) :- p8(X8, X0)	0
p4(X90, X90)	p4(a60, a60)	0
p2(X0, a48, a0)	p2(a3, a48, a0)	0
p2(X75, a48, X15)	p2(a6, a48, X84)	0
p2(X71, a48, X11)	p2(a77, a48, X80)	0
p1(a27, a79, X0, X92)	p1(a27, a79, X0, a95)	0
p2(X0, a48, a0)	p2(a70, a48, a0)	0
p8(X8, a53)	p8(X0, X0) :- p4(X0, X2)	0
p6(a84, a0)	p6(X6, X1) :- p4(a71, X6), p4(X1, X6)	0
p3(X5)	p3(X0) :- p6(X2, a0), p6(X2, X0)	0
p2(X74, a48, X14)	p2(a29, a48, X83)	0
p1(a27, X1, X0, a91)	p1(X8, a0, a5, X0) :- p8(X8, X0)	0
p2(X83, a48, X81)	p2(a61, a48, a0)	0
p2(X0, a48, X81)	p2(a91, a48, a0)	0
p4(X90, X90)	p4(a70, a70)	0
p2(X8, a48, X83)	p2(a31, a48, a0)	0
p2(X4, a48, X81)	p2(a0, a48, a0)	0
p2(X4, a48, X82)	p2(a45, a48, a0)	0
p2(X9, a48, a0)	p2(a45, a48, a0)	0
p2(X8, a48, X80)	p2(a28, a48, a0)	0
p2(X0, a48, X80)	p2(a10, a48, a0)	0
p8(a27, X0)	p8(X0, X0) :- p4(X0, X2)	0
p2(X3, a48, X81)	p2(a13, a48, X81)	0
p1(a27, X0, a80, X90)	p1(a27, X0, a80, a43)	0
p8(X6, X6)	p8(X1, X7) :- p4(X1, X1), p2(X7, a48, X1), p8(X8, X7)	0
p2(a16, X50, X10)	p2(a16, a30, a89)	0
p2(X70, a48, X10)	p2(a16, a48, a16)	0
p2(X71, a48, X11)	p2(a84, a48, X80)	0
p2(X8, a48, X80)	p2(a70, a48, X80)	0
p2(X4, a48, X81)	p2(a28, a48, a0)	0
p2(X83, a48, X81)	p2(a3, a48, a0)	0
p2(X5, a48, X80)	p2(a3, a48, X80)	0
p2(X9, a48, a0)	p2(a20, a48, a0)	0
p2(a16, X51, X11)	p2(a16, a42, a11)	0
p4(X3, X3)	p4(a61, a61)	0
p2(X71, a48, X11)	p2(a1, a48, a1)	0
p2(X4, a48, X81)	p2(a49, a48, a0)	0
p6(X0, a5)	p6(X6, X1) :- p4(a71, X6), p4(X1, X6)	0
p1(a27, a79, X0, X90)	p1(a27, a79, X0, a18)	0
p8(X1, X0)	p8(X1, X7) :- p4(X1, X1), p2(X7, a48, X1), p8(X8, X7)	0
p2(a16, X50, X10)	p2(a16, a17, a51)	0
p2(X83, a48, X81)	p2(a70, a48, a0)	0
p4(X11, X11)	p4(a31, a31)	0
p2(X93, a48, X93)	p2(a43, a48, a43)	0
p2(X4, a48, X82)	p2(a53, a48, a0)	0
p2(X72, a48, X12)	p2(a28, a48, X81)	0
p2(X9, a48, a0)	p2(a53, a48, a0)	0
p2(X5, a48, X5)	p2(a16, a48, a16)	0
p2(X5, a48, X5)	p2(a0, a48, a0)	0
p2(X0, a48, X81)	p2(a28, a48, a0)	0
p4(X11, X11)	p4(a23, a23)	0
p2(X72, a48, X12)	p2(a19, a48, X80)	0
p2(X72, a48, X12)	p2(a13, a48, X81)	0
p2(X4, a48, X82)	p2(a1, a48, a0)	0
p2(X3, a48, X81)	p2(a91, a48, X81)	0
p6(a34, a0)	p6(X6, X1) :- p4(a71, X6), p4(X1, X6)	0
p4(a22, a22)	p4(a22, a22)	0
p4(X10, X10)	p4(a31, a31)	0
p4(a71, X64)	p4(a71, a30)	0
p8(a11, X4)	p8(X1, X7) :- p4(X1, X1), p2(X7, a48, X1), p8(X8, X7)	0
p8(X0, a18)	p8(X1, X7) :- p4(X1, X1), p2(X7, a48, X1), p8(X8, X7)	0
p1(a27, X1, X0, a17)	p1(X8, a0, a5, X0) :- p8(X8, X0)	0
p4(X90, X90)	p4(a16, a16)	0
p2(a16, X51, X11)	p2(a16, a46, a11)	0
p2(X74, a48, X14)	p2(a53, a48, a53)	0
p2(X5, a48, X80)	p2(a61, a48, X80)	0
p2(X8, a48, X80)	p2(a54, a48, X80)	0
p2(a16, X51, X11)	p2(a16, a22, a57)	0
p1(a27, a79, X0, X92)	p1(a27, a79, X0, a43)	0
p2(X70, a48, X10)	p2(a29, a48, a29)	0
p2(a16, X50, X10)	p2(a16, a42, a11)	0
p2(X71, a48, X11)	p2(a31, a48, a0)	0
p2(X70, a48, X10)	p2(a67, a48, a67)	0
p2(X90, a48, X81)	p2(a0, a48, X81)	0
p2(X0, a48, X83)	p2(a10, a48, a0)	0
p2(X75, a48, X15)	p2(a67, a48, X84)	0
p2(X0, a48, X80)	p2(a31, a48, a0)	0
p2(X71, a48, X11)	p2(a29, a48, X4)	0
p1(a27, X1, X0, a43)	p1(X8, a0, a5, X0) :- p8(X8, X0)	0
p2(X8, a48, X81)	p2(a50, a48, a0)	0
p4(a71, X63)	p4(a71, a2)	0
p2(X8, a48, X80)	p2(a5, a48, X80)	0
p2(X72, a48, X12)	p2(a91, a48, X81)	0
p1(a27, a79, X0, X92)	p1(a27, a79, X0, a18)	0
p6(a16, a0)	p6(X6, X1) :- p4(a71, X6), p4(X1, X6)	0
p2(X0, a48, X0)	p2(a0, a48, a0)	0
p4(X11, X11)	p4(a19, a19)	0
p2(X8, a48, X81)	p2(a91, a48, a0)	0
p6(a99, a0)	p6(X6, X1) :- p4(a71, X6), p4(X1, X6)	0
p1(a27, a79, X0, X91)	p1(a27, a79, X0, a0)	0
p8(a93, X0)	p8(X0, X0) :- p4(X0, X2)	0
p2(X9, a48, a0)	p2(a77, a48, a0)	0
p2(X74, a48, X14)	p2(a23, a48, a23)	0
p6(a81, a0)	p6(X6, X1) :- p4(a71, X6), p4(X1, X6)	0
p2(X74, a48, X14)	p2(a77, a48, a77)	0
p8(X0, a91)	p8(X1, X7) :- p4(X1, X1), p2(X7, a48, X1), p8(X8, X7)	0
p2(X81, a48, X80)	p2(a43, a48, a0)	0
p4(a71, X64)	p4(a71, a27)	0
p2(X4, a48, X81)	p2(a53, a48, a0)	0
p1(a27, a79, X0, X90)	p1(a27, a79, X0, a71)	0
p1(X1, X0, X1, a33)	p1(X8, a0, a5, X0) :- p8(X8, X0)	0
p2(a21, a48, a27)	p2(a21, a48, a27)	0
p2(X8, a48, X80)	p2(a77, a48, X80)	0
p2(a16, X50, X10)	p2(a16, a1, a90)	0
p8(a22, a22)	p8(X1, X7) :- p4(X1, X1), p2(X7, a48, X1), p8(X8, X7)	0
p2(X8, a48, a0)	p2(a43, a48, a0)	0
p2(X9, a48, X81)	p2(a53, a48, a0)	0
p6(a37, a0)	p6(X6, X1) :- p4(a71, X6), p4(X1, X6)	0
p2(X8, a48, X80)	p2(a10, a48, a0)	0
p1(a27, X0, a80, X90)	p1(a27, X0, a80, a0)	0
p2(X74, a48, X14)	p2(a0, a48, X83)	0
p2(X0, a48, a0)	p2(a5, a48, a0)	0
p2(X0, a48, a0)	p2(a77, a48, a0)	0
p2(X8, a48, X8)	p2(a43, a48, a43)	0
p1(a27, a79, X0, X90)	p1(a27, a79, X0, a16)	0
p2(X3, a48, X3)	p2(a5, a48, a5)	0
p2(X0, a48, X83)	p2(a31, a48, a0)	0
p2(X4, a48, X82)	p2(a23, a48, a0)	0
p2(X4, a48, X81)	p2(a10, a48, a0)	0
p2(X5, a48, X80)	p2(a13, a48, a0)	0
p2(X82, a48, X81)	p2(a54, a48, a0)	0
p2(X9, a48, a0)	p2(a49, a48, a0)	0
p2(X3, a48, X81)	p2(a17, a48, X81)	0
p2(X3, a48, X81)	p2(a20, a48, X81)	0
p2(X74, a48, X14)	p2(a28, a48, a28)	0
p2(X9, a48, X81)	p2(a10, a48, a0)	0
p1(a27, a79, X0, X90)	p1(a27, a79, X0, a33)	0
p2(X0, a48, X7)	p2(a31, a48, a0)	0
p2(X75, a48, X15)	p2(a50, a48, X83)	0
p2(X0, a48, X0)	p2(a77, a48, a77)	0
p2(a5, a48, a27)	p2(a5, a48, a27)	0
p2(X74, a48, X14)	p2(a19, a48, a19)	0
p1(a27, X0, a80, X90)	p1(a27, X0, a80, a61)	0
p1(a27, X0, a80, X90)	p1(a27, X0, a80, a91)	0
p2(X81, a48, X80)	p2(a0, a48, a0)	0
p2(X70, a48, X10)	p2(a1, a48, a1)	0
p2(X5, a48, X80)	p2(a50, a48, a0)	0
p2(X83, a48, X81)	p2(a5, a48, a0)	0
p2(X83, a48, X81)	p2(a77, a48, a0)	0
p2(X71, a48, X11)	p2(a29, a48, a0)	0
p8(X0, a19)	p8(X1, X7) :- p4(X1, X1), p2(X7, a48, X1), p8(X8, X7)	0
p2(a16, X51, X11)	p2(a16, a29, a32)	0
p2(X3, a48, a0)	p2(a18, a48, a0)	0
p1(a27, X0, a80, X90)	p1(a27, X0, a80, a95)	0
p4(X0, X0)	p4(a77, a77)	0
p2(X5, a48, X80)	p2(a48, a48, a0)	0
p7(a80, X0)	p7(X5, X1) :- p2(a16, X5, X1), p7(X5, X1)	0
p8(X0, a33)	p8(X1, X7) :- p4(X1, X1), p2(X7, a48, X1), p8(X8, X7)	0
p4(X10, X10)	p4(a45, a45)	0
p4(X0, X0)	p4(a13, a13)	0
p2(X72, a48, X12)	p2(a17, a48, X81)	0
p2(X8, a48, a0)	p2(a0, a48, a0)	0
p2(X9, a48, X81)	p2(a77, a48, a0)	0
p2(X93, a48, X93)	p2(a13, a48, a13)	0
p2(X74, a48, X14)	p2(a37, a48, X83)	0
p1(a27, X1, X0, a61)	p1(X8, a0, a5, X0) :- p8(X8, X0)	0
p2(X70, a48, X10)	p2(a45, a48, a45)	0
p2(X71, a48, X11)	p2(a48, a48, X80)	0
p2(X8, a48, X80)	p2(a31, a48, a0)	0
p1(a27, X1, X0, a21)	p1(X8, a0, a5, X0) :- p8(X8, X0)	0
p4(a71, X63)	p4(a71, a6)	0
p2(X8, a48, a0)	p2(a3, a48, a0)	0
p2(X0, a48, X81)	p2(a49, a48, a0)	0
p2(X9, a48, X83)	p2(a21, a48, X83)	0
p6(a58, a0)	p6(X6, X1) :- p4(a71, X6), p4(X1, X6)	0
p4(X11, X11)	p4(a28, a28)	0
p2(X71, a48, X11)	p2(a23, a48, X80)	0
p6(a27, a0)	p6(X6, X1) :- p4(a71, X6), p4(X1, X6)	0
p4(X11, X11)	p4(a37, a37)	0
p4(a71, X64)	p4(a71, a11)	0
p2(X8, a48, a0)	p2(a22, a48, a0)	0
p4(X0, X0)	p4(a20, a20)	0
p8(a0, X9)	p8(X1, X7) :- p4(X1, X1), p2(X7, a48, X1), p8(X8, X7)	0
p2(X81, a48, X81)	p2(a0, a48, a0)	0
p6(a7, a0)	p6(X6, X1) :- p4(a71, X6), p4(X1, X6)	0
p2(X72, a48, X12)	p2(a48, a48, X81)	0
p1(a27, a79, X0, X92)	p1(a27, a79, X0, a31)	0
p2(X3, a48, X3)	p2(a20, a48, a20)	0
p8(a27, a71)	p8(X1, X7) :- p4(X1, X1), p2(X7, a48, X1), p8(X8, X7)	0
p2(X0, a48, X81)	p2(a31, a48, a0)	0
p4(X10, X10)	p4(a37, a37)	0
p6(a81, X5)	p6(X6, X1) :- p4(a71, X6), p4(X1, X6)	0
p2(X0, a48, a0)	p2(a16, a48, a0)	0
p1(a27, X0, a80, X90)	p1(a27, X0, a80, a60)	0
p2(X8, a48, X81)	p2(a1, a48, a0)	0
p2(X5, a48, X80)	p2(a70, a48, X80)	0
p8(a27, a43)	p8(X1, X7) :- p4(X1, X1), p2(X7, a48, X1), p8(X8, X7)	0
p2(X82, a48, X81)	p2(a91, a48, a0)	0
p2(a16, X50, X10)	p2(a16, a43, a61)	0
p2(X90, a48, X81)	p2(a70, a48, X81)	0
p1(a27, a79, X0, X90)	p1(a27, a79, X0, a61)	0
p2(X0, a48, X7)	p2(a17, a48, a0)	0
p1(a27, a79, X0, X92)	p1(a27, a79, X0, a13)	0
p2(X3, a48, X3)	p2(a71, a48, a71)	0
p2(X71, a48, X11)	p2(a37, a48, a37)	0
p4(X3, X3)	p4(a20, a20)	0
p4(a71, X64)	p4(a71, a10)	0
p2(X75, a48, X15)	p2(a17, a48, X83)	0
p2(X0, a48, X0)	p2(a70, a48, a70)	0
p2(X83, a48, X82)	p2(a95, a48, a0)	0
p2(X75, a48, X15)	p2(a91, a48, X83)	0
p1(a27, a79, X0, X90)	p1(a27, a79, X0, a5)	0
p2(X3, a48, X81)	p2(a71, a48, X81)	0
p2(X74, a48, X14)	p2(a67, a48, a67)	0
p1(a27, X1, X0, a0)	p1(X8, a0, a5, X0) :- p8(X8, X0)	0
p4(X11, X11)	p4(a93, a93)	0
p8(a58, a11)	p8(X1, X7) :- p4(X1, X1), p2(X7, a48, X1), p8(X8, X7)	0
p2(X8, a48, X83)	p2(a0, a48, a0)	0
p2(X71, a48, X11)	p2(a64, a48, a64)	0
p2(a0, a48, X80)	p2(a0, a48, a0)	0
p2(X83, a48, X81)	p2(a16, a48, a0)	0
p2(X0, a48, a0)	p2(a43, a48, a0)	0
p8(X1, X1)	p8(X0, X0) :- p4(X0, X2)	0
p2(X3, a48, X3)	p2(a16, a48, a16)	0
p2(X74, a48, X14)	p2(a91, a48, X83)	0
p2(X75, a48, X15)	p2(a64, a48, X84)	0
p2(X4, a48, X81)	p2(a19, a48, a0)	0
p2(X8, a48, X8)	p2(a13, a48, a13)	0
p2(X5, a48, X80)	p2(a71, a48, X80)	0
p2(X9, a48, a0)	p2(a18, a48, a0)	0
p2(X3, a48, X81)	p2(a18, a48, X81)	0
p2(X4, a48, X81)	p2(a91, a48, a0)	0
p2(X71, a48, X11)	p2(a67, a48, a0)	0
p2(X8, a48, a77)	p2(a21, a48, a77)	0
p2(X0, a48, a0)	p2(a13, a48, a0)	0
p2(X8, a48, X83)	p2(a6, a48, a0)	0
p6(a21, a0)	p6(X6, X1) :- p4(a71, X6), p4(X1, X6)	0
p2(X0, a48, X80)	p2(a13, a48, a0)	0
p2(X3, a48, X81)	p2(a16, a48, X81)	0
p8(X0, a71)	p8(X0, X0) :- p4(X0, X2)	0
p2(a16, X50, X10)	p2(a16, a28, a97)	0
p2(a53, a48, X8)	p2(a53, a48, a0)	0
p8(X0, a11)	p8(X0, X0) :- p4(X0, X2)	0
p2(X9, a48, a0)	p2(a54, a48, a0)	0
p2(X83, a48, X82)	p2(a5, a48, a0)	0
p2(X3, a48, X81)	p2(a54, a48, X81)	0
p2(X74, a48, X14)	p2(a84, a48, X83)	0
p8(a27, a33)	p8(X1, X7) :- p4(X1, X1), p2(X7, a48, X1), p8(X8, X7)	0
p1(a27, X1, X0, a77)	p1(X8, a0, a5, X0) :- p8(X8, X0)	0
p8(a58, X5)	p8(X1, X7) :- p4(X1, X1), p2(X7, a48, X1), p8(X8, X7)	0
p1(a27, a79, X0, X90)	p1(a27, a79, X0, a22)	0
p2(X74, a48, X14)	p2(a16, a48, X83)	0
p2(X0, a48, X81)	p2(a29, a48, a0)	0
p2(X71, a48, X11)	p2(a0, a48, a77)	0
p2(X4, a48, X82)	p2(a6, a48, a0)	0
p8(X0, X4)	p8(X1, X7) :- p4(X1, X1), p2(X7, a48, X1), p8(X8, X7)	0
p2(X71, a48, X11)	p2(a0, a48, a0)	0
p2(X72, a48, X12)	p2(a16, a48, X81)	0
p2(X0, a48, X7)	p2(a84, a48, a0)	0
p2(X5, a48, X80)	p2(a77, a48, a0)	0
p2(X0, a48, X80)	p2(a0, a48, a0)	0
p2(X0, a48, X80)	p2(a48, a48, a0)	0
p4(X90, X90)	p4(a33, a33)	0
p4(X11, X11)	p4(a84, a84)	0
p2(X72, a48, X12)	p2(a50, a48, X81)	0
p2(X8, a48, a0)	p2(a77, a48, a0)	0
p2(X90, a48, X81)	p2(a22, a48, X81)	0
p2(X75, a48, X15)	p2(a28, a48, X83)	0
p4(X11, X11)	p4(a48, a48)	0
p2(X8, a48, X81)	p2(a37, a48, a0)	0
p2(X0, a48, a0)	p2(a22, a48, a0)	0
p2(X0, a48, X83)	p2(a13, a48, a0)	0
p8(X0, a53)	p8(X0, X0) :- p4(X0, X2)	0
p1(a27, X0, a80, X90)	p1(a27, X0, a80, a70)	0
p4(a71, X61)	p4(a71, a2)	0
p2(X9, a48, X83)	p2(a54, a48, X83)	0
p2(X5, a48, X5)	p2(a22, a48, a22)	0
p2(X71, a48, X11)	p2(a53, a48, a53)	0
p1(a27, X1, X0, a71)	p1(X8, a0, a5, X0) :- p8(X8, X0)	0
p2(X74, a48, X14)	p2(a28, a48, X83)	0
p2(X5, a48, X5)	p2(a61, a48, a61)	0
p4(a71, X60)	p4(a71, a26)	0
p4(X11, X11)	p4(a29, a29)	0
p2(X72, a48, X12)	p2(a1, a48, X81)	0
p2(X83, a48, X82)	p2(a17, a48, a0)	0
p1(a27, a79, X0, X91)	p1(a27, a79, X0, a18)	0
p2(X5, a48, X80)	p2(a22, a48, X80)	0
p2(X3, a48, X3)	p2(a21, a48, a21)	0
p2(X5, a48, X80)	p2(a49, a48, a0)	0
p8(a77, X8)	p8(X1, X7) :- p4(X1, X1), p2(X7, a48, X1), p8(X8, X7)	0
p2(X9, a48, X83)	p2(a13, a48, X83)	0
p2(X0, a48, X0)	p2(a20, a48, a20)	0
p2(X75, a48, X15)	p2(a23, a48, X84)	0
p2(X80, a48, X80)	p2(a0, a48, a0)	0
p2(a0, a48, X84)	p2(a0, a48, a0)	0
p1(a27, a79, X0, X90)	p1(a27, a79, X0, a3)	0
p2(X71, a48, X11)	p2(a49, a48, a77)	0
p2(a91, a48, X8)	p2(a91, a48, a0)	0
p2(X0, a48, X83)	p2(a0, a48, a0)	0
p2(X8, a48, X83)	p2(a10, a48, a0)	0
p2(X73, a48, X13)	p2(a91, a48, a0)	0
p2(X0, a48, X83)	p2(a48, a48, a0)	0
p2(X70, a48, X10)	p2(a37, a48, a37)	0
p2(X9, a48, a0)	p2(a19, a48, a0)	0
p2(X71, a48, X11)	p2(a23, a48, a23)	0
p2(X71, a48, X11)	p2(a45, a48, a0)	0
p2(X71, a48, X11)	p2(a77, a48, a77)	0
p2(X3, a48, X3)	p2(a54, a48, a54)	0
p2(X9, a48, a0)	p2(a91, a48, a0)	0
p8(a1, X8)	p8(X0, X0) :- p4(X0, X2)	0
p2(X70, a48, X10)	p2(a64, a48, a64)	0
p2(X8, a48, X81)	p2(a64, a48, a0)	0
p2(X5, a48, X80)	p2(a18, a48, X80)	0
p6(a42, a0)	p6(X6, X1) :- p4(a71, X6), p4(X1, X6)	0
p2(X9, a48, X81)	p2(a6, a48, a0)	0
p2(X8, a48, X81)	p2(a29, a48, a0)	0
p8(X0, a54)	p8(X1, X7) :- p4(X1, X1), p2(X7, a48, X1), p8(X8, X7)	0
p2(X8, a48, X80)	p2(a19, a48, a0)	0
p2(X0, a48, X7)	p2(a0, a48, a0)	0
p2(a16, X51, X11)	p2(a16, a79, a35)	0
p4(X0, X0)	p4(a60, a60)	0
p2(X93, a48, X93)	p2(a91, a48, a91)	0
p8(X1, a49)	p8(X0, X0) :- p4(X0, X2)	0
p2(X4, a48, X81)	p2(a13, a48, a0)	0
p8(X0, a61)	p8(X0, X0) :- p4(X0, X2)	0
p2(X0, a48, X83)	p2(a6, a48, a0)	0
p8(a27, a17)	p8(X1, X7) :- p4(X1, X1), p2(X7, a48, X1), p8(X8, X7)	0
p2(X71, a48, X11)	p2(a53, a48, a0)	0
p2(X0, a48, X80)	p2(a53, a48, a0)	0
p2(X75, a48, X15)	p2(a48, a48, X84)	0
p2(X71, a48, X11)	p2(a11, a48, X80)	0
p2(X81, a48, X80)	p2(a21, a48, a0)	0
p1(X4, X2, X7, a29)	p1(X8, a0, a5, X0) :- p8(X8, X0)	0
p2(X70, a48, X10)	p2(a19, a48, a0)	0
p1(a27, X0, a80, X90)	p1(a27, X0, a80, a22)	0
p2(X71, a48, X11)	p2(a11, a48, a77)	0
p2(X71, a48, X11)	p2(a45, a48, a77)	0
p2(X75, a48, X15)	p2(a31, a48, X83)	0
p1(a27, X0, a80, X90)	p1(a27, X0, a80, a18)	0
p2(X3, a48, X3)	p2(a77, a48, a77)	0
p2(X81, a48, X80)	p2(a91, a48, a0)	0
p2(X8, a48, X83)	p2(a37, a48, a0)	0
p2(X0, a48, X81)	p2(a67, a48, a0)	0
p2(X90, a48, X81)	p2(a33, a48, X81)	0
p1(a27, a51, a28, X93)	p1(a27, a51, a28, a43)	0
p2(X0, a48, X7)	p2(a6, a48, a0)	0
p2(X0, a48, X81)	p2(a19, a48, a0)	0
p2(X8, a48, X80)	p2(a0, a48, a0)	0
p2(X71, a48, X11)	p2(a64, a48, X80)	0
p2(X5, a48, X80)	p2(a20, a48, X80)	0
p2(X71, a48, X11)	p2(a10, a48, a0)	0
p1(a27, a79, X0, X91)	p1(a27, a79, X0, a71)	0
p2(X4, a48, X81)	p2(a48, a48, a0)	0
p2(X0, a48, X0)	p2(a43, a48, a43)	0
p2(X74, a48, X14)	p2(a31, a48, X83)	0
p1(a27, a51, a28, X93)	p1(a27, a51, a28, a61)	0
p2(X3, a48, a0)	p2(a71, a48, a0)	0
p2(X75, a48, X15)	p2(a16, a48, a27)	0
p2(X8, a48, X8)	p2(a5, a48, a5)	0
p2(X90, a48, X81)	p2(a3, a48, X81)	0
p2(X83, a48, X82)	p2(a13, a48, a0)	0
p2(X8, a48, X80)	p2(a33, a48, X80)	0
p2(X83, a48, X82)	p2(a70, a48, a0)	0
p2(X74, a48, X14)	p2(a67, a48, X83)	0
p1(a27, X1, X0, a95)	p1(X8, a0, a5, X0) :- p8(X8, X0)	0
p4(a71, X63)	p4(a71, a45)	0
p2(X8, a48, X80)	p2(a6, a48, a0)	0
p2(X9, a48, X81)	p2(a84, a48, a0)	0
p4(X10, X10)	p4(a10, a10)	0
p2(X71, a48, X11)	p2(a77, a48, a0)	0
p2(a16, X50, X10)	p2(a16, a18, a19)	0
p2(X5, a48, X80)	p2(a60, a48, X80)	0
p2(X0, a48, X80)	p2(a77, a48, a0)	0
p2(X82, a48, X81)	p2(a20, a48, a0)	0
p2(X75, a48, X15)	p2(a19, a48, X83)	0
p2(X9, a48, X83)	p2(a43, a48, X83)	0
p8(X0, a22)	p8(X0, X0) :- p4(X0, X2)	0
p2(X9, a48, X83)	p2(a22, a48, X83)	0
p2(X71, a48, X11)	p2(a45, a48, X80)	0
p2(a16, X50, X10)	p2(a16, a7, a32)	0
p2(X72, a48, X12)	p2(a29, a48, X81)	0
p4(a71, X63)	p4(a71, a70)	0
p2(X5, a48, X80)	p2(a64, a48, a0)	0
p2(X3, a48, a0)	p2(a17, a48, a0)	0
p8(X0, X8)	p8(X0, X0) :- p4(X0, X2)	0
p2(X8, a48, a77)	p2(a20, a48, a77)	0
p2(X70, a48, X10)	p2(a53, a48, a53)	0
p2(X5, a48, X80)	p2(a29, a48, a0)	0
p6(a18, a0)	p6(X6, X1) :- p4(a71, X6), p4(X1, X6)	0
p2(X74, a48, X14)	p2(a19, a48, X83)	0
p8(X0, a70)	p8(X1, X7) :- p4(X1, X1), p2(X7, a48, X1), p8(X8, X7)	0
p8(X0, a5)	p8(X1, X7) :- p4(X1, X1), p2(X7, a48, X1), p8(X8, X7)	0
p2(X8, a48, a0)	p2(a71, a48, a0)	0
p2(X82, a48, X81)	p2(a95, a48, a0)	0
p1(a27, X1, X0, a60)	p1(X8, a0, a5, X0) :- p8(X8, X0)	0
p2(X0, a48, X7)	p2(a53, a48, a0)	0
p4(X0, X0)	p4(a91, a91)	0
p2(X8, a48, X8)	p2(a91, a48, a91)	0
p2(X71, a48, X11)	p2(a53, a48, a77)	0
p2(X0, a48, a0)	p2(a0, a48, a0)	0
p2(X8, a48, X80)	p2(a45, a48, a0)	0
p2(X74, a48, X14)	p2(a11, a48, a11)	0
p2(X8, a48, X81)	p2(a16, a48, a0)	0
p2(X3, a48, X81)	p2(a43, a48, X81)	0
p2(X90, a48, X81)	p2(a77, a48, X81)	0
p8(a78, X0)	p8(X0, X0) :- p4(X0, X2)	0
p7(a80, X0)	p7(X4, X3) :- p8(X9, X9), p1(a27, X3, X4, X9)	0
p2(X93, a48, X93)	p2(a22, a48, a22)	0
p2(X8, a48, X81)	p2(a67, a48, a0)	0
p1(a27, a79, X0, X92)	p1(a27, a79, X0, a3)	0
p2(a0, a48, a0)	p2(a0, a48, a0)	0
p2(X0, a48, X80)	p2(a49, a48, a0)	0
p2(X9, a48, a0)	p2(a1, a48, a0)	0
p2(X70, a48, X10)	p2(a23, a48, a23)	0
p8(a93, X5)	p8(X0, X0) :- p4(X0, X2)	0
p4(a71, X64)	p4(a71, a42)	0
p2(X4, a48, X81)	p2(a37, a48, a0)	0
p2(X0, a48, X7)	p2(a10, a48, a0)	0
p2(X8, a48, X80)	p2(a53, a48, a0)	0
p4(X10, X10)	p4(a84, a84)	0
p2(X8, a48, a0)	p2(a54, a48, a0)	0
p2(a16, X51, X11)	p2(a16, a43, a61)	0
p4(a71, X61)	p4(a71, a69)	0
p2(X0, a48, X83)	p2(a77, a48, a0)	0
p2(X0, a48, X81)	p2(a45, a48, a0)	0
p8(X8, a53)	p8(X1, X7) :- p4(X1, X1), p2(X7, a48, X1), p8(X8, X7)	0
p8(a27, a61)	p8(X1, X7) :- p4(X1, X1), p2(X7, a48, X1), p8(X8, X7)	0
p8(a1, a53)	p8(X1, X7) :- p4(X1, X1), p2(X7, a48, X1), p8(X8, X7)	0
p2(X71, a48, X11)	p2(a10, a48, a77)	0
p4(X10, X10)	p4(a48, a48)	0
p2(X79, a48, X19)	p2(a0, a48, a0)	0
p2(X9, a48, X83)	p2(a71, a48, X83)	0
p4(a71, X63)	p4(a71, a86)	0
p2(X9, a48, X81)	p2(a37, a48, a0)	0
p4(X0, X0)	p4(a17, a17)	0
p8(X0, a0)	p8(X0, X0) :- p4(X0, X2)	0
p2(X8, a48, a77)	p2(a91, a48, a77)	0
p2(X74, a48, X14)	p2(a49, a48, a49)	0
p1(a27, a51, a28, X93)	p1(a27, a51, a28, a3)	0
p2(a16, X51, X11)	p2(a16, a14, a41)	0
p2(X9, a48, X83)	p2(a91, a48, X83)	0
p2(X72, a48, X12)	p2(X0, a48, a0)	0
p2(X71, a48, X11)	p2(a17, a48, X80)	0
p2(X81, a48, X80)	p2(a13, a48, a0)	0
p2(a22, a48, a27)	p2(a22, a48, a27)	0
p2(X0, a48, X81)	p2(a53, a48, a0)	0
p2(X3, a48, a0)	p2(a21, a48, a0)	0
p2(X8, a48, X8)	p2(a71, a48, a71)	0
p2(X8, a48, X81)	p2(a13, a48, a0)	0
p2(a0, a48, X86)	p2(a0, a48, X86)	0
p2(X71, a48, X11)	p2(a48, a48, a48)	0
p8(a22, a11)	p8(X1, X7) :- p4(X1, X1), p2(X7, a48, X1), p8(X8, X7)	0
p1(a27, a79, X0, X91)	p1(a27, a79, X0, a61)	0
p2(a22, a48, X81)	p2(a22, a48, a0)	0
p2(X5, a48, X5)	p2(a3, a48, a3)	0
p2(X8, a48, a77)	p2(a71, a48, a77)	0
p2(X93, a48, X93)	p2(a18, a48, a18)	0
p1(a27, a51, a28, X93)	p1(a27, a51, a28, a60)	0
p2(a16, X50, X10)	p2(a16, a80, a56)	0
p8(a27, a31)	p8(X1, X7) :- p4(X1, X1), p2(X7, a48, X1), p8(X8, X7)	0
p2(X75, a48, X15)	p2(X0, a48, a0)	0
p1(a27, X0, a80, X90)	p1(a27, X0, a80, a31)	0
p2(X0, a48, a0)	p2(a20, a48, a0)	0
p6(a14, a0)	p6(X6, X1) :- p4(a71, X6), p4(X1, X6)	0
p2(X3, a48, X3)	p2(a61, a48, a61)	0
p2(X8, a48, X80)	p2(a77, a48, a0)	0
p2(X0, a48, X81)	p2(a10, a48, a0)	0
p2(X71, a48, X11)	p2(a64, a48, a77)	0
p1(a27, a79, X0, X91)	p1(a27, a79, X0, a5)	0
p2(X93, a48, X93)	p2(a21, a48, a21)	0
p2(X4, a48, X81)	p2(a77, a48, a0)	0
p2(X90, a48, X81)	p2(a5, a48, X81)	0
p2(a16, X51, X11)	p2(a16, a28, a97)	0
p2(X3, a48, a0)	p2(a60, a48, a0)	0
p2(a16, X51, X11)	p2(a16, a91, a11)	0
p4(X90, X90)	p4(a17, a17)	0
p2(X8, a48, X81)	p2(a48, a48, a0)	0
p2(a16, X50, X10)	p2(a16, a17, a79)	0
p2(X75, a48, X15)	p2(a10, a48, X83)	0
p2(X9, a48, X81)	p2(a1, a48, a0)	0
p2(X8, a48, a77)	p2(a13, a48, a77)	0
p2(X5, a48, X80)	p2(a67, a48, a0)	0
p2(X81, a48, X80)	p2(a3, a48, a0)	0
p4(a71, X65)	p4(a71, a2)	0
p2(X71, a48, X11)	p2(a0, a48, X80)	0
p2(a16, X51, X11)	p2(a16, a4, a0)	0
p2(X5, a48, X80)	p2(a19, a48, a0)	0
p8(a27, a77)	p8(X1, X7) :- p4(X1, X1), p2(X7, a48, X1), p8(X8, X7)	0
p2(X8, a48, a0)	p2(a21, a48, a0)	0
p2(X5, a48, X80)	p2(a91, a48, a0)	0
p2(X93, a48, X93)	p2(a54, a48, a54)	0
p2(X90, a48, X81)	p2(a31, a48, X81)	0
p2(X0, a48, X81)	p2(a77, a48, a0)	0
p2(X90, a48, X81)	p2(a43, a48, X81)	0
p2(X74, a48, X14)	p2(a10, a48, X83)	0
p2(X8, a48, a0)	p2(a91, a48, a0)	0
p2(X0, a48, X7)	p2(a64, a48, a0)	0
p8(a93, X0)	p8(X1, X7) :- p4(X1, X1), p2(X7, a48, X1), p8(X8, X7)	0
p8(X0, X0)	p8(X1, X7) :- p4(X1, X1), p2(X7, a48, X1), p8(X8, X7)	0
p2(X8, a48, X80)	p2(a49, a48, a0)	0
p2(X5, a48, X5)	p2(a70, a48, a70)	0
p7(X0, X1)	p7(X5, X1) :- p2(a16, X5, X1), p7(X5, X1)	0
p2(X9, a48, a0)	p2(a37, a48, a0)	0
p2(X74, a48, X14)	p2(a0, a48, a0)	0
p1(a27, a79, X0, X91)	p1(a27, a79, X0, a22)	0
p2(X8, a48, a77)	p2(a16, a48, a77)	0
p4(X10, X10)	p4(a1, a1)	0
p2(X4, a48, X82)	p2(a31, a48, a0)	0
p8(X0, a29)	p8(X0, X0) :- p4(X0, X2)	0
p1(a27, a51, a28, X93)	p1(a27, a51, a28, a70)	0
p4(a71, X60)	p4(a71, a2)	0
p2(a54, a48, a27)	p2(a54, a48, a27)	0
p2(X8, a48, X83)	p2(a13, a48, a0)	0
p2(X4, a48, X81)	p2(a17, a48, a0)	0
p2(X75, a48, X15)	p2(a16, a48, X84)	0
p4(a27, a27)	p4(a27, a27)	0
p8(a27, a22)	p8(X1, X7) :- p4(X1, X1), p2(X7, a48, X1), p8(X8, X7)	0
p2(X8, a48, X83)	p2(a64, a48, a0)	0
p6(a63, a0)	p6(X6, X1) :- p4(a71, X6), p4(X1, X6)	0
p4(X90, X90)	p4(a13, a13)	0
p2(X8, a48, X80)	p2(a18, a48, X80)	0
p4(a71, X63)	p4(a71, a20)	0
p2(X5, a48, X80)	p2(a95, a48, X80)	0
p2(X8, a48, X8)	p2(a18, a48, a18)	0
p2(X8, a48, a77)	p2(a33, a48, a77)	0
p4(X11, X11)	p4(a78, a78)	0
p2(X8, a48, X80)	p2(a91, a48, X80)	0
p4(X11, X11)	p4(a6, a6)	0
p1(a27, a51, a28, X93)	p1(a27, a51, a28, a91)	0
p2(X8, a48, X80)	p2(a17, a48, X80)	0
p4(a71, X64)	p4(a71, a45)	0
p4(a71, X63)	p4(a71, a15)	0
p2(X71, a48, X11)	p2(a17, a48, a0)	0
p2(X0, a48, a0)	p2(a54, a48, a0)	0
p2(X5, a48, X5)	p2(a60, a48, a60)	0
p8(X5, X5)	p8(X1, X7) :- p4(X1, X1), p2(X7, a48, X1), p8(X8, X7)	0
p2(a0, a48, X81)	p2(a0, a48, a0)	0
p8(a39, X0)	p8(X0, X0) :- p4(X0, X2)	0
p2(X70, a48, X10)	p2(a19, a48, X0)	0
p2(X75, a48, X15)	p2(a0, a48, a27)	0
p1(a27, a79, X0, X90)	p1(a27, a79, X0, a20)	0
p2(X8, a48, X8)	p2(a21, a48, a21)	0
p2(X8, a48, X83)	p2(a50, a48, a0)	0
p6(X0, X5)	p6(X6, X1) :- p4(a71, X6), p4(X1, X6)	0
p2(X4, a48, X81)	p2(a16, a48, a0)	0
p2(X4, a48, X82)	p2(a64, a48, a0)	0
p2(X9, a48, a0)	p2(a64, a48, a0)	0
p2(X71, a48, X11)	p2(a48, a48, a77)	0
p2(X8, a48, X83)	p2(a48, a48, a0)	0
p2(X71, a48, X11)	p2(a29, a48, a77)	0
p4(X90, X90)	p4(a20, a20)	0
p4(a71, X64)	p4(a71, a70)	0
p2(X0, a48, a0)	p2(a95, a48, a0)	0
p2(X9, a48, a0)	p2(a29, a48, a0)	0
p2(X9, a48, X83)	p2(a95, a48, X83)	0
p2(X93, a48, X93)	p2(a31, a48, a31)	0
p4(a71, X60)	p4(a71, a45)	0
p8(a27, a18)	p8(X1, X7) :- p4(X1, X1), p2(X7, a48, X1), p8(X8, X7)	0
p2(X9, a48, X81)	p2(a16, a48, a0)	0
p2(X9, a48, a0)	p2(a5, a48, a0)	0
p2(X8, a48, X8)	p2(a54, a48, a54)	0
p2(X5, a48, X80)	p2(a45, a48, a0)	0
p2(X83, a48, X81)	p2(a54, a48, a0)	0
p2(X83, a48, X82)	p2(a31, a48, a0)	0
p2(X4, a48, X82)	p2(a50, a48, a0)	0
p2(X71, a48, X11)	p2(a31, a48, a77)	0
p2(X3, a48, X3)	p2(a43, a48, a43)	0
p2(X4, a48, X82)	p2(a48, a48, a0)	0
p4(a71, X60)	p4(a71, a70)	0
p2(X8, a48, X80)	p2(a0, a48, X80)	0
p2(X8, a48, X80)	p2(a3, a48, X80)	0
p2(X82, a48, X81)	p2(a60, a48, a0)	0
p1(a27, X0, a80, X90)	p1(a27, X0, a80, a3)	0
p8(a27, a60)	p8(X1, X7) :- p4(X1, X1), p2(X7, a48, X1), p8(X8, X7)	0
p2(X75, a48, X15)	p2(a29, a48, X84)	0
p2(X82, a48, X81)	p2(a18, a48, a0)	0
p2(X72, a48, X12)	p2(a19, a48, a0)	0
p2(X83, a48, X81)	p2(a95, a48, a0)	0
p2(X71, a48, X11)	p2(a16, a48, X80)	0
p4(a71, X63)	p4(a71, a69)	0
p4(a71, X63)	p4(a71, a26)	0
p4(X3, X3)	p4(a77, a77)	0
p2(X93, a48, X93)	p2(a95, a48, a95)	0
p2(X93, a48, X93)	p2(a3, a48, a3)	0
p2(X71, a48, X11)	p2(a67, a48, X80)	0
p2(X8, a48, X80)	p2(a60, a48, X80)	0
p2(X8, a48, a77)	p2(a61, a48, a77)	0
p1(a27, a51, a28, X93)	p1(a27, a51, a28, a5)	0
p2(X8, a48, X81)	p2(a23, a48, a0)	0
p4(X3, X3)	p4(a5, a5)	0
p8(a27, a54)	p8(X1, X7) :- p4(X1, X1), p2(X7, a48, X1), p8(X8, X7)	0
p2(X81, a48, X80)	p2(a77, a48, a0)	0
p2(X5, a48, X80)	p2(a1, a48, a0)	0
p2(X8, a48, X8)	p2(a77, a48, a77)	0
p2(X0, a48, X80)	p2(a50, a48, a0)	0
p2(X75, a48, X15)	p2(a6, a48, X83)	0
p2(X3, a48, a0)	p2(a3, a48, a0)	0
p2(X74, a48, X14)	p2(a91, a48, a91)	0
p6(a48, a0)	p6(X6, X1) :- p4(a71, X6), p4(X1, X6)	0
p2(X8, a48, a0)	p2(a13, a48, a0)	0
p2(X71, a48, X11)	p2(a84, a48, a0)	0
p2(X4, a48, X81)	p2(a64, a48, a0)	0
p1(a27, a79, X0, X90)	p1(a27, a79, X0, a95)	0
p2(X8, a48, X80)	p2(a61, a48, X80)	0
p2(X71, a48, X11)	p2(a11, a48, a0)	0
p2(X3, a48, a0)	p2(a70, a48, a0)	0
p2(a16, X52, X12)	p2(a16, a17, a79)	0
p8(X4, a28)	p8(X0, X0) :- p4(X0, X2)	0
p2(X4, a48, X81)	p2(a29, a48, a0)	0
p2(X0, a48, X80)	p2(a19, a48, a0)	0
p2(X3, a48, a0)	p2(a33, a48, a0)	0
p2(X9, a48, X83)	p2(a5, a48, X83)	0
p2(X0, a48, a0)	p2(a91, a48, a0)	0
p2(X0, a48, X80)	p2(a91, a48, a0)	0
p4(X3, X3)	p4(a17, a17)	0
p2(X9, a48, X81)	p2(a64, a48, a0)	0
p2(X75, a48, X15)	p2(a5, a48, a0)	0
p2(X81, a48, X80)	p2(a71, a48, a0)	0
p2(X90, a48, X81)	p2(a60, a48, X81)	0
p4(a71, X60)	p4(a71, a86)	0
p4(a71, X61)	p4(a71, a27)	0
p2(a0, a48, X84)	p2(a0, a48, X84)	0
p2(a16, X51, X11)	p2(a16, a7, a32)	0
p2(X0, a48, X83)	p2(a64, a48, a0)	0
p2(X74, a48, X14)	p2(a50, a48, X83)	0
p6(X0, a73)	p6(X6, X1) :- p4(a71, X6), p4(X1, X6)	0
p2(X8, a48, X8)	p2(a31, a48, a31)	0
p8(X1, X1)	p8(X1, X7) :- p4(X1, X1), p2(X7, a48, X1), p8(X8, X7)	0
p7(X0, X1)	p7(X4, X3) :- p8(X9, X9), p1(a27, X3, X4, X9)	0
p2(X9, a48, X81)	p2(a50, a48, a0)	0
p2(X71, a48, X11)	p2(a11, a48, a11)	0
p1(a27, a79, X0, X90)	p1(a27, a79, X0, a91)	0
p2(X9, a48, a0)	p2(a16, a48, a0)	0
p2(X0, a48, X7)	p2(a13, a48, a0)	0
p2(X3, a48, X3)	p2(a3, a48, a3)	0
p2(a16, X51, X11)	p2(a16, a5, a62)	0
p4(a71, X63)	p4(a71, a48)	0
p4(X11, X11)	p4(a13, a13)	0
p2(X0, a48, X83)	p2(a50, a48, a0)	0
p2(X8, a48, a77)	p2(a60, a48, a77)	0
p2(X3, a48, X81)	p2(a3, a48, X81)	0
p2(a16, X51, X11)	p2(a16, a1, a16)	0
p2(X90, a48, X81)	p2(a61, a48, X81)	0
p2(X9, a48, a0)	p2(a67, a48, a0)	0
p2(X0, a48, X0)	p2(a91, a48, a91)	0
p2(X4, a48, X82)	p2(a84, a48, a0)	0
p2(X72, a48, X12)	p2(a37, a48, X81)	0
p1(a27, a79, X0, X92)	p1(a27, a79, X0, a17)	0
p2(X9, a48, X81)	p2(a91, a48, a0)	0
p2(X75, a48, X15)	p2(a50, a48, X84)	0
p8(X8, a91)	p8(X1, X7) :- p4(X1, X1), p2(X7, a48, X1), p8(X8, X7)	0
p2(a16, X51, X11)	p2(a16, a13, a29)	0
p2(X0, a48, X81)	p2(a17, a48, a0)	0
p2(X74, a48, X14)	p2(a10, a48, a10)	0
p2(X0, a48, X83)	p2(a91, a48, a0)	0
p2(X72, a48, X12)	p2(a31, a48, X81)	0
p1(a27, a79, X0, X92)	p1(a27, a79, X0, a20)	0
p2(X8, a48, X8)	p2(a95, a48, a95)	0
p2(X5, a48, X5)	p2(a43, a48, a43)	0
p2(X93, a48, X93)	p2(a33, a48, a33)	0
p1(a27, X0, a80, X90)	p1(a27, X0, a80, a71)	0
p4(a71, X64)	p4(a71, a6)	0
p2(X5, a48, X80)	p2(a23, a48, a0)	0
p1(a27, X0, a80, X90)	p1(a27, X0, a80, a20)	0
p2(X71, a48, X11)	p2(a23, a48, a77)	0
p2(X0, a48, X81)	p2(a6, a48, a0)	0
p2(X93, a48, X93)	p2(a60, a48, a60)	0
p2(X81, a48, X80)	p2(a16, a48, a0)	0
p2(X8, a48, X83)	p2(a77, a48, a0)	0
p7(X0, a79)	p7(X4, X3) :- p8(X9, X9), p1(a27, X3, X4, X9)	0
p2(X5, a48, X5)	p2(a33, a48, a33)	0
p1(a27, a51, a28, X93)	p1(a27, a51, a28, a16)	0
p2(X4, a48, X4)	p2(a0, a48, a0)	0
p8(a78, a19)	p8(X1, X7) :- p4(X1, X1), p2(X7, a48, X1), p8(X8, X7)	0
p2(X71, a48, X11)	p2(a19, a48, X80)	0
p2(X93, a48, X93)	p2(a17, a48, a17)	0
p1(a27, a79, X0, X92)	p1(a27, a79, X0, a91)	0
p1(a27, X1, X0, a16)	p1(X8, a0, a5, X0) :- p8(X8, X0)	0
p2(X71, a48, X11)	p2(a31, a48, X80)	0
p2(X71, a48, X11)	p2(a50, a48, X80)	0
p2(X3, a48, X81)	p2(a0, a48, X81)	0
p4(X11, X11)	p4(a53, a53)	0
p2(X0, a48, X83)	p2(a28, a48, a0)	0
p2(X9, a48, a0)	p2(a13, a48, a0)	0
p2(X5, a48, X80)	p2(a37, a48, a0)	0
p1(a27, a51, a28, X93)	p1(a27, a51, a28, a71)	0
p2(X3, a48, X3)	p2(a70, a48, a70)	0
p2(X9, a48, a0)	p2(a70, a48, a0)	0
p2(X8, a48, a0)	p2(a20, a48, a0)	0
p2(X8, a48, X80)	p2(a84, a48, a0)	0
p2(X8, a48, X80)	p2(a11, a48, a0)	0
p2(X74, a48, X14)	p2(a17, a48, X83)	0
p2(X4, a48, X81)	p2(a67, a48, a0)	0
p2(X8, a48, X80)	p2(a91, a48, a0)	0
p2(X8, a48, a77)	p2(a18, a48, a77)	0
p8(X0, a53)	p8(X1, X7) :- p4(X1, X1), p2(X7, a48, X1), p8(X8, X7)	0
p2(X3, a48, X3)	p2(a0, a48, a0)	0
p6(a0, a0)	p6(X6, X1) :- p4(a71, X6), p4(X1, X6)	0
p2(X9, a48, X83)	p2(a60, a48, X83)	0
p6(a60, a0)	p6(X6, X1) :- p4(a71, X6), p4(X1, X6)	0
p2(X8, a48, X83)	p2(a49, a48, a0)	0
p4(X0, X0)	p4(a61, a61)	0
p2(X74, a48, X14)	p2(a48, a48, a48)	0
p8(a6, a1)	p8(X1, X7) :- p4(X1, X1), p2(X7, a48, X1), p8(X8, X7)	0
p2(X82, a48, X81)	p2(a33, a48, a0)	0
p1(a27, a51, a28, X93)	p1(a27, a51, a28, a13)	0
p2(X3, a48, a0)	p2(a5, a48, a0)	0
p2(X3, a48, a0)	p2(a77, a48, a0)	0
p8(X0, a60)	p8(X0, X0) :- p4(X0, X2)	0
p2(X72, a48, X12)	p2(a0, a48, X81)	0
p8(a27, a70)	p8(X1, X7) :- p4(X1, X1), p2(X7, a48, X1), p8(X8, X7)	0
p4(a71, X61)	p4(a71, a6)	0
p2(X4, a48, X82)	p2(a0, a48, a0)	0
p2(X71, a48, X11)	p2(a1, a48, a0)	0
p4(a71, X60)	p4(a71, a20)	0
p2(X9, a48, a0)	p2(a48, a48, a0)	0
p2(X0, a48, X80)	p2(a1, a48, a0)	0
p8(a95, X1)	p8(X1, X7) :- p4(X1, X1), p2(X7, a48, X1), p8(X8, X7)	0
p1(a27, a79, X0, X92)	p1(a27, a79, X0, a61)	0
p2(X0, a48, X81)	p2(a84, a48, a0)	0
p4(X14, X14)	p4(a27, a27)	0
p2(a16, X51, X11)	p2(a16, a17, a79)	0
p2(a16, X50, X10)	p2(a16, a1, a73)	0
p2(X70, a48, X10)	p2(a10, a48, a10)	0
p2(X0, a48, X81)	p2(a11, a48, a0)	0
p2(X71, a48, X11)	p2(a29, a48, X80)	0
p2(X8, a48, X81)	p2(a17, a48, a0)	0
p1(a27, X1, X0, a70)	p1(X8, a0, a5, X0) :- p8(X8, X0)	0
p4(X0, X0)	p4(a16, a16)	0
p4(a71, X60)	p4(a71, a15)	0
p6(a33, a0)	p6(X6, X1) :- p4(a71, X6), p4(X1, X6)	0
p2(X4, a48, X82)	p2(a49, a48, a0)	0
p6(a28, a0)	p6(X6, X1) :- p4(a71, X6), p4(X1, X6)	0
p2(X71, a48, X11)	p2(a84, a48, a77)	0
p2(X0, a48, X0)	p2(a22, a48, a22)	0
p2(X8, a48, X8)	p2(a33, a48, a33)	0
p4(a71, X61)	p4(a71, a10)	0
p8(X1, X0)	p8(X0, X0) :- p4(X0, X2)	0
p8(a1, X8)	p8(X1, X7) :- p4(X1, X1), p2(X7, a48, X1), p8(X8, X7)	0
p1(a27, a79, X0, X91)	p1(a27, a79, X0, a60)	0
p2(X81, a48, X80)	p2(a18, a48, a0)	0
p2(X75, a48, X15)	p2(a13, a48, a0)	0
p2(X6, a48, X6)	p2(a0, a48, a0)	0
p2(a16, X51, X11)	p2(a16, a30, a89)	0
p2(X72, a48, X12)	p2(a19, a48, X81)	0
p2(X83, a48, X81)	p2(a13, a48, a0)	0
p2(X75, a48, X15)	p2(a49, a48, X84)	0
p8(X1, a49)	p8(X1, X7) :- p4(X1, X1), p2(X7, a48, X1), p8(X8, X7)	0
p8(X0, a61)	p8(X1, X7) :- p4(X1, X1), p2(X7, a48, X1), p8(X8, X7)	0
p2(a16, X51, X11)	p2(a16, a17, a51)	0
p4(a71, X62)	p4(a71, a2)	0
p2(X8, a48, X8)	p2(a17, a48, a17)	0
p8(X0, a13)	p8(X1, X7) :- p4(X1, X1), p2(X7, a48, X1), p8(X8, X7)	0
p2(X71, a48, X11)	p2(a49, a48, a0)	0
p6(a13, a0)	p6(X6, X1) :- p4(a71, X6), p4(X1, X6)	0
p8(X0, a54)	p8(X0, X0) :- p4(X0, X2)	0
p2(X70, a48, X10)	p2(a13, a48, a13)	0
p2(X3, a48, X81)	p2(a5, a48, X81)	0
p2(X71, a48, X11)	p2(a6, a48, X80)	0
p2(X0, a48, X83)	p2(a1, a48, a0)	0
p2(X8, a48, X8)	p2(a20, a48, a20)	0
p2(X82, a48, X81)	p2(a31, a48, a0)	0
p2(X83, a48, X82)	p2(a0, a48, a0)	0
p2(X5, a48, X80)	p2(a43, a48, X80)	0
p2(X75, a48, X15)	p2(a0, a48, a0)	0
p2(X8, a48, a77)	p2(a17, a48, a77)	0
p2(X72, a48, X12)	p2(a84, a48, X81)	0
p1(a27, a51, a28, X93)	p1(a27, a51, a28, a95)	0
p2(X73, a48, X13)	p2(X4, a48, a0)	0
p2(X75, a48, X15)	p2(a28, a48, X84)	0
p2(X5, a48, X5)	p2(a13, a48, a13)	0
p2(X8, a48, X80)	p2(a71, a48, X80)	0
p1(a27, a79, X0, X92)	p1(a27, a79, X0, a22)	0
p2(X70, a48, X10)	p2(a49, a48, a49)	0
p2(X9, a48, X81)	p2(a0, a48, a0)	0
p2(X75, a48, X15)	p2(a19, a48, X84)	0
p2(X0, a48, X0)	p2(a18, a48, a18)	0
p4(X11, X11)	p4(a77, a77)	0
p2(X9, a48, X81)	p2(a48, a48, a0)	0
p2(X4, a48, X81)	p2(a45, a48, a0)	0
p2(X3, a48, a0)	p2(a16, a48, a0)	0
p2(X9, a48, X83)	p2(a3, a48, X83)	0
p4(X90, X90)	p4(a91, a91)	0
p2(X0, a48, X7)	p2(a77, a48, a0)	0
p2(X72, a48, X12)	p2(a67, a48, X81)	0
p1(a27, X0, a80, X90)	p1(a27, X0, a80, a21)	0
p2(X8, a48, X81)	p2(a11, a48, a0)	0
p4(X10, X10)	p4(a29, a29)	0
p2(X5, a48, X80)	p2(a17, a48, a0)	0
p1(a27, a79, X0, X90)	p1(a27, a79, X0, a13)	0
p2(X0, a48, X0)	p2(a21, a48, a21)	0
p8(X3, X3)	p8(X1, X7) :- p4(X1, X1), p2(X7, a48, X1), p8(X8, X7)	0
p2(X9, a48, X81)	p2(a49, a48, a0)	0
p4(a71, X61)	p4(a71, a39)	0
p4(X10, X10)	p4(a77, a77)	0
p2(X71, a48, X11)	p2(a45, a48, a45)	0
p1(a27, a79, X0, X90)	p1(a27, a79, X0, a54)	0
p2(a61, a48, a27)	p2(a61, a48, a27)	0
p4(X10, X10)	p4(a13, a13)	0
p2(X8, a48, X83)	p2(a29, a48, a0)	0
p2(X0, a48, X83)	p2(a49, a48, a0)	0
p8(X0, a22)	p8(X1, X7) :- p4(X1, X1), p2(X7, a48, X1), p8(X8, X7)	0
p2(X75, a48, X15)	p2(a1, a48, X83)	0
p2(X8, a48, X80)	p2(a1, a48, a0)	0
p4(X3, X3)	p4(a54, a54)	0
p4(a71, X64)	p4(a71, a48)	0
p2(X0, a48, X80)	p2(a37, a48, a0)	0
p8(X0, X8)	p8(X1, X7) :- p4(X1, X1), p2(X7, a48, X1), p8(X8, X7)	0
p2(X4, a48, X82)	p2(a10, a48, a0)	0
p2(X4, a48, X81)	p2(a1, a48, a0)	0
p2(X0, a48, X0)	p2(a54, a48, a54)	0
p2(X3, a48, a0)	p2(a43, a48, a0)	0
p2(X3, a48, X81)	p2(a70, a48, X81)	0
p2(a16, X51, X11)	p2(a16, a1, a90)	0
p2(X5, a48, X80)	p2(a16, a48, a0)	0
p2(X71, a48, X11)	p2(a6, a48, a6)	0
p1(a27, X0, a80, X90)	p1(a27, X0, a80, a54)	0
p1(a27, X0, a80, X90)	p1(a27, X0, a80, a77)	0
p2(X0, a48, X7)	p2(a49, a48, a0)	0
p2(X8, a48, a0)	p2(a16, a48, a0)	0
p2(X9, a48, a0)	p2(a23, a48, a0)	0
p2(X9, a48, X83)	p2(a18, a48, X83)	0
p2(X82, a48, X81)	p2(a17, a48, a0)	0
p8(a78, X0)	p8(X1, X7) :- p4(X1, X1), p2(X7, a48, X1), p8(X8, X7)	0
p4(a71, X60)	p4(a71, a48)	0
p2(X71, a48, X11)	p2(a91, a48, a91)	0
p2(X0, a48, X81)	p2(a1, a48, a0)	0
p2(X74, a48, X14)	p2(a31, a48, a31)	0
p1(X4, X6, X1, X4)	p1(X8, a0, a5, X0) :- p8(X8, X0)	0
p2(X8, a48, a77)	p2(a54, a48, a77)	0
p2(X3, a48, a0)	p2(a13, a48, a0)	0
p1(a27, X1, X0, a31)	p1(X8, a0, a5, X0) :- p8(X8, X0)	0
p2(X8, a48, a77)	p2(a77, a48, a77)	0
p8(a93, X5)	p8(X1, X7) :- p4(X1, X1), p2(X7, a48, X1), p8(X8, X7)	0
p4(X11, X11)	p4(a1, a1)	0
p2(X8, a48, X80)	p2(a21, a48, X80)	0
p4(a71, X63)	p4(a71, a32)	0
p2(X75, a48, X15)	p2(a11, a48, X83)	0
p8(a27, a16)	p8(X1, X7) :- p4(X1, X1), p2(X7, a48, X1), p8(X8, X7)	0
p4(X11, X11)	p4(a49, a49)	0
p8(X0, a19)	p8(X0, X0) :- p4(X0, X2)	0
p2(a43, a48, a27)	p2(a43, a48, a27)	0
p2(X70, a48, X10)	p2(a0, a48, a0)	0
p2(a16, X51, X11)	p2(a16, a21, a0)	0
p2(X71, a48, X11)	p2(a64, a48, a0)	0
p2(X0, a48, X80)	p2(a64, a48, a0)	0
p2(X75, a48, X15)	p2(a91, a48, X84)	0
p4(a71, X60)	p4(a71, a42)	0
p2(X0, a48, X80)	p2(a29, a48, a0)	0
p4(a71, X63)	p4(a71, a11)	0
p2(X3, a48, X3)	p2(a33, a48, a33)	0
p8(a27, a21)	p8(X1, X7) :- p4(X1, X1), p2(X7, a48, X1), p8(X8, X7)	0
p2(a0, a48, X87)	p2(a0, a48, a0)	0
p8(X0, a0)	p8(X1, X7) :- p4(X1, X1), p2(X7, a48, X1), p8(X8, X7)	0
p2(X72, a48, X12)	p2(a49, a48, X81)	0
p2(X3, a48, a0)	p2(a0, a48, a0)	0
p2(X75, a48, X15)	p2(a10, a48, X84)	0
p2(X5, a48, X80)	p2(a11, a48, a0)	0
p2(X90, a48, X81)	p2(a13, a48, X81)	0
p2(X8, a48, X81)	p2(a28, a48, a0)	0
p2(X81, a48, X80)	p2(a70, a48, a0)	0
p2(X71, a48, X11)	p2(a50, a48, a0)	0
p2(X9, a48, a0)	p2(a95, a48, a0)	0
p2(X71, a48, X11)	p2(a67, a48, a77)	0
p2(X75, a48, X15)	p2(a37, a48, X84)	0
p2(X3, a48, X3)	p2(a17, a48, a17)	0
p8(a27, a13)	p8(X1, X7) :- p4(X1, X1), p2(X7, a48, X1), p8(X8, X7)	0
p2(X83, a48, X82)	p2(a71, a48, a0)	0
p1(a27, a79, X0, X90)	p1(a27, a79, X0, a17)	0
p2(X0, a48, X0)	p2(a31, a48, a31)	0
p2(X75, a48, X15)	p2(a53, a48, X84)	0
p2(X4, a48, X81)	p2(a23, a48, a0)	0
p2(X93, a48, X93)	p2(a16, a48, a16)	0
p2(X3, a48, a0)	p2(a22, a48, a0)	0
p4(X11, X11)	p4(a16, a16)	0
p2(X8, a48, a77)	p2(a95, a48, a77)	0
p7(a17, X0)	p7(X4, X3) :- p8(X9, X9), p1(a27, X3, X4, X9)	0
p1(a27, X0, a80, X90)	p1(a27, X0, a80, a13)	0
p2(X71, a48, X11)	p2(a10, a48, a10)	0
p8(X8, X8)	p8(X1, X7) :- p4(X1, X1), p2(X7, a48, X1), p8(X8, X7)	0
p7(X0, a79)	p7(X5, X1) :- p2(a16, X5, X1), p7(X5, X1)	0
p1(a27, X1, X0, a33)	p1(X8, a0, a5, X0) :- p8(X8, X0)	0
p2(X5, a48, X80)	p2(a13, a48, X80)	0
p2(X8, a48, a0)	p2(a60, a48, a0)	0
p2(X8, a48, a0)	p2(a18, a48, a0)	0
p2(X72, a48, X12)	p2(a45, a48, X81)	0
p2(X75, a48, X15)	p2(a77, a48, X84)	0
p2(a16, X51, X11)	p2(a16, a10, a86)	0
p2(X3, a48, X81)	p2(a22, a48, X81)	0
p4(X11, X11)	p4(a50, a50)	0
p4(a71, X63)	p4(a71, a75)	0
p2(X8, a48, X83)	p2(a19, a48, a0)	0
p8(X0, a17)	p8(X1, X7) :- p4(X1, X1), p2(X7, a48, X1), p8(X8, X7)	0
p4(X11, X11)	p4(a91, a91)	0
p2(X0, a48, X83)	p2(a29, a48, a0)	0
p6(a29, a0)	p6(X6, X1) :- p4(a71, X6), p4(X1, X6)	0
p2(X71, a48, X11)	p2(a91, a48, a77)	0
p1(a27, a79, X0, X91)	p1(a27, a79, X0, a91)	0
p2(X3, a48, X81)	p2(a60, a48, X81)	0
p2(X8, a48, X83)	p2(a91, a48, a0)	0
p8(a27, a91)	p8(X1, X7) :- p4(X1, X1), p2(X7, a48, X1), p8(X8, X7)	0
p2(X8, a48, X80)	p2(a20, a48, X80)	0
p1(a27, a79, X0, X91)	p1(a27, a79, X0, a3)	0
p2(X0, a48, X0)	p2(a95, a48, a95)	0
p2(X0, a48, X0)	p2(a3, a48, a3)	0
p2(X71, a48, X11)	p2(a37, a48, X80)	0
p2(X5, a48, X5)	p2(a5, a48, a5)	0
p2(X0, a48, a0)	p2(a17, a48, a0)	0
p4(X10, X10)	p4(a50, a50)	0
p6(a35, a0)	p6(X6, X1) :- p4(a71, X6), p4(X1, X6)	0
p4(X10, X10)	p4(a91, a91)	0
p2(X0, a48, a0)	p2(a31, a48, a0)	0
p2(X4, a48, X82)	p2(a19, a48, a0)	0
p2(X71, a48, X11)	p2(a13, a48, a13)	0
p2(X711, a48, X111)	p2(a0, a48, X89)	0
p2(X4, a48, X82)	p2(a91, a48, a0)	0
p2(X75, a48, X15)	p2(a53, a48, X83)	0
p8(a27, a95)	p8(X1, X7) :- p4(X1, X1), p2(X7, a48, X1), p8(X8, X7)	0
p2(X3, a48, a0)	p2(a61, a48, a0)	0
p2(X9, a48, X83)	p2(a17, a48, X83)	0
p4(X10, X10)	p4(a28, a28)	0
p2(X71, a48, X11)	p2(a19, a48, a77)	0
p2(X3, a48, X81)	p2(a61, a48, X81)	0
p2(X8, a48, X83)	p2(a28, a48, a0)	0
p2(a16, X50, X10)	p2(a16, a72, a60)	0
p4(X3, X3)	p4(a13, a13)	0
p4(X0, X0)	p4(a33, a33)	0
p4(a78, a78)	p4(a78, a78)	0
p2(X70, a48, X10)	p2(a91, a48, a91)	0
p8(a0, X3)	p8(X1, X7) :- p4(X1, X1), p2(X7, a48, X1), p8(X8, X7)	0
p4(X90, X90)	p4(a77, a77)	0
p2(X0, a48, X80)	p2(a16, a48, a0)	0
p2(X8, a48, X80)	p2(a64, a48, a0)	0
p2(X74, a48, X14)	p2(a53, a48, X83)	0
p8(X0, a29)	p8(X1, X7) :- p4(X1, X1), p2(X7, a48, X1), p8(X8, X7)	0
p2(X83, a48, X81)	p2(a17, a48, a0)	0
p2(X75, a48, X15)	p2(a48, a48, X83)	0
p2(X71, a48, X11)	p2(a49, a48, a49)	0
p2(X8, a48, X80)	p2(a29, a48, a0)	0
p4(X90, X90)	p4(a5, a5)	0
p2(X71, a48, X11)	p2(a13, a48, a77)	0
p2(a0, a48, X811)	p2(a0, a48, a0)	0
p2(X75, a48, X15)	p2(a0, a48, X84)	0
p2(X0, a48, X80)	p2(a67, a48, a0)	0
p2(X83, a48, X81)	p2(a31, a48, a0)	0
p6(a1, a0)	p6(X6, X1) :- p4(a71, X6), p4(X1, X6)	0
p2(X3, a48, X3)	p2(a22, a48, a22)	0
p8(X0, X9)	p8(X1, X7) :- p4(X1, X1), p2(X7, a48, X1), p8(X8, X7)	0
p2(a16, X51, X11)	p2(a16, a3, a34)	0
p2(X8, a48, X81)	p2(a10, a48, a0)	0
p2(X5, a48, X5)	p2(a91, a48, a91)	0
p2(X83, a48, X81)	p2(a43, a48, a0)	0
p2(X8, a48, X8)	p2(a16, a48, a16)	0
p2(X3, a48, X3)	p2(a13, a48, a13)	0
p4(a71, X60)	p4(a71, a6)	0
p4(X3, X3)	p4(a22, a22)	0
p1(a27, X1, X0, a5)	p1(X8, a0, a5, X0) :- p8(X8, X0)	0
p2(X71, a48, X11)	p2(a84, a48, a84)	0
p2(X9, a48, a0)	p2(a17, a48, a0)	0
p2(X8, a48, a77)	p2(a3, a48, a77)	0
p2(X8, a48, X80)	p2(a50, a48, a0)	0
p2(a16, X51, X11)	p2(a16, a1, a73)	0
p1(a27, a79, X0, X92)	p1(a27, a79, X0, a21)	0
p2(X76, a48, X16)	p2(a0, a48, X84)	0
p2(X72, a48, X12)	p2(a6, a48, X81)	0
p2(X0, a48, X81)	p2(a64, a48, a0)	0
p2(X5, a48, X5)	p2(a17, a48, a17)	0
p2(X90, a48, X81)	p2(a20, a48, X81)	0
p2(X90, a48, X81)	p2(a17, a48, X81)	0
p8(a39, X0)	p8(X1, X7) :- p4(X1, X1), p2(X7, a48, X1), p8(X8, X7)	0
p2(X90, a48, X90)	p2(a0, a48, a0)	0
p2(X9, a48, a0)	p2(a6, a48, a0)	0
p2(a0, a48, X88)	p2(a0, a48, a0)	0
p2(X3, a48, X81)	p2(a33, a48, X81)	0
p2(X5, a48, X80)	p2(a54, a48, X80)	0
p2(a16, X51, X11)	p2(a16, a15, a84)	0
p2(X5, a48, X5)	p2(a20, a48, a20)	0
p4(a71, X60)	p4(a71, a10)	0
p2(X71, a48, X11)	p2(a16, a48, a77)	0
p2(X75, a48, X15)	p2(a45, a48, X84)	0
p2(X8, a48, X83)	p2(a45, a48, a0)	0
p2(X75, a48, X15)	p2(a29, a48, X83)	0
p2(X71, a48, X11)	p2(a49, a48, X80)	0
p2(X0, a48, X0)	p2(a33, a48, a33)	0
p2(X9, a48, X81)	p2(a67, a48, a0)	0
p2(X0, a48, X83)	p2(a16, a48, a0)	0
p2(X5, a48, X80)	p2(a5, a48, X80)	0
p8(X4, a29)	p8(X0, X0) :- p4(X0, X2)	0
p4(a71, X64)	p4(a71, a2)	0
p2(X9, a48, X81)	p2(a19, a48, a0)	0
p4(X0, X0)	p4(a21, a21)	0
p2(X8, a48, X80)	p2(a22, a48, X80)	0
p8(X0, a43)	p8(X1, X7) :- p4(X1, X1), p2(X7, a48, X1), p8(X8, X7)	0
p2(X0, a48, X0)	p2(a60, a48, a60)	0
p2(X75, a48, X15)	p2(a16, a48, X83)	0
p2(a19, a48, X82)	p2(a19, a48, a0)	0
p2(X0, a48, X83)	p2(a67, a48, a0)	0
p2(X0, a48, X83)	p2(a19, a48, a0)	0
p1(a27, a79, X0, X92)	p1(a27, a79, X0, a60)	0
p2(X8, a48, X83)	p2(a53, a48, a0)	0
p1(a27, a79, X0, X90)	p1(a27, a79, X0, a43)	0
p2(X8, a48, X81)	p2(a31, a48, a0)	0
p2(X0, a48, X0)	p2(a17, a48, a17)	0
p2(X75, a48, X15)	p2(a49, a48, X83)	0
p2(X73, a48, X13)	p2(X9, a48, a0)	0
p4(X10, X10)	p4(a49, a49)	0
p4(X0, X0)	p4(a31, a31)	0
p2(X0, a48, X7)	p2(a50, a48, a0)	0
p2(a0, a48, X83)	p2(a0, a48, a0)	0
p2(X5, a48, X5)	p2(a71, a48, a71)	0
p2(X0, a48, a0)	p2(a60, a48, a0)	0
p2(X0, a48, a0)	p2(a18, a48, a0)	0
p2(a16, X50, X10)	p2(a16, a15, a84)	0
p2(X8, a48, X83)	p2(a1, a48, a0)	0
p4(X11, X11)	p4(a67, a67)	0
p2(X5, a48, X80)	p2(a77, a48, X80)	0
p2(X0, a48, X7)	p2(a67, a48, a0)	0
p2(X9, a48, a0)	p2(a61, a48, a0)	0
p1(a27, X1, X0, X2)	p1(X8, a0, a5, X0) :- p8(X8, X0)	0
p2(X71, a48, X11)	p2(a48, a48, a0)	0
p2(X3, a48, a0)	p2(a95, a48, a0)	0
p4(a71, X63)	p4(a71, a30)	0
p2(X0, a48, X7)	p2(a19, a48, a0)	0
p2(X74, a48, X14)	p2(a49, a48, X83)	0
p2(X0, a48, X7)	p2(a91, a48, a0)	0
p2(X9, a48, a0)	p2(a84, a48, a0)	0
p2(a19, a48, X0)	p2(a19, a48, a0)	0
p2(X4, a48, X81)	p2(a6, a48, a0)	0
p2(X9, a48, a0)	p2(a11, a48, a0)	0
p2(X82, a48, X81)	p2(a61, a48, a0)	0
p2(X8, a48, X80)	p2(a16, a48, a0)	0
p4(X10, X10)	p4(a67, a67)	0
p2(X0, a48, X80)	p2(a45, a48, a0)	0
p2(X4, a48, X82)	p2(a13, a48, a0)	0
p8(X4, a28)	p8(X1, X7) :- p4(X1, X1), p2(X7, a48, X1), p8(X8, X7)	0
p2(X3, a48, X81)	p2(a77, a48, X81)	0
p8(X0, a16)	p8(X1, X7) :- p4(X1, X1), p2(X7, a48, X1), p8(X8, X7)	0
p2(X83, a48, X81)	p2(a60, a48, a0)	0
p2(X83, a48, X81)	p2(a18, a48, a0)	0
p2(X8, a48, X80)	p2(a67, a48, a0)	0
p4(a71, X64)	p4(a71, a20)	0
p1(a27, X1, X0, a20)	p1(X8, a0, a5, X0) :- p8(X8, X0)	0
p4(X3, X3)	p4(a31, a31)	0
p4(X90, X90)	p4(a18, a18)	0
p4(a71, X60)	p4(a71, a69)	0
p2(X75, a48, X15)	p2(a13, a48, X83)	0
p1(a27, a79, X0, X92)	p1(a27, a79, X0, a70)	0
p2(X71, a48, X11)	p2(a10, a48, X80)	0
p7(a28, a51)	p7(X5, X1) :- p2(a16, X5, X1), p7(X5, X1)	0
p2(X93, a48, X93)	p2(a5, a48, a5)	0
p2(X70, a48, X10)	p2(a48, a48, a48)	0
p4(a71, X64)	p4(a71, a15)	0
p2(X0, a48, X7)	p2(a28, a48, a0)	0
p2(X82, a48, X81)	p2(a70, a48, a0)	0
p2(a0, a48, X89)	p2(a0, a48, a0)	0
p2(X71, a48, X11)	p2(a11, a48, a22)	0
p4(a71, X63)	p4(a71, a27)	0
p2(X90, a48, X81)	p2(a71, a48, X81)	0
p2(X8, a48, a0)	p2(a95, a48, a0)	0
p4(X0, X0)	p4(a43, a43)	0
p2(X72, a48, X12)	p2(a77, a48, X81)	0
p2(X74, a48, X14)	p2(a13, a48, X83)	0
p2(X74, a48, X14)	p2(a50, a48, a50)	0
p2(X83, a48, X82)	p2(a43, a48, a0)	0
p1(a27, X0, a80, X90)	p1(a27, X0, a80, a17)	0
p2(X71, a48, X11)	p2(a31, a48, a31)	0
p2(X70, a48, X10)	p2(a84, a48, a84)	0
p1(a27, X1, X0, a18)	p1(X8, a0, a5, X0) :- p8(X8, X0)	0
p2(X72, a48, X12)	p2(a53, a48, X81)	0
p8(X0, a21)	p8(X1, X7) :- p4(X1, X1), p2(X7, a48, X1), p8(X8, X7)	0
p2(X9, a48, X81)	p2(a45, a48, a0)	0
p1(a27, a79, X0, X91)	p1(a27, a79, X0, a54)	0
p2(X9, a48, X83)	p2(a31, a48, X83)	0
p2(X90, a48, X81)	p2(a18, a48, X81)	0
p6(a12, a0)	p6(X6, X1) :- p4(a71, X6), p4(X1, X6)	0
p2(X5, a48, X80)	p2(a31, a48, a0)	0
p2(X82, a48, X81)	p2(a71, a48, a0)	0
p2(X75, a48, X15)	p2(a45, a48, X83)	0
p2(X74, a48, X14)	p2(a6, a48, a6)	0
p2(a16, X50, X10)	p2(a16, a79, a35)	0
p2(X8, a48, X83)	p2(a23, a48, a0)	0
p2(X0, a48, X83)	p2(a45, a48, a0)	0
p2(X8, a48, X80)	p2(a13, a48, a0)	0
p2(X4, a48, X81)	p2(a11, a48, a0)	0
p2(X71, a48, X11)	p2(a28, a48, a77)	0
p2(X90, a48, X81)	p2(a16, a48, X81)	0
p4(X11, X11)	p4(a17, a17)	0
p2(X75, a48, X15)	p2(a0, a48, X83)	0
p2(X5, a48, X80)	p2(a0, a48, X80)	0
p2(X8, a48, X80)	p2(a95, a48, X80)	0
p4(X3, X3)	p4(a95, a95)	0
p4(a71, X60)	p4(a71, a75)	0
p2(X5, a48, X5)	p2(a18, a48, a18)	0
p2(X72, a48, X12)	p2(a0, a48, a0)	0
p2(X74, a48, X14)	p2(a45, a48, X83)	0
p4(a71, X61)	p4(a71, a70)	0
p1(a27, a79, X0, X91)	p1(a27, a79, X0, a16)	0
p4(X3, X3)	p4(a43, a43)	0
p2(X9, a48, X83)	p2(a0, a48, X83)	0
p2(X77, a48, X17)	p2(a0, a48, X86)	0
p4(X90, X90)	p4(a61, a61)	0
p4(a71, X64)	p4(a71, a26)	0
p2(X0, a48, X7)	p2(a45, a48, a0)	0
p2(X9, a48, X81)	p2(a13, a48, a0)	0
p4(X11, X11)	p4(a11, a11)	0
p4(X0, X0)	p4(a70, a70)	0
p2(X74, a48, X14)	p2(a6, a48, X83)	0
p2(X9, a48, a0)	p2(a28, a48, a0)	0
p1(a27, X1, X0, a13)	p1(X8, a0, a5, X0) :- p8(X8, X0)	0
p2(X0, a48, X83)	p2(a53, a48, a0)	0
p4(X10, X10)	p4(a17, a17)	0
p7(a17, X0)	p7(X5, X1) :- p2(a16, X5, X1), p7(X5, X1)	0
p4(X90, X90)	p4(a3, a3)	0
p2(X5, a48, X5)	p2(a21, a48, a21)	0
p2(a0, a48, X89)	p2(a0, a48, X89)	0
p8(a11, X4)	p8(X0, X0) :- p4(X0, X2)	0
p8(X0, a18)	p8(X0, X0) :- p4(X0, X2)	0
p2(a16, X51, X11)	p2(a16, a18, a19)	0
p2(X75, a48, X15)	p2(a17, a48, X84)	0
p4(X3, X3)	p4(a18, a18)	0
p2(X0, a48, X81)	p2(a13, a48, a0)	0
p2(X8, a48, X80)	p2(a48, a48, a0)	0
p2(X72, a48, X12)	p2(a22, a48, a0)	0
p1(a27, a79, X0, X91)	p1(a27, a79, X0, a33)	0
p1(a27, a79, X0, X91)	p1(a27, a79, X0, a77)	0
p1(a27, a79, X0, X90)	p1(a27, a79, X0, a31)	0
p2(X83, a48, X82)	p2(a3, a48, a0)	0
p2(X5, a48, X5)	p2(a54, a48, a54)	0
p4(X10, X10)	p4(a53, a53)	0
p2(X3, a48, X81)	p2(a31, a48, X81)	0
p1(X3, X9, a5, X3)	p1(X8, a0, a5, X0) :- p8(X8, X0)	0
p2(X8, a48, a77)	p2(a0, a48, a77)	0
p2(X75, a48, X15)	p2(a37, a48, X83)	0
p2(X4, a48, X82)	p2(a37, a48, a0)	0
p2(X71, a48, X11)	p2(a23, a48, a0)	0
p2(X0, a48, X7)	p2(a1, a48, a0)	0
p4(X15, X15)	p4(a27, a27)	0
p2(X0, a48, X80)	p2(a23, a48, a0)	0
p2(X9, a48, X83)	p2(a20, a48, X83)	0
p2(X0, a48, X81)	p2(a0, a48, a0)	0
p2(X0, a48, X81)	p2(a48, a48, a0)	0
p2(X81, a48, X80)	p2(a17, a48, a0)	0
p4(X3, X3)	p4(a70, a70)	0
p2(X93, a48, X93)	p2(a61, a48, a61)	0
p8(X0, a91)	p8(X0, X0) :- p4(X0, X2)	0
p2(X9, a48, X83)	p2(a70, a48, X83)	0
p2(a0, a48, X82)	p2(a0, a48, a0)	0
p8(X0, a60)	p8(X1, X7) :- p4(X1, X1), p2(X7, a48, X1), p8(X8, X7)	0
p2(X90, a48, X81)	p2(a21, a48, X81)	0
p2(X3, a48, X3)	p2(a91, a48, a91)	0
p2(X93, a48, X93)	p2(a71, a48, a71)	0
p1(a27, a51, a28, X93)	p1(a27, a51, a28, a33)	0
p2(X0, a48, a0)	p2(a33, a48, a0)	0
p2(a70, a48, a27)	p2(a70, a48, a27)	0
p2(X3, a48, a0)	p2(a54, a48, a0)	0
p2(X8, a48, a0)	p2(a17, a48, a0)	0
p2(X75, a48, X15)	p2(a77, a48, X83)	0
p1(a27, a79, X0, X91)	p1(a27, a79, X0, a17)	0
p2(X83, a48, X81)	p2(a0, a48, a0)	0
p4(a71, X61)	p4(a71, a26)	0
p1(a27, a51, a28, X93)	p1(a27, a51, a28, a21)	0
p2(a0, a48, X86)	p2(a0, a48, a0)	0
p2(X71, a48, X11)	p2(a37, a48, a0)	0
p2(X5, a48, X5)	p2(a77, a48, a77)	0
p2(X82, a48, X81)	p2(a5, a48, a0)	0
p8(a27, a0)	p8(X1, X7) :- p4(X1, X1), p2(X7, a48, X1), p8(X8, X7)	0
p1(a27, a79, X0, X91)	p1(a27, a79, X0, a20)	0
p2(X72, a48, X12)	p2(a11, a48, X81)	0
p2(X74, a48, X14)	p2(a16, a48, a16)	0
p2(a0, a48, X80)	p2(a0, a48, X80)	0
p2(X8, a48, a77)	p2(a70, a48, a77)	0
p1(a27, a51, a28, X93)	p1(a27, a51, a28, a54)	0
p2(X74, a48, X14)	p2(a77, a48, X83)	0
p4(X90, X90)	p4(a54, a54)	0
p2(X8, a48, X80)	p2(a16, a48, X80)	0
p2(X9, a48, X81)	p2(a28, a48, a0)	0
p2(X9, a48, X81)	p2(a23, a48, a0)	0
p2(X83, a48, X81)	p2(a33, a48, a0)	0
p4(X90, X90)	p4(a22, a22)	0
p4(a71, X63)	p4(a71, a10)	0
p2(X71, a48, X11)	p2(a37, a48, a77)	0
p4(a93, a93)	p4(a93, a93)	0
p2(X70, a48, X10)	p2(a31, a48, a31)	0
p2(X71, a48, X11)	p2(X3, a48, a0)	0
p2(X75, a48, X15)	p2(a84, a48, X84)	0
p8(X4, X4)	p8(X1, X7) :- p4(X1, X1), p2(X7, a48, X1), p8(X8, X7)	0
p2(a16, X51, X11)	p2(a16, a72, a60)	0
p2(X8, a48, X81)	p2(a19, a48, a0)	0
p2(X0, a48, X83)	p2(a23, a48, a0)	0
p2(X83, a48, X82)	p2(a20, a48, a0)	0
p2(X70, a48, X10)	p2(a28, a48, a28)	0
p2(X75, a48, X15)	p2(a13, a48, X84)	0
p2(X74, a48, X14)	p2(a13, a48, a13)	0
p2(X8, a48, a77)	p2(a43, a48, a77)	0
p2(X72, a48, X12)	p2(X5, a48, a0)	0
p2(X4, a48, X82)	p2(a77, a48, a0)	0
p2(X5, a48, X80)	p2(a16, a48, X80)	0
p2(X9, a48, a0)	p2(a33, a48, a0)	0
p8(X7, X0)	p8(X1, X7) :- p4(X1, X1), p2(X7, a48, X1), p8(X8, X7)	0
p1(a27, a79, X0, X91)	p1(a27, a79, X0, a21)	0
p2(a16, X51, X11)	p2(a16, a80, a56)	0
p2(X5, a48, X5)	p2(a31, a48, a31)	0
p2(X71, a48, X11)	p2(a17, a48, a17)	0
p4(X10, X10)	p4(a23, a23)	0
p2(X9, a48, a0)	p2(a10, a48, a0)	0
p1(a27, a79, X0, X90)	p1(a27, a79, X0, a21)	0
p8(X0, a33)	p8(X0, X0) :- p4(X0, X2)	0
p2(X74, a48, X14)	p2(a29, a48, a29)	0
p2(X0, a48, X7)	p2(a23, a48, a0)	0
p8(X0, X5)	p8(X1, X7) :- p4(X1, X1), p2(X7, a48, X1), p8(X8, X7)	0
p2(a16, X50, X10)	p2(a16, a14, a41)	0
p8(a27, X0)	p8(X1, X7) :- p4(X1, X1), p2(X7, a48, X1), p8(X8, X7)	0
p2(a16, X51, X11)	p2(a16, a0, a77)	0
p2(X8, a48, X81)	p2(a0, a48, a0)	0
p2(X0, a48, X83)	p2(a37, a48, a0)	0
p8(a3, X1)	p8(X1, X7) :- p4(X1, X1), p2(X7, a48, X1), p8(X8, X7)	0
p2(X71, a48, X11)	p2(a91, a48, X80)	0
p1(a27, a79, X0, X92)	p1(a27, a79, X0, a0)	0
p2(X9, a48, a0)	p2(a71, a48, a0)	0
p6(a2, X5)	p6(X6, X1) :- p4(a71, X6), p4(X1, X6)	0
p2(X5, a48, X80)	p2(a84, a48, a0)	0
p4(a71, X60)	p4(a71, a30)	0
p2(X0, a48, X0)	p2(a16, a48, a16)	0
p6(a84, X5)	p6(X6, X1) :- p4(a71, X6), p4(X1, X6)	0
p2(X8, a48, X8)	p2(a22, a48, a22)	0
p2(X8, a48, X8)	p2(a61, a48, a61)	0
p2(X3, a48, X3)	p2(a60, a48, a60)	0
p2(X8, a48, X83)	p2(a17, a48, a0)	0
p2(X74, a48, X14)	p2(a84, a48, a84)	0
p2(X83, a48, X81)	p2(a20, a48, a0)	0
p1(a27, a79, X0, X91)	p1(a27, a79, X0, a95)	0
p2(X5, a48, X5)	p2(a95, a48, a95)	0
p2(X3, a48, a0)	p2(a91, a48, a0)	0
p2(a16, X50, X10)	p2(a16, a58, a36)	0
p2(X8, a48, X80)	p2(a23, a48, a0)	0
p2(X75, a48, X15)	p2(a84, a48, X83)	0
p2(X0, a48, X7)	p2(a37, a48, a0)	0
p2(X71, a48, X11)	p2(a19, a48, a0)	0
p2(X8, a48, X81)	p2(a6, a48, a0)	0
p2(X71, a48, X11)	p2(a1, a48, a77)	0
p2(X75, a48, X15)	p2(a1, a48, X84)	0
p2(X81, a48, X80)	p2(a60, a48, a0)	0
p2(X0, a48, X0)	p2(a13, a48, a13)	0
p2(X93, a48, X93)	p2(a0, a48, a0)	0
p1(a27, a51, a28, X93)	p1(a27, a51, a28, a77)	0
p4(X10, X10)	p4(a19, a19)	0
p4(a71, X63)	p4(a71, a39)	0
p8(a5, a33)	p8(X1, X7) :- p4(X1, X1), p2(X7, a48, X1), p8(X8, X7)	0
p2(X0, a48, a0)	p2(a71, a48, a0)	0
p1(a27, a79, X0, X90)	p1(a27, a79, X0, a60)	0
p2(X4, a48, X82)	p2(a17, a48, a0)	0
p2(X8, a48, a77)	p2(a5, a48, a77)	0
p2(X71, a48, X11)	p2(a17, a48, a77)	0
p2(X8, a48, X83)	p2(a16, a48, a0)	0
p2(a19, a48, X81)	p2(a19, a48, a0)	0
p2(X9, a48, X83)	p2(a16, a48, X83)	0
p2(X9, a48, a0)	p2(a31, a48, a0)	0
p4(a71, X60)	p4(a71, a27)	0
p4(a71, X61)	p4(a71, a15)	0
p2(X0, a48, X81)	p2(a23, a48, a0)	0
p2(X8, a48, X80)	p2(a37, a48, a0)	0
p1(a27, X0, a80, X90)	p1(a27, X0, a80, a5)	0
p8(X0, X1)	p8(X1, X7) :- p4(X1, X1), p2(X7, a48, X1), p8(X8, X7)	0
p2(X75, a48, X15)	p2(a64, a48, X83)	0
p2(X8, a48, X81)	p2(a45, a48, a0)	0
p4(X90, X90)	p4(a71, a71)	0
p2(X4, a48, X82)	p2(a16, a48, a0)	0
p2(X83, a48, X81)	p2(a71, a48, a0)	0
p4(X10, X10)	p4(a11, a11)	0
p2(X0, a48, X80)	p2(a17, a48, a0)	0
p1(a27, a79, X0, X90)	p1(a27, a79, X0, a77)	0
p2(X8, a48, X80)	p2(a31, a48, X80)	0
p2(X0, a48, X7)	p2(a29, a48, a0)	0
p2(X74, a48, X14)	p2(a64, a48, X83)	0
p2(X71, a48, X11)	p2(a53, a48, X80)	0
p2(X73, a48, X13)	p2(X0, a48, a0)	0
p2(X0, a48, X81)	p2(a37, a48, a0)	0
p1(a27, a79, X0, X91)	p1(a27, a79, X0, a43)	0
p2(X5, a48, X80)	p2(a0, a48, a0)	0
p2(X71, a48, X11)	p2(a6, a48, a0)	0
p2(X3, a48, X3)	p2(a18, a48, a18)	0
p2(X74, a48, X14)	p2(a1, a48, a1)	0
p2(a16, X50, X10)	p2(a16, a10, a94)	0
p2(X0, a48, X80)	p2(a6, a48, a0)	0
p1(a27, a79, X0, X90)	p1(a27, a79, X0, a70)	0
p2(X8, a48, X83)	p2(a84, a48, a0)	0
p2(X8, a48, X81)	p2(a53, a48, a0)	0
p2(X8, a48, X81)	p2(a84, a48, a0)	0
p2(X8, a48, X83)	p2(a11, a48, a0)	0
p2(X3, a48, X81)	p2(a21, a48, X81)	0
p2(X5, a48, X80)	p2(a28, a48, a0)	0
p2(X82, a48, X81)	p2(a13, a48, a0)	0
p2(a60, a48, a27)	p2(a60, a48, a27)	0
p2(X5, a48, X80)	p2(a21, a48, X80)	0
p4(X11, X11)	p4(a64, a64)	0
p2(X71, a48, X11)	p2(a16, a48, a0)	0
p2(X93, a48, X93)	p2(a77, a48, a77)	0
p2(X5, a48, X80)	p2(a31, a48, X80)	0
p2(X75, a48, X15)	p2(a17, a48, a0)	0
p1(a27, a51, a28, X93)	p1(a27, a51, a28, a18)	0
p8(X0, a43)	p8(X0, X0) :- p4(X0, X2)	0
p2(X74, a48, X14)	p2(a45, a48, a45)	0
p2(X9, a48, a0)	p2(a50, a48, a0)	0
p2(X5, a48, X80)	p2(a33, a48, X80)	0
p1(a27, a51, a28, X93)	p1(a27, a51, a28, a22)	0
p6(a43, a0)	p6(X6, X1) :- p4(a71, X6), p4(X1, X6)	0
p2(X71, a48, X11)	p2(a50, a48, a50)	0
p2(X4, a48, X81)	p2(a31, a48, a0)	0
p2(X9, a48, X83)	p2(a33, a48, X83)	0
p2(X5, a48, X80)	p2(a6, a48, a0)	0
p2(X70, a48, X10)	p2(a17, a48, a17)	0
p2(X9, a48, a0)	p2(a21, a48, a0)	0
p2(X71, a48, X11)	p2(X1, a48, a0)	0
p2(X9, a48, X81)	p2(a17, a48, a0)	0
p2(X4, a48, X82)	p2(a11, a48, a0)	0
p8(a58, X5)	p8(X0, X0) :- p4(X0, X2)	0
p2(X8, a48, X8)	p2(a0, a48, a0)	0
p2(X9, a48, X81)	p2(a31, a48, a0)	0
p1(a27, a51, a28, X93)	p1(a27, a51, a28, a20)	0
p2(a16, X50, X10)	p2(a16, a10, a86)	0
p2(X0, a48, X83)	p2(a17, a48, a0)	0
p2(X74, a48, X14)	p2(a1, a48, X83)	0
p8(a27, a20)	p8(X1, X7) :- p4(X1, X1), p2(X7, a48, X1), p8(X8, X7)	0
p2(X9, a48, X83)	p2(a61, a48, X83)	0
p6(a73, a0)	p6(X6, X1) :- p4(a71, X6), p4(X1, X6)	0
p4(X10, X10)	p4(a6, a6)	0
p2(X4, a48, X82)	p2(a29, a48, a0)	0
p7(a28, a51)	p7(X4, X3) :- p8(X9, X9), p1(a27, X3, X4, X9)	0
p2(X82, a48, X81)	p2(a3, a48, a0)	0
p2(X90, a48, X81)	p2(a95, a48, X81)	0
p4(a71, X60)	p4(a71, a11)	0
p2(X72, a48, X12)	p2(a0, a48, X80)	0
p1(a27, X0, a80, X90)	p1(a27, X0, a80, a33)	0
p2(X8, a48, X80)	p2(a43, a48, X80)	0
p2(X8, a48, X81)	p2(a77, a48, a0)	0
p2(X0, a48, a0)	p2(a21, a48, a0)	0
p2(X82, a48, X81)	p2(a22, a48, a0)	0
p2(X0, a48, X80)	p2(a84, a48, a0)	0
p6(a4, a0)	p6(X6, X1) :- p4(a71, X6), p4(X1, X6)	0
p2(X0, a48, X80)	p2(a11, a48, a0)	0
p6(a31, a0)	p6(X6, X1) :- p4(a71, X6), p4(X1, X6)	0
p1(a78, X9, X7, X0)	p1(X8, a0, a5, X0) :- p8(X8, X0)	0
p6(a94, a0)	p6(X6, X1) :- p4(a71, X6), p4(X1, X6)	0
p2(X71, a48, X11)	p2(a13, a48, a0)	0
p1(a27, a79, X0, X92)	p1(a27, a79, X0, a54)	0
p1(a27, a79, X0, X92)	p1(a27, a79, X0, a71)	0
p2(X4, a48, X81)	p2(a50, a48, a0)	0
p2(X71, a48, X11)	p2(a28, a48, a28)	0
p2(X8, a48, a0)	p2(a61, a48, a0)	0
p2(X74, a48, X14)	p2(a11, a48, X83)	0
p2(X75, a48, X15)	p2(a67, a48, X83)	0
p2(a91, a48, a0)	p2(a91, a48, a0)	0
p4(X11, X11)	p4(a10, a10)	0
p2(X5, a48, X80)	p2(a53, a48, a0)	0
p2(X75, a48, X15)	p2(a21, a48, a0)	0
p4(a71, X61)	p4(a71, a48)	0
p2(X0, a48, X7)	p2(a16, a48, a0)	0
p2(X8, a48, X80)	p2(a17, a48, a0)	0
p2(X83, a48, X81)	p2(a21, a48, a0)	0
p2(X71, a48, X11)	p2(a28, a48, X80)	0
p2(X71, a48, X11)	p2(a19, a48, a19)	0
p4(a71, X64)	p4(a71, a32)	0
p1(a27, X0, a80, X90)	p1(a27, X0, a80, a16)	0
p1(a27, a79, X0, X92)	p1(a27, a79, X0, a16)	0
p2(X71, a48, X11)	p2(a13, a48, X80)	0
p2(X93, a48, X93)	p2(a70, a48, a70)	0
p2(X81, a48, X80)	p2(a33, a48, a0)	0
p2(X8, a48, X81)	p2(a49, a48, a0)	0
