goal	rule	score
member_of(_EX2, dumbledores_army)	member_of(ginny_weasley, dumbledores_army)	1
enemy(P, _EX2)	enemy(X, Y) :- member_of(X, death_eaters), member_of(Y, dumbledores_army)	1
member_of(X, dumbledores_army)	member_of(seamus_finnigan, dumbledores_army)	1
male(_EX2)	male(seamus_finnigan)	1
member_of(draco_malfoy, death_eaters)	member_of(draco_malfoy, death_eaters)	1
house(gryffindor, _EX2)	house(gryffindor, percy_weasley)	1
member_of(_EX5, death_eaters)	member_of(narcissa_malfoy, death_eaters)	1
muggleborn(_EX0)	muggleborn(colin_creevey)	1
house(gryffindor, _EX2)	house(gryffindor, lily_potter)	1
betrays(P, remus_lupin)	betrays(peter_pettigrew, remus_lupin)	1
parent(P, X)	parent(harry_potter, albus_severus_potter)	1
muggle(_EX3)	muggle(dudley_dursley)	1
enemy(P, Z)	enemy(X, Y) :- member_of(X, death_eaters), member_of(Y, dumbledores_army)	1
parent(Z, P)	parent(lily_potter, harry_potter)	1
wizard(P)	wizard(X) :- male(X), muggleborn(X)	1
house(gryffindor, P)	house(gryffindor, sirius_black)	1
parent(_EX2, P)	parent(arthur_weasley, fred_weasley)	1
wizard(P)	wizard(X) :- male(X), half_blood(X)	1
parent(_EX3, Y)	parent(molly_weasley, george_weasley)	1
house(gryffindor, _EX1)	house(gryffindor, parvati_patil)	1
member_of(_EX1, death_eaters)	member_of(peter_pettigrew, death_eaters)	1
parent(P, _EX4)	parent(arthur_weasley, fred_weasley)	1
parent(_EX2, P)	parent(ginny_weasley, james_sirius_potter)	1
pure_blood(P)	pure_blood(ron_weasley)	1
parent(Z, _EX3)	parent(ginny_weasley, james_sirius_potter)	1
ancestor(P, Y)	ancestor(X, Y) :- parent(X, Y)	1
parent(P, _EX5)	parent(hermione_granger, rose_weasley)	1
teaches(P, X)	teaches(remus_lupin, defense_against_the_dark_arts)	1
ancestor(P, neville_longbottom)	ancestor(X, Y) :- parent(X, Y)	1
male(P)	male(alastor_moody)	1
parent(P, _EX3)	parent(xenophilius_lovegood, luna_lovegood)	1
parent(X, P)	parent(hermione_granger, rose_weasley)	1
teaches(P, X)	teaches(severus_snape, defense_against_the_dark_arts)	1
pure_blood(P)	pure_blood(narcissa_malfoy)	1
parent(P, _EX4)	parent(molly_weasley, george_weasley)	1
half_blood(harry_potter)	half_blood(harry_potter)	1
magical(thestral)	magical(thestral)	1
parent(Z, _EX3)	parent(molly_weasley, ron_weasley)	1
parent(P, Z)	parent(lily_potter, harry_potter)	1
male(_EX2)	male(hugo_weasley)	1
female(_EX0)	female(dolores_umbridge)	1
parent(X, _EX3)	parent(arthur_weasley, ginny_weasley)	1
pure_blood(P)	pure_blood(george_weasley)	1
member_of(_EX5, dumbledores_army)	member_of(neville_longbottom, dumbledores_army)	1
house(slytherin, _EX1)	house(slytherin, gregory_goyle)	1
parent(P, _EX5)	parent(arthur_weasley, ginny_weasley)	1
parent(harry_potter, _EX5)	parent(harry_potter, james_sirius_potter)	1
parent(Z, P)	parent(frank_longbottom, neville_longbottom)	1
male(_EX2)	male(neville_longbottom)	1
parent(Z, P)	parent(arthur_weasley, ron_weasley)	1
member_of(P, order_of_the_phoenix)	member_of(arthur_weasley, order_of_the_phoenix)	1
enemy(P, Z)	enemy(draco_malfoy, harry_potter)	1
male(P)	male(regulus_black)	1
member_of(_EX1, death_eaters)	member_of(bellatrix_lestrange, death_eaters)	1
parent(X, _EX3)	parent(harry_potter, lily_luna_potter)	1
parent(_EX3, Y)	parent(petunia_dursley, dudley_dursley)	1
parent(_EX2, Z)	parent(frank_longbottom, neville_longbottom)	1
parent(X, P)	parent(arthur_weasley, ginny_weasley)	1
house(slytherin, _EX2)	house(slytherin, tom_riddle)	1
enemy(_EX4, seamus_finnigan)	enemy(X, Y) :- member_of(X, death_eaters), member_of(Y, dumbledores_army)	1
parent(X, P)	parent(molly_weasley, fred_weasley)	1
parent(_EX2, Z)	parent(james_potter, harry_potter)	1
parent(_EX2, Z)	parent(ginny_weasley, james_sirius_potter)	1
hates(narcissa_malfoy, _EX1)	hates(X, Y) :- deatheater(X), squib(Y)	1
member_of(_EX3, dumbledores_army)	member_of(cho_chang, dumbledores_army)	1
hates(P, _EX3)	hates(X, Y) :- deatheater(X), squib(Y)	1
member_of(severus_snape, order_of_the_phoenix)	member_of(severus_snape, order_of_the_phoenix)	1
member_of(_EX3, dumbledores_army)	member_of(seamus_finnigan, dumbledores_army)	1
male(P)	male(gregory_goyle)	1
enemy(X, P)	enemy(marge_dursley, harry_potter)	1
muggle(_EX1)	muggle(vernon_dursley)	1
male(_EX2)	male(sirius_black)	1
member_of(_EX2, death_eaters)	member_of(narcissa_malfoy, death_eaters)	1
member_of(P, death_eaters)	member_of(draco_malfoy, death_eaters)	1
male(P)	male(filius_flitwick)	1
creature(Z)	creature(unicorn)	1
parent(_EX2, Z)	parent(molly_weasley, ron_weasley)	1
descendant(_EX5, ginny_weasley)	descendant(X, Y) :- ancestor(Y, X)	1
male(_EX2)	male(regulus_black)	1
male(P)	male(godric_gryffindor)	1
in_slytherin(P)	in_slytherin(X) :- house(slytherin, X)	1
enemy(P, Z)	enemy(dolores_umbridge, fred_weasley)	1
magical(P)	magical(crookshanks)	1
parent(_EX3, Y)	parent(ginny_weasley, james_sirius_potter)	1
member_of(Z, dumbledores_army)	member_of(harry_potter, dumbledores_army)	1
in_slytherin(_EX5)	in_slytherin(X) :- house(slytherin, X)	1
parent(_EX3, ron_weasley)	parent(molly_weasley, ron_weasley)	1
parent(Z, P)	parent(arthur_weasley, percy_weasley)	1
muggle(_EX0)	muggle(vernon_dursley)	1
parent(_EX2, Z)	parent(narcissa_malfoy, draco_malfoy)	1
parent(P, _EX3)	parent(arthur_weasley, george_weasley)	1
enemy(peter_pettigrew, _EX1)	enemy(peter_pettigrew, remus_lupin)	1
enemy(P, harry_potter)	enemy(dolores_umbridge, harry_potter)	1
member_of(_EX5, dumbledores_army)	member_of(ginny_weasley, dumbledores_army)	1
muggleborn(P)	muggleborn(lily_potter)	1
parent(P, Z)	parent(arthur_weasley, charlie_weasley)	1
parent(P, Y)	parent(hermione_granger, rose_weasley)	1
member_of(P, death_eaters)	member_of(voldemort, death_eaters)	1
professor(P)	professor(remus_lupin)	1
in_hufflepuff(P)	in_hufflepuff(X) :- house(hufflepuff, X)	1
parent(_EX2, P)	parent(james_potter, harry_potter)	1
parent(P, harry_potter)	parent(james_potter, harry_potter)	1
parent(P, X)	parent(molly_weasley, charlie_weasley)	1
parent(X, _EX3)	parent(arthur_weasley, fred_weasley)	1
parent(_EX3, Y)	parent(molly_weasley, ron_weasley)	1
enemy(P, _EX2)	enemy(voldemort, ron_weasley)	1
muggleborn(_EX3)	muggleborn(colin_creevey)	1
parent(P, _EX5)	parent(ginny_weasley, albus_severus_potter)	1
parent(P, _EX4)	parent(james_potter, harry_potter)	1
house(gryffindor, P)	house(gryffindor, ron_weasley)	1
member_of(_EX3, death_eaters)	member_of(lucius_malfoy, death_eaters)	1
parent(harry_potter, _EX4)	parent(harry_potter, albus_severus_potter)	1
ancestor(ginny_weasley, james_sirius_potter)	ancestor(X, Y) :- parent(X, Y)	1
enemy(P, _EX2)	enemy(quirinus_quirrell, hermione_granger)	1
male(P)	male(vernon_dursley)	1
enemy(X, P)	enemy(voldemort, albus_dumbledore)	1
parent(X, P)	parent(ron_weasley, hugo_weasley)	1
parent(_EX2, Z)	parent(arthur_weasley, charlie_weasley)	1
hates(Y, _EX0)	hates(X, Y) :- deatheater(X), muggle(Y)	1
parent(_EX3, Y)	parent(narcissa_malfoy, draco_malfoy)	1
parent(P, X)	parent(arthur_weasley, percy_weasley)	1
magical(P)	magical(norbert)	1
enemy(P, Z)	enemy(voldemort, ron_weasley)	1
parent(harry_potter, _EX5)	parent(harry_potter, lily_luna_potter)	1
parent(P, X)	parent(molly_weasley, ginny_weasley)	1
house(hufflepuff, P)	house(hufflepuff, newt_scamander)	1
parent(P, Y)	parent(molly_weasley, fred_weasley)	1
member_of(_EX2, dumbledores_army)	member_of(hermione_granger, dumbledores_army)	1
muggleborn(_EX0)	muggleborn(hermione_granger)	1
teaches(P, X)	teaches(quirinus_quirrell, defense_against_the_dark_arts)	1
female(_EX0)	female(minerva_mccgonagall)	1
parent(arthur_weasley, P)	parent(arthur_weasley, percy_weasley)	1
male(_EX2)	male(rubeus_hagrid)	1
member_of(_EX4, dumbledores_army)	member_of(harry_potter, dumbledores_army)	1
muggleborn(_EX1)	muggleborn(hermione_granger)	1
muggleborn(_EX2)	muggleborn(myrtle_warren)	1
member_of(_EX1, dumbledores_army)	member_of(george_weasley, dumbledores_army)	1
parent(harry_potter, _EX5)	parent(harry_potter, albus_severus_potter)	1
enemy(X, P)	enemy(dolores_umbridge, hermione_granger)	1
female(_EX0)	female(nymphadora_tonks)	1
parent(james_potter, _EX4)	parent(james_potter, harry_potter)	1
parent(P, _EX3)	parent(molly_weasley, ron_weasley)	1
enemy(X, P)	enemy(gilderoy_lockhart, hermione_granger)	1
house(slytherin, _EX1)	house(slytherin, draco_malfoy)	1
male(_EX2)	male(lucius_malfoy)	1
house(slytherin, _EX2)	house(slytherin, bellatrix_lestrange)	1
teaches(P, X)	teaches(gilderoy_lockhart, defense_against_the_dark_arts)	1
member_of(Z, dumbledores_army)	member_of(parvati_patil, dumbledores_army)	1
member_of(_EX1, dumbledores_army)	member_of(ron_weasley, dumbledores_army)	1
house(slytherin, _EX2)	house(slytherin, vincent_crabbe)	1
parent(_EX2, P)	parent(arthur_weasley, charlie_weasley)	1
female(narcissa_malfoy)	female(narcissa_malfoy)	1
wizard(arthur_weasley)	wizard(X) :- male(X), pure_blood(X)	1
descendant(Y, _EX3)	descendant(X, Y) :- ancestor(Y, X)	1
enemy(P, Z)	enemy(X, Y) :- member_of(X, order_of_the_phoenix), member_of(Y, death_eaters)	1
parent(P, _EX4)	parent(arthur_weasley, charlie_weasley)	1
member_of(X, dumbledores_army)	member_of(hermione_granger, dumbledores_army)	1
house(slytherin, P)	house(slytherin, bellatrix_lestrange)	1
parent(P, X)	parent(arthur_weasley, bill_weasley)	1
house(gryffindor, P)	house(gryffindor, hermione_granger)	1
member_of(peter_pettigrew, death_eaters)	member_of(peter_pettigrew, death_eaters)	1
house(slytherin, P)	house(slytherin, vincent_crabbe)	1
parent(P, Z)	parent(arthur_weasley, george_weasley)	1
subject(P)	subject(arithmancy)	1
member_of(P, dumbledores_army)	member_of(neville_longbottom, dumbledores_army)	1
member_of(Y, dumbledores_army)	member_of(colin_creevey, dumbledores_army)	1
enemy(P, _EX2)	enemy(voldemort, ginny_weasley)	1
ancestor(_EX3, Y)	ancestor(X, Y) :- parent(X, Y)	1
member_of(_EX0, order_of_the_phoenix)	member_of(nymphadora_tonks, order_of_the_phoenix)	1
parent(Z, P)	parent(molly_weasley, percy_weasley)	1
member_of(_EX3, dumbledores_army)	member_of(parvati_patil, dumbledores_army)	1
male(_EX2)	male(voldemort)	1
parent(P, Z)	parent(hermione_granger, hugo_weasley)	1
parent(ginny_weasley, _EX4)	parent(ginny_weasley, james_sirius_potter)	1
house(slytherin, _EX2)	house(slytherin, regulus_black)	1
parent(_EX2, Z)	parent(arthur_weasley, george_weasley)	1
member_of(X, death_eaters)	member_of(severus_snape, death_eaters)	1
parent(harry_potter, Z)	parent(harry_potter, james_sirius_potter)	1
enemy(P, X)	enemy(dolores_umbridge, hermione_granger)	1
parent(P, _EX5)	parent(petunia_dursley, dudley_dursley)	1
parent(Z, _EX3)	parent(molly_weasley, percy_weasley)	1
enemy(P, X)	enemy(gilderoy_lockhart, hermione_granger)	1
enemy(P, Z)	enemy(voldemort, ginny_weasley)	1
enemy(P, _EX2)	enemy(draco_malfoy, harry_potter)	1
parent(Z, _EX3)	parent(hermione_granger, rose_weasley)	1
pure_blood(_EX2)	pure_blood(siruis_black)	1
enemy(X, P)	enemy(gilderoy_lockhart, ron_weasley)	1
member_of(Y, death_eaters)	member_of(severus_snape, death_eaters)	1
destroyed(P, Y)	destroyed(albus_dumbledore, resurrection_stone)	1
parent(Z, _EX3)	parent(harry_potter, james_sirius_potter)	1
parent(_EX2, Z)	parent(hermione_granger, hugo_weasley)	1
teaches(X, P)	teaches(remus_lupin, defense_against_the_dark_arts)	1
member_of(X, order_of_the_phoenix)	member_of(arthur_weasley, order_of_the_phoenix)	1
female(_EX0)	female(sybill_trelawney)	1
member_of(_EX2, death_eaters)	member_of(peter_pettigrew, death_eaters)	1
hates(draco_malfoy, _EX0)	hates(X, Y) :- deatheater(X), muggle(Y)	1
house(ravenclaw, _EX0)	house(ravenclaw, cho_chang)	1
pure_blood(luna_lovegood)	pure_blood(luna_lovegood)	1
teaches(X, P)	teaches(severus_snape, defense_against_the_dark_arts)	1
hates(_EX0, _EX2)	hates(X, Y) :- deatheater(X), muggle(Y)	1
parent(_EX3, Y)	parent(arthur_weasley, george_weasley)	1
ancestor(X, P)	ancestor(X, Y) :- parent(X, Y)	1
parent(P, X)	parent(hermione_granger, rose_weasley)	1
house(slytherin, _EX5)	house(slytherin, vincent_crabbe)	1
parent(Z, _EX3)	parent(molly_weasley, fred_weasley)	1
member_of(P, dumbledores_army)	member_of(ginny_weasley, dumbledores_army)	1
house(gryffindor, _EX2)	house(gryffindor, petter_pettigrew)	1
member_of(P, dumbledores_army)	member_of(fred_weasley, dumbledores_army)	1
half_blood(remus_lupin)	half_blood(remus_lupin)	1
muggleborn(_EX2)	muggleborn(lily_potter)	1
male(_EX2)	male(peter_pettigrew)	1
muggle(_EX3)	muggle(vernon_dursley)	1
house(gryffindor, _EX1)	house(gryffindor, harry_potter)	1
enemy(P, harry_potter)	enemy(draco_malfoy, harry_potter)	1
teaches(X, P)	teaches(albus_dumbledore, transfiguration)	1
parent(_EX2, Z)	parent(molly_weasley, percy_weasley)	1
enemy(X, P)	enemy(dolores_umbridge, george_weasley)	1
enemy(X, P)	enemy(peter_pettigrew, remus_lupin)	1
male(_EX2)	male(arthur_weasley)	1
member_of(X, dumbledores_army)	member_of(colin_creevey, dumbledores_army)	1
parent(P, Z)	parent(narcissa_malfoy, draco_malfoy)	1
parent(P, _EX4)	parent(arthur_weasley, george_weasley)	1
owns(X, P)	owns(voldemort, nagini)	1
member_of(_EX4, dumbledores_army)	member_of(seamus_finnigan, dumbledores_army)	1
ancestor(ron_weasley, P)	ancestor(X, Y) :- parent(X, Y)	1
member_of(_EX2, dumbledores_army)	member_of(harry_potter, dumbledores_army)	1
muggle(_EX1)	muggle(dudley_dursley)	1
parent(_EX2, Z)	parent(harry_potter, james_sirius_potter)	1
parent(X, P)	parent(alice_longbottom, neville_longbottom)	1
parent(Z, _EX3)	parent(ginny_weasley, lily_luna_potter)	1
parent(P, X)	parent(molly_weasley, fred_weasley)	1
in_gryffindor(_EX1)	in_gryffindor(X) :- house(gryffindor, X)	1
male(P)	male(james_potter)	1
member_of(_EX2, death_eaters)	member_of(bellatrix_lestrange, death_eaters)	1
parent(_EX2, P)	parent(hermione_granger, hugo_weasley)	1
hates(_EX1, _EX0)	hates(X, Y) :- deatheater(X), muggleborn(Y)	1
parent(P, _EX4)	parent(hermione_granger, hugo_weasley)	1
house(gryffindor, P)	house(gryffindor, minerva_mccgonall)	1
in_gryffindor(fred_weasley)	in_gryffindor(X) :- house(gryffindor, X)	1
in_ravenclaw(_EX0)	in_ravenclaw(X) :- house(ravenclaw, X)	1
ancestor(Z, _EX3)	ancestor(X, Y) :- ancestor(Z, Y), parent(X, Z)	1
in_gryffindor(_EX2)	in_gryffindor(X) :- house(gryffindor, X)	1
member_of(X, order_of_the_phoenix)	member_of(minerva_mccgonagall, order_of_the_phoenix)	1
house(slytherin, _EX1)	house(slytherin, voldemort)	1
male(_EX2)	male(filius_flitwick)	1
house(slytherin, P)	house(slytherin, gregory_goyle)	1
magical(unicorn)	magical(unicorn)	1
deatheater(_EX3)	deatheater(X) :- member_of(X, death_eaters)	1
parent(_EX3, Y)	parent(harry_potter, james_sirius_potter)	1
pure_blood(_EX2)	pure_blood(molly_weasley)	1
member_of(lucius_malfoy, death_eaters)	member_of(lucius_malfoy, death_eaters)	1
parent(P, _EX5)	parent(arthur_weasley, fred_weasley)	1
male(_EX2)	male(godric_gryffindor)	1
ancestor(X, _EX3)	ancestor(X, Y) :- parent(X, Y)	1
parent(Z, _EX3)	parent(ron_weasley, rose_weasley)	1
parent(P, _EX5)	parent(lily_potter, harry_potter)	1
male(P)	male(cedric_diggory)	1
hates(P, _EX3)	hates(X, Y) :- deatheater(X), muggleborn(Y)	1
male(P)	male(harry_potter)	1
parent(P, _EX3)	parent(molly_weasley, george_weasley)	1
enemy(P, Z)	enemy(voldemort, hermione_granger)	1
magical(nagini)	magical(nagini)	1
member_of(_EX3, death_eaters)	member_of(narcissa_malfoy, death_eaters)	1
magical_creature(nagini)	magical_creature(X) :- creature(X), magical(X)	1
enemy(P, X)	enemy(dolores_umbridge, george_weasley)	1
parent(X, _EX3)	parent(molly_weasley, george_weasley)	1
house(slytherin, P)	house(slytherin, regulus_black)	1
parent(P, Z)	parent(arthur_weasley, ginny_weasley)	1
ancestor(harry_potter, P)	ancestor(X, Y) :- parent(X, Y)	1
muggleborn(_EX0)	muggleborn(lily_potter)	1
parent(Z, _EX3)	parent(harry_potter, albus_severus_potter)	1
member_of(Y, dumbledores_army)	member_of(george_weasley, dumbledores_army)	1
member_of(Z, death_eaters)	member_of(peter_pettigrew, death_eaters)	1
parent(P, X)	parent(ron_weasley, hugo_weasley)	1
professor(P)	professor(pomona_sprout)	1
muggleborn(_EX1)	muggleborn(lily_potter)	1
parent(P, _EX5)	parent(molly_weasley, bill_weasley)	1
ancestor(P, _EX4)	ancestor(X, Y) :- ancestor(Z, Y), parent(X, Z)	1
muggleborn(_EX4)	muggleborn(myrtle_warren)	1
parent(ginny_weasley, _EX5)	parent(ginny_weasley, albus_severus_potter)	1
parent(_EX3, Y)	parent(ginny_weasley, lily_luna_potter)	1
enemy(P, _EX2)	enemy(X, Y) :- member_of(X, order_of_the_phoenix), member_of(Y, death_eaters)	1
parent(X, _EX3)	parent(lucius_malfoy, draco_malfoy)	1
parent(P, _EX3)	parent(harry_potter, james_sirius_potter)	1
male(fred_weasley)	male(fred_weasley)	1
house(gryffindor, P)	house(gryffindor, seamus_finnigan)	1
male(_EX2)	male(tom_riddle)	1
parent(_EX2, Z)	parent(ron_weasley, rose_weasley)	1
parent(X, _EX3)	parent(arthur_weasley, ron_weasley)	1
parent(X, P)	parent(molly_weasley, bill_weasley)	1
deatheater(_EX1)	deatheater(X) :- member_of(X, death_eaters)	1
magical(P)	magical(fluffy)	1
parent(P, _EX5)	parent(arthur_weasley, ron_weasley)	1
parent(_EX2, Z)	parent(harry_potter, lily_luna_potter)	1
professor(P)	professor(severus_snape)	1
creature(thestral)	creature(thestral)	1
parent(X, P)	parent(lucius_malfoy, draco_malfoy)	1
muggle(_EX3)	muggle(petunia_dursley)	1
parent(harry_potter, X)	parent(harry_potter, lily_luna_potter)	1
parent(X, P)	parent(arthur_weasley, ron_weasley)	1
member_of(harry_potter, order_of_the_phoenix)	member_of(harry_potter, order_of_the_phoenix)	1
house(hufflepuff, P)	house(hufflepuff, pomona_sprout)	1
male(P)	male(horace_slughorn)	1
male(P)	male(newt_scamander)	1
teaches(X, P)	teaches(gilderoy_lockhart, defense_against_the_dark_arts)	1
parent(ginny_weasley, Y)	parent(ginny_weasley, albus_severus_potter)	1
member_of(_EX4, death_eaters)	member_of(lucius_malfoy, death_eaters)	1
enemy(X, P)	enemy(bellatrix_lestrange, sirius_black)	1
parent(P, james_sirius_potter)	parent(ginny_weasley, james_sirius_potter)	1
house(slytherin, _EX5)	house(slytherin, regulus_black)	1
parent(P, Y)	parent(ron_weasley, rose_weasley)	1
muggle(_EX4)	muggle(marge_dursley)	1
enemy(peter_pettigrew, _EX1)	enemy(peter_pettigrew, sirius_black)	1
parent(_EX3, Y)	parent(ron_weasley, rose_weasley)	1
male(_EX2)	male(remus_lupin)	1
parent(harry_potter, X)	parent(harry_potter, albus_severus_potter)	1
enemy(P, _EX2)	enemy(voldemort, harry_potter)	1
parent(_EX3, Y)	parent(harry_potter, lily_luna_potter)	1
member_of(_EX2, dumbledores_army)	member_of(cho_chang, dumbledores_army)	1
parent(P, _EX3)	parent(ginny_weasley, lily_luna_potter)	1
member_of(_EX4, dumbledores_army)	member_of(luna_lovegood, dumbledores_army)	1
muggle(_EX4)	muggle(dudley_dursley)	1
teaches(P, X)	teaches(horace_slughorn, potions)	1
subject(P)	subject(divination)	1
parent(P, Z)	parent(arthur_weasley, fred_weasley)	1
female(_EX0)	female(alice_longbottom)	1
parent(X, _EX3)	parent(james_potter, harry_potter)	1
ancestor(_EX2, Z)	ancestor(X, Y) :- ancestor(Z, Y), parent(X, Z)	1
muggleborn(P)	muggleborn(colin_creevey)	1
parent(P, _EX5)	parent(james_potter, harry_potter)	1
parent(P, Y)	parent(arthur_weasley, bill_weasley)	1
parent(P, Y)	parent(harry_potter, albus_severus_potter)	1
house(gryffindor, _EX1)	house(gryffindor, petter_pettigrew)	1
enemy(P, Z)	enemy(voldemort, harry_potter)	1
member_of(P, death_eaters)	member_of(severus_snape, death_eaters)	1
enemy(arthur_weasley, Y)	enemy(X, Y) :- member_of(X, order_of_the_phoenix), member_of(Y, death_eaters)	1
hates(Y, _EX2)	hates(X, Y) :- deatheater(X), squib(Y)	1
house(slytherin, P)	house(slytherin, draco_malfoy)	1
parent(X, P)	parent(frank_longbottom, neville_longbottom)	1
teaches(P, X)	teaches(alastor_moody, defense_against_the_dark_arts)	1
parent(X, P)	parent(james_potter, harry_potter)	1
parent(_EX2, Z)	parent(arthur_weasley, fred_weasley)	1
ancestor(harry_potter, _EX3)	ancestor(X, Y) :- parent(X, Y)	1
house(slytherin, _EX1)	house(slytherin, tom_riddle)	1
parent(harry_potter, Y)	parent(harry_potter, james_sirius_potter)	1
member_of(_EX2, death_eaters)	member_of(lucius_malfoy, death_eaters)	1
member_of(_EX1, dumbledores_army)	member_of(hermione_granger, dumbledores_army)	1
professor(P)	professor(minerva_mcgonagall)	1
squib(arabella_figg)	squib(arabella_figg)	1
subject(P)	subject(history_of_magic)	1
parent(P, _EX3)	parent(ron_weasley, rose_weasley)	1
member_of(remus_lupin, order_of_the_phoenix)	member_of(remus_lupin, order_of_the_phoenix)	1
creature(Z)	creature(trevor)	1
ancestor(ron_weasley, _EX4)	ancestor(X, Y) :- parent(X, Y)	1
parent(P, Y)	parent(molly_weasley, bill_weasley)	1
enemy(P, Z)	enemy(gilderoy_lockhart, ron_weasley)	1
house(gryffindor, P)	house(gryffindor, george_weasley)	1
male(_EX2)	male(ron_weasley)	1
house(hufflepuff, P)	house(hufflepuff, cedric_diggory)	1
member_of(X, dumbledores_army)	member_of(cho_chang, dumbledores_army)	1
enemy(P, Z)	enemy(voldemort, rubeus_hagrid)	1
enemy(X, P)	enemy(gilderoy_lockhart, harry_potter)	1
member_of(_EX0, death_eaters)	member_of(bellatrix_lestrange, death_eaters)	1
parent(P, _EX3)	parent(frank_longbottom, neville_longbottom)	1
enemy(P, _EX2)	enemy(dolores_umbridge, ron_weasley)	1
member_of(Z, dumbledores_army)	member_of(george_weasley, dumbledores_army)	1
enemy(X, P)	enemy(draco_malfoy, ron_weasley)	1
parent(Z, _EX3)	parent(molly_weasley, charlie_weasley)	1
house(gryffindor, _EX1)	house(gryffindor, charlie_weasley)	1
enemy(severus_snape, _EX4)	enemy(X, Y) :- member_of(X, death_eaters), member_of(Y, dumbledores_army)	1
parent(P, _EX3)	parent(harry_potter, albus_severus_potter)	1
enemy(X, P)	enemy(draco_malfoy, hermione_granger)	1
parent(P, _EX5)	parent(alice_longbottom, neville_longbottom)	1
pure_blood(_EX2)	pure_blood(ron_weasley)	1
enemy(X, P)	enemy(vernon_dursley, harry_potter)	1
enemy(P, Z)	enemy(dolores_umbridge, ron_weasley)	1
subject(P)	subject(transfiguration)	1
owns(X, P)	owns(albus_dumbledore, fawkes)	1
parent(Z, _EX3)	parent(alice_longbottom, neville_longbottom)	1
house(gryffindor, _EX1)	house(gryffindor, bill_weasley)	1
parent(harry_potter, _EX4)	parent(harry_potter, james_sirius_potter)	1
house(slytherin, _EX5)	house(slytherin, draco_malfoy)	1
subject(P)	subject(defense_against_the_dark_arts)	1
muggleborn(colin_creevey)	muggleborn(colin_creevey)	1
member_of(_EX1, order_of_the_phoenix)	member_of(harry_potter, order_of_the_phoenix)	1
parent(P, _EX5)	parent(arthur_weasley, charlie_weasley)	1
enemy(P, X)	enemy(gilderoy_lockhart, severus_snape)	1
pure_blood(_EX2)	pure_blood(narcissa_malfoy)	1
parent(Z, _EX3)	parent(molly_weasley, ginny_weasley)	1
female(_EX0)	female(molly_weasley)	1
house(slytherin, _EX2)	house(slytherin, narcissa_malfoy)	1
parent(P, _EX3)	parent(molly_weasley, bill_weasley)	1
parent(P, ron_weasley)	parent(arthur_weasley, ron_weasley)	1
parent(X, P)	parent(arthur_weasley, charlie_weasley)	1
parent(_EX3, ginny_weasley)	parent(molly_weasley, ginny_weasley)	1
house(slytherin, _EX2)	house(slytherin, horace_slughorn)	1
member_of(_EX2, dumbledores_army)	member_of(fred_weasley, dumbledores_army)	1
ancestor(ron_weasley, Y)	ancestor(X, Y) :- parent(X, Y)	1
parent(P, Z)	parent(xenophilius_lovegood, luna_lovegood)	1
female(_EX0)	female(rowena_ravenclaw)	1
parent(P, X)	parent(alice_longbottom, neville_longbottom)	1
pure_blood(_EX2)	pure_blood(percy_weasley)	1
member_of(_EX3, dumbledores_army)	member_of(george_weasley, dumbledores_army)	1
parent(Z, _EX3)	parent(hermione_granger, hugo_weasley)	1
parent(_EX2, Z)	parent(molly_weasley, charlie_weasley)	1
member_of(P, death_eaters)	member_of(narcissa_malfoy, death_eaters)	1
male(_EX2)	male(george_weasley)	1
male(P)	male(sirius_black)	1
member_of(_EX1, death_eaters)	member_of(narcissa_malfoy, death_eaters)	1
deatheater(peter_pettigrew)	deatheater(X) :- member_of(X, death_eaters)	1
male(_EX2)	male(james_potter)	1
enemy(P, X)	enemy(gilderoy_lockhart, harry_potter)	1
squib(_EX4)	squib(arabella_figg)	1
parent(harry_potter, Y)	parent(harry_potter, lily_luna_potter)	1
member_of(X, dumbledores_army)	member_of(harry_potter, dumbledores_army)	1
subject(P)	subject(potions)	1
female(_EX0)	female(luna_lovegood)	1
member_of(P, dumbledores_army)	member_of(ron_weasley, dumbledores_army)	1
enemy(P, X)	enemy(draco_malfoy, ron_weasley)	1
enemy(P, X)	enemy(peter_pettigrew, remus_lupin)	1
enemy(X, P)	enemy(quirinus_quirrell, ron_weasley)	1
parent(P, _EX5)	parent(molly_weasley, percy_weasley)	1
parent(_EX2, Z)	parent(arthur_weasley, percy_weasley)	1
member_of(_EX5, death_eaters)	member_of(peter_pettigrew, death_eaters)	1
enemy(P, X)	enemy(draco_malfoy, hermione_granger)	1
enemy(_EX1, hermione_granger)	enemy(dolores_umbridge, hermione_granger)	1
pure_blood(P)	pure_blood(bill_weasley)	1
enemy(_EX1, hermione_granger)	enemy(gilderoy_lockhart, hermione_granger)	1
ancestor(_EX2, Z)	ancestor(X, Y) :- parent(X, Y)	1
enemy(P, X)	enemy(vernon_dursley, harry_potter)	1
parent(X, P)	parent(molly_weasley, percy_weasley)	1
member_of(_EX3, death_eaters)	member_of(bellatrix_lestrange, death_eaters)	1
parent(Z, _EX3)	parent(arthur_weasley, bill_weasley)	1
parent(_EX3, Y)	parent(molly_weasley, charlie_weasley)	1
parent(harry_potter, Y)	parent(harry_potter, albus_severus_potter)	1
parent(P, Z)	parent(harry_potter, lily_luna_potter)	1
descendant(X, P)	descendant(X, Y) :- ancestor(Y, X)	1
enemy(P, X)	enemy(X, Y) :- member_of(X, order_of_the_phoenix), member_of(Y, death_eaters)	1
male(_EX2)	male(cedric_diggory)	1
female(_EX0)	female(lily_luna_potter)	1
pure_blood(P)	pure_blood(draco_malfoy)	1
male(P)	male(argus_filch)	1
ancestor(_EX3, Y)	ancestor(X, Y) :- ancestor(Z, Y), parent(X, Z)	1
enemy(P, Z)	enemy(dolores_umbridge, harry_potter)	1
house(gryffindor, _EX1)	house(gryffindor, sirius_black)	1
parent(_EX3, Y)	parent(arthur_weasley, percy_weasley)	1
parent(P, Y)	parent(molly_weasley, ginny_weasley)	1
parent(Z, P)	parent(xenophilius_lovegood, luna_lovegood)	1
parent(_EX3, Y)	parent(molly_weasley, ginny_weasley)	1
parent(Z, _EX3)	parent(molly_weasley, bill_weasley)	1
house(gryffindor, P)	house(gryffindor, fred_weasley)	1
female(_EX0)	female(narcissa_malfoy)	1
muggleborn(P)	muggleborn(hermione_granger)	1
member_of(_EX4, death_eaters)	member_of(peter_pettigrew, death_eaters)	1
parent(arthur_weasley, P)	parent(arthur_weasley, bill_weasley)	1
enemy(P, _EX2)	enemy(bellatrix_lestrange, neville_longbottom)	1
house(slytherin, _EX5)	house(slytherin, horace_slughorn)	1
ancestor(P, Z)	ancestor(X, Y) :- ancestor(Z, Y), parent(X, Z)	1
parent(P, _EX4)	parent(xenophilius_lovegood, luna_lovegood)	1
parent(harry_potter, _EX3)	parent(harry_potter, lily_luna_potter)	1
parent(P, Y)	parent(ron_weasley, hugo_weasley)	1
in_slytherin(_EX2)	in_slytherin(X) :- house(slytherin, X)	1
parent(_EX2, P)	parent(arthur_weasley, percy_weasley)	1
parent(_EX2, Z)	parent(arthur_weasley, bill_weasley)	1
parent(P, _EX4)	parent(arthur_weasley, percy_weasley)	1
house(gryffindor, _EX2)	house(gryffindor, ginny_weasley)	1
parent(P, _EX3)	parent(molly_weasley, charlie_weasley)	1
parent(P, X)	parent(molly_weasley, bill_weasley)	1
parent(P, _EX5)	parent(hermione_granger, hugo_weasley)	1
enemy(P, Z)	enemy(bellatrix_lestrange, neville_longbottom)	1
parent(P, X)	parent(lucius_malfoy, draco_malfoy)	1
owns(P, fluffy)	owns(rubeus_hagrid, fluffy)	1
parent(X, P)	parent(ginny_weasley, albus_severus_potter)	1
member_of(X, dumbledores_army)	member_of(parvati_patil, dumbledores_army)	1
parent(harry_potter, _EX3)	parent(harry_potter, albus_severus_potter)	1
witch(_EX0)	witch(X) :- female(X), muggleborn(X)	1
male(_EX2)	male(quirinus_quirrell)	1
muggle(_EX2)	muggle(marge_dursley)	1
parent(P, X)	parent(arthur_weasley, ron_weasley)	1
parent(P, _EX3)	parent(arthur_weasley, percy_weasley)	1
teaches(P, X)	teaches(pomona_sprout, herbology)	1
parent(P, _EX3)	parent(molly_weasley, ginny_weasley)	1
muggle(_EX2)	muggle(dudley_dursley)	1
member_of(Y, dumbledores_army)	member_of(neville_longbottom, dumbledores_army)	1
wizard(_EX2)	wizard(X) :- male(X), pure_blood(X)	1
male(_EX2)	male(james_sirius_potter)	1
half_blood(tom_riddle)	half_blood(tom_riddle)	1
muggle(_EX0)	muggle(marge_dursley)	1
member_of(_EX4, death_eaters)	member_of(bellatrix_lestrange, death_eaters)	1
member_of(P, dumbledores_army)	member_of(luna_lovegood, dumbledores_army)	1
parent(P, _EX5)	parent(vernon_dursley, dudley_dursley)	1
hates(Y, _EX0)	hates(X, Y) :- deatheater(X), muggleborn(Y)	1
parent(_EX3, Y)	parent(arthur_weasley, bill_weasley)	1
parent(_EX3, Y)	parent(harry_potter, albus_severus_potter)	1
parent(P, Y)	parent(molly_weasley, percy_weasley)	1
house(gryffindor, P)	house(gryffindor, bill_weasley)	1
teaches(X, P)	teaches(horace_slughorn, potions)	1
parent(P, Z)	parent(molly_weasley, george_weasley)	1
parent(X, P)	parent(vernon_dursley, dudley_dursley)	1
enemy(X, P)	enemy(voldemort, wizarding_world)	1
parent(Z, P)	parent(arthur_weasley, george_weasley)	1
magical(aragog)	magical(aragog)	1
member_of(Z, death_eaters)	member_of(lucius_malfoy, death_eaters)	1
creature(Z)	creature(scabbers)	1
subject(P)	subject(astronomy)	1
deatheater(_EX4)	deatheater(X) :- member_of(X, death_eaters)	1
female(_EX0)	female(ginny_weasley)	1
enemy(severus_snape, _EX4)	enemy(X, Y) :- member_of(X, order_of_the_phoenix), member_of(Y, death_eaters)	1
parent(Z, _EX3)	parent(arthur_weasley, george_weasley)	1
parent(P, Z)	parent(arthur_weasley, ron_weasley)	1
in_slytherin(_EX1)	in_slytherin(X) :- house(slytherin, X)	1
male(P)	male(dudley_dursley)	1
muggle(_EX1)	muggle(petunia_dursley)	1
enemy(P, Z)	enemy(marge_dursley, harry_potter)	1
member_of(_EX2, death_eaters)	member_of(voldemort, death_eaters)	1
parent(P, _EX3)	parent(arthur_weasley, bill_weasley)	1
muggleborn(_EX1)	muggleborn(colin_creevey)	1
magical_creature(fawkes)	magical_creature(X) :- creature(X), magical(X)	1
creature(nagini)	creature(nagini)	1
member_of(narcissa_malfoy, death_eaters)	member_of(narcissa_malfoy, death_eaters)	1
enemy(P, _EX2)	enemy(dudley_dursley, harry_potter)	1
member_of(Y, dumbledores_army)	member_of(fred_weasley, dumbledores_army)	1
enemy(P, harry_potter)	enemy(marge_dursley, harry_potter)	1
member_of(_EX0, order_of_the_phoenix)	member_of(severus_snape, order_of_the_phoenix)	1
magical_pet(P, fluffy)	magical_pet(X, Y) :- magical_creature(Y), owns(X, Y)	1
parent(_EX2, Z)	parent(arthur_weasley, ron_weasley)	1
parent(_EX2, Z)	parent(molly_weasley, fred_weasley)	1
parent(X, _EX3)	parent(xenophilius_lovegood, luna_lovegood)	1
hates(Y, _EX2)	hates(X, Y) :- deatheater(X), muggleborn(Y)	1
hates(narcissa_malfoy, _EX1)	hates(X, Y) :- deatheater(X), muggle(Y)	1
member_of(P, dumbledores_army)	member_of(cho_chang, dumbledores_army)	1
female(_EX0)	female(rose_weasley)	1
ancestor(arthur_weasley, P)	ancestor(X, Y) :- ancestor(Z, Y), parent(X, Z)	1
enemy(_EX1, hermione_granger)	enemy(voldemort, hermione_granger)	1
male(P)	male(vincent_crabble)	1
parent(P, _EX4)	parent(ginny_weasley, james_sirius_potter)	1
male(_EX2)	male(dudley_dursley)	1
house(gryffindor, _EX2)	house(gryffindor, minerva_mccgonall)	1
enemy(P, X)	enemy(voldemort, hermione_granger)	1
enemy(P, X)	enemy(voldemort, wizarding_world)	1
wizard(_EX2)	wizard(X) :- male(X), muggleborn(X)	1
ancestor(P, Z)	ancestor(X, Y) :- parent(X, Y)	1
magical(crookshanks)	magical(crookshanks)	1
enemy(P, _EX2)	enemy(cormac_mclaggen, ron_weasley)	1
male(P)	male(frank_longbottom)	1
parent(Z, _EX3)	parent(ron_weasley, hugo_weasley)	1
parent(X, P)	parent(petunia_dursley, dudley_dursley)	1
enemy(P, harry_potter)	enemy(dudley_dursley, harry_potter)	1
member_of(_EX1, dumbledores_army)	member_of(seamus_finnigan, dumbledores_army)	1
parent(P, Y)	parent(vernon_dursley, dudley_dursley)	1
squib(_EX3)	squib(arabella_figg)	1
parent(P, Z)	parent(james_potter, harry_potter)	1
parent(_EX3, Y)	parent(arthur_weasley, ginny_weasley)	1
parent(_EX3, Y)	parent(molly_weasley, fred_weasley)	1
in_gryffindor(P)	in_gryffindor(X) :- house(gryffindor, X)	1
enemy(P, Z)	enemy(voldemort, albus_dumbledore)	1
pure_blood(P)	pure_blood(james_potter)	1
creature(aragog)	creature(aragog)	1
enemy(P, Z)	enemy(cormac_mclaggen, ron_weasley)	1
parent(P, X)	parent(arthur_weasley, charlie_weasley)	1
member_of(_EX1, dumbledores_army)	member_of(padma_patil, dumbledores_army)	1
member_of(Z, dumbledores_army)	member_of(neville_longbottom, dumbledores_army)	1
member_of(_EX5, dumbledores_army)	member_of(padma_patil, dumbledores_army)	1
parent(_EX2, P)	parent(molly_weasley, fred_weasley)	1
male(P)	male(albus_severus_potter)	1
parent(P, _EX4)	parent(arthur_weasley, ron_weasley)	1
enemy(lucius_malfoy, Z)	enemy(X, Y) :- member_of(X, death_eaters), member_of(Y, dumbledores_army)	1
parent(ginny_weasley, _EX3)	parent(ginny_weasley, albus_severus_potter)	1
parent(james_potter, P)	parent(james_potter, harry_potter)	1
member_of(_EX1, death_eaters)	member_of(severus_snape, death_eaters)	1
parent(_EX2, Z)	parent(ron_weasley, hugo_weasley)	1
house(gryffindor, _EX1)	house(gryffindor, hermione_granger)	1
parent(_EX3, harry_potter)	parent(james_potter, harry_potter)	1
enemy(X, P)	enemy(petunia_dursley, harry_potter)	1
ancestor(P, james_sirius_potter)	ancestor(X, Y) :- ancestor(Z, Y), parent(X, Z)	1
parent(P, X)	parent(arthur_weasley, ginny_weasley)	1
enemy(X, P)	enemy(voldemort, rubeus_hagrid)	1
parent(P, _EX3)	parent(molly_weasley, fred_weasley)	1
professor(P)	professor(sybill_trelawney)	1
enemy(X, P)	enemy(peter_pettigrew, sirius_black)	1
enemy(albus_dumbledore, narcissa_malfoy)	enemy(X, Y) :- member_of(X, order_of_the_phoenix), member_of(Y, death_eaters)	1
parent(ginny_weasley, Z)	parent(ginny_weasley, lily_luna_potter)	1
parent(P, _EX4)	parent(molly_weasley, charlie_weasley)	1
pure_blood(_EX2)	pure_blood(lucius_malfoy)	1
ancestor(harry_potter, _EX4)	ancestor(X, Y) :- parent(X, Y)	1
pure_blood(_EX2)	pure_blood(bellatrix_lestrange)	1
hero(ron_weasley)	hero(X) :- chocolate_frog_card(X)	1
member_of(_EX5, dumbledores_army)	member_of(harry_potter, dumbledores_army)	1
parent(P, neville_longbottom)	parent(alice_longbottom, neville_longbottom)	1
enemy(X, P)	enemy(X, Y) :- member_of(X, death_eaters), member_of(Y, dumbledores_army)	1
parent(_EX3, Y)	parent(ginny_weasley, albus_severus_potter)	1
parent(_EX3, Y)	parent(ron_weasley, hugo_weasley)	1
parent(P, Y)	parent(harry_potter, james_sirius_potter)	1
parent(P, Y)	parent(petunia_dursley, dudley_dursley)	1
enemy(P, X)	enemy(quirinus_quirrell, hermione_granger)	1
member_of(Z, dumbledores_army)	member_of(fred_weasley, dumbledores_army)	1
female(_EX0)	female(lily_potter)	1
parent(X, _EX3)	parent(ginny_weasley, james_sirius_potter)	1
hates(narcissa_malfoy, _EX1)	hates(X, Y) :- deatheater(X), muggleborn(Y)	1
parent(X, P)	parent(arthur_weasley, fred_weasley)	1
male(P)	male(hugo_weasley)	1
member_of(severus_snape, death_eaters)	member_of(severus_snape, death_eaters)	1
male(P)	male(tom_riddle)	1
parent(X, P)	parent(lily_potter, harry_potter)	1
parent(P, _EX4)	parent(ginny_weasley, albus_severus_potter)	1
member_of(albus_dumbledore, order_of_the_phoenix)	member_of(albus_dumbledore, order_of_the_phoenix)	1
parent(X, P)	parent(ginny_weasley, james_sirius_potter)	1
ancestor(arthur_weasley, P)	ancestor(X, Y) :- parent(X, Y)	1
member_of(harry_potter, dumbledores_army)	member_of(harry_potter, dumbledores_army)	1
muggleborn(_EX3)	muggleborn(myrtle_warren)	1
enemy(P, X)	enemy(petunia_dursley, harry_potter)	1
house(gryffindor, _EX2)	house(gryffindor, colin_creevey)	1
half_blood(voldemort)	half_blood(voldemort)	1
enemy(P, X)	enemy(voldemort, rubeus_hagrid)	1
member_of(_EX5, death_eaters)	member_of(lucius_malfoy, death_eaters)	1
parent(P, X)	parent(ginny_weasley, albus_severus_potter)	1
parent(P, _EX3)	parent(ron_weasley, hugo_weasley)	1
creature(crookshanks)	creature(crookshanks)	1
parent(Z, _EX3)	parent(vernon_dursley, dudley_dursley)	1
teaches(X, P)	teaches(pomona_sprout, herbology)	1
member_of(_EX3, dumbledores_army)	member_of(fred_weasley, dumbledores_army)	1
member_of(_EX0, death_eaters)	member_of(voldemort, death_eaters)	1
female(_EX0)	female(fleur_delacour)	1
male(_EX2)	male(draco_malfoy)	1
enemy(P, X)	enemy(X, Y) :- member_of(X, death_eaters), member_of(Y, dumbledores_army)	1
ancestor(ginny_weasley, X)	ancestor(X, Y) :- parent(X, Y)	1
enemy(_EX1, hermione_granger)	enemy(draco_malfoy, hermione_granger)	1
parent(X, P)	parent(narcissa_malfoy, draco_malfoy)	1
member_of(_EX1, dumbledores_army)	member_of(parvati_patil, dumbledores_army)	1
house(gryffindor, _EX1)	house(gryffindor, minerva_mccgonall)	1
member_of(X, death_eaters)	member_of(peter_pettigrew, death_eaters)	1
parent(P, X)	parent(vernon_dursley, dudley_dursley)	1
member_of(Z, death_eaters)	member_of(narcissa_malfoy, death_eaters)	1
parent(ginny_weasley, james_sirius_potter)	parent(ginny_weasley, james_sirius_potter)	1
enemy(P, Z)	enemy(dolores_umbridge, george_weasley)	1
member_of(Y, death_eaters)	member_of(peter_pettigrew, death_eaters)	1
female(_EX0)	female(parvati_patil)	1
member_of(P, death_eaters)	member_of(lucius_malfoy, death_eaters)	1
male(P)	male(salazar_slytherin)	1
pure_blood(_EX2)	pure_blood(george_weasley)	1
enemy(P, _EX2)	enemy(voldemort, hermione_granger)	1
parent(P, Y)	parent(frank_longbottom, neville_longbottom)	1
member_of(_EX0, order_of_the_phoenix)	member_of(arthur_weasley, order_of_the_phoenix)	1
hates(P, _EX3)	hates(X, Y) :- deatheater(X), muggle(Y)	1
parent(P, _EX5)	parent(xenophilius_lovegood, luna_lovegood)	1
parent(P, Y)	parent(lily_potter, harry_potter)	1
enemy(remus_lupin, _EX1)	enemy(X, Y) :- member_of(X, order_of_the_phoenix), member_of(Y, death_eaters)	1
member_of(P, dumbledores_army)	member_of(padma_patil, dumbledores_army)	1
parent(X, _EX3)	parent(arthur_weasley, percy_weasley)	1
destroyed(P, Y)	destroyed(voldemort, harry_potter)	1
member_of(_EX3, death_eaters)	member_of(draco_malfoy, death_eaters)	1
pure_blood(_EX2)	pure_blood(neville_longbottom)	1
male(george_weasley)	male(george_weasley)	1
male(P)	male(ron_weasley)	1
professor(P)	professor(alastor_moody)	1
enemy(P, X)	enemy(draco_malfoy, harry_potter)	1
enemy(X, P)	enemy(gilderoy_lockhart, severus_snape)	1
member_of(X, order_of_the_phoenix)	member_of(harry_potter, order_of_the_phoenix)	1
house(gryffindor, P)	house(gryffindor, james_potter)	1
male(_EX2)	male(salazar_slytherin)	1
pure_blood(P)	pure_blood(neville_longbottom)	1
parent(_EX2, P)	parent(petunia_dursley, dudley_dursley)	1
member_of(_EX5, dumbledores_army)	member_of(seamus_finnigan, dumbledores_army)	1
parent(Z, _EX3)	parent(petunia_dursley, dudley_dursley)	1
enemy(X, P)	enemy(voldemort, ron_weasley)	1
pure_blood(_EX2)	pure_blood(draco_malfoy)	1
house(slytherin, _EX5)	house(slytherin, bellatrix_lestrange)	1
parent(ron_weasley, P)	parent(ron_weasley, rose_weasley)	1
member_of(P, order_of_the_phoenix)	member_of(molly_weasley, order_of_the_phoenix)	1
member_of(_EX3, death_eaters)	member_of(voldemort, death_eaters)	1
pure_blood(ginny_weasley)	pure_blood(ginny_weasley)	1
parent(P, Y)	parent(narcissa_malfoy, draco_malfoy)	1
house(slytherin, _EX1)	house(slytherin, vincent_crabbe)	1
member_of(_EX2, dumbledores_army)	member_of(parvati_patil, dumbledores_army)	1
male(_EX2)	male(harry_potter)	1
parent(P, X)	parent(petunia_dursley, dudley_dursley)	1
male(percy_weasley)	male(percy_weasley)	1
enemy(P, draco_malfoy)	enemy(X, Y) :- member_of(X, order_of_the_phoenix), member_of(Y, death_eaters)	1
teaches(X, P)	teaches(quirinus_quirrell, defense_against_the_dark_arts)	1
parent(Z, P)	parent(ginny_weasley, lily_luna_potter)	1
male(P)	male(seamus_finnigan)	1
parent(X, _EX3)	parent(arthur_weasley, george_weasley)	1
parent(Z, _EX3)	parent(lucius_malfoy, draco_malfoy)	1
subject(P)	subject(flying)	1
parent(P, Y)	parent(arthur_weasley, charlie_weasley)	1
house(gryffindor, _EX2)	house(gryffindor, seamus_finnigan)	1
male(P)	male(george_weasley)	1
member_of(X, order_of_the_phoenix)	member_of(alastor_moody, order_of_the_phoenix)	1
female(_EX0)	female(cho_chang)	1
male(_EX2)	male(albus_severus_potter)	1
house(gryffindor, _EX2)	house(gryffindor, fred_weasley)	1
male(bill_weasley)	male(bill_weasley)	1
member_of(_EX0, order_of_the_phoenix)	member_of(harry_potter, order_of_the_phoenix)	1
house(gryffindor, _EX2)	house(gryffindor, sirius_black)	1
parent(P, X)	parent(ginny_weasley, lily_luna_potter)	1
enemy(P, X)	enemy(voldemort, ron_weasley)	1
squib(_EX0)	squib(argus_filch)	1
male(P)	male(voldemort)	1
member_of(_EX2, death_eaters)	member_of(severus_snape, death_eaters)	1
parent(P, _EX3)	parent(alice_longbottom, neville_longbottom)	1
parent(X, P)	parent(hermione_granger, hugo_weasley)	1
subject(P)	subject(ancient_runes)	1
house(slytherin, P)	house(slytherin, narcissa_malfoy)	1
magical(P)	magical(nagini)	1
house(hufflepuff, _EX5)	house(hufflepuff, nymphadora_tonks)	1
parent(P, _EX5)	parent(ginny_weasley, james_sirius_potter)	1
parent(P, _EX4)	parent(ron_weasley, rose_weasley)	1
parent(_EX2, Z)	parent(lucius_malfoy, draco_malfoy)	1
house(ravenclaw, _EX0)	house(ravenclaw, luna_lovegood)	1
member_of(_EX1, dumbledores_army)	member_of(colin_creevey, dumbledores_army)	1
member_of(_EX0, death_eaters)	member_of(draco_malfoy, death_eaters)	1
house(ravenclaw, _EX0)	house(ravenclaw, padma_patil)	1
enemy(X, P)	enemy(voldemort, ginny_weasley)	1
parent(Z, _EX3)	parent(frank_longbottom, neville_longbottom)	1
parent(Z, P)	parent(harry_potter, albus_severus_potter)	1
parent(X, _EX3)	parent(hermione_granger, rose_weasley)	1
parent(_EX2, P)	parent(lily_potter, harry_potter)	1
house(gryffindor, _EX1)	house(gryffindor, george_weasley)	1
teaches(X, P)	teaches(sybill_trelawney, divination)	1
parent(P, Y)	parent(molly_weasley, charlie_weasley)	1
destroyed(P, Y)	destroyed(harry_potter, tom_riddles_diary)	1
male(lucius_malfoy)	male(lucius_malfoy)	1
parent(P, X)	parent(frank_longbottom, neville_longbottom)	1
parent(_EX3, Y)	parent(lucius_malfoy, draco_malfoy)	1
house(slytherin, _EX2)	house(slytherin, severus_snape)	1
parent(P, X)	parent(lily_potter, harry_potter)	1
parent(P, X)	parent(ginny_weasley, james_sirius_potter)	1
parent(P, _EX5)	parent(narcissa_malfoy, draco_malfoy)	1
parent(X, _EX3)	parent(molly_weasley, fred_weasley)	1
teaches(P, X)	teaches(albus_dumbledore, transfiguration)	1
house(gryffindor, _EX1)	house(gryffindor, remus_lupin)	1
house(slytherin, _EX5)	house(slytherin, gregory_goyle)	1
member_of(_EX4, dumbledores_army)	member_of(fred_weasley, dumbledores_army)	1
house(gryffindor, _EX2)	house(gryffindor, george_weasley)	1
parent(P, Y)	parent(arthur_weasley, george_weasley)	1
male(arthur_weasley)	male(arthur_weasley)	1
male(P)	male(quirinus_quirrell)	1
house(slytherin, _EX5)	house(slytherin, narcissa_malfoy)	1
member_of(alastor_moody, order_of_the_phoenix)	member_of(alastor_moody, order_of_the_phoenix)	1
ancestor(james_potter, Y)	ancestor(X, Y) :- ancestor(Z, Y), parent(X, Z)	1
parent(ron_weasley, _EX3)	parent(ron_weasley, rose_weasley)	1
female(_EX0)	female(bellatrix_lestrange)	1
hates(Y, _EX2)	hates(X, Y) :- deatheater(X), muggle(Y)	1
parent(Z, _EX3)	parent(narcissa_malfoy, draco_malfoy)	1
male(P)	male(percy_weasley)	1
house(slytherin, P)	house(slytherin, severus_snape)	1
member_of(_EX1, order_of_the_phoenix)	member_of(remus_lupin, order_of_the_phoenix)	1
male(_EX2)	male(albus_dumbledore)	1
parent(P, ginny_weasley)	parent(molly_weasley, ginny_weasley)	1
house(gryffindor, P)	house(gryffindor, percy_weasley)	1
male(P)	male(james_sirius_potter)	1
house(gryffindor, P)	house(gryffindor, lily_potter)	1
parent(_EX2, Z)	parent(harry_potter, albus_severus_potter)	1
parent(P, Y)	parent(hermione_granger, hugo_weasley)	1
member_of(Z, death_eaters)	member_of(bellatrix_lestrange, death_eaters)	1
member_of(P, dumbledores_army)	member_of(seamus_finnigan, dumbledores_army)	1
enemy(P, X)	enemy(voldemort, ginny_weasley)	1
house(hufflepuff, _EX5)	house(hufflepuff, cedric_diggory)	1
hates(peter_pettigrew, _EX4)	hates(X, Y) :- deatheater(X), squib(Y)	1
parent(P, X)	parent(narcissa_malfoy, draco_malfoy)	1
house(slytherin, P)	house(slytherin, tom_riddle)	1
parent(ginny_weasley, Y)	parent(ginny_weasley, james_sirius_potter)	1
member_of(_EX1, death_eaters)	member_of(draco_malfoy, death_eaters)	1
parent(P, _EX3)	parent(lucius_malfoy, draco_malfoy)	1
parent(Z, _EX3)	parent(arthur_weasley, charlie_weasley)	1
muggle(_EX2)	muggle(vernon_dursley)	1
enemy(remus_lupin, _EX3)	enemy(X, Y) :- member_of(X, order_of_the_phoenix), member_of(Y, death_eaters)	1
member_of(_EX4, death_eaters)	member_of(narcissa_malfoy, death_eaters)	1
pure_blood(_EX2)	pure_blood(james_potter)	1
member_of(P, order_of_the_phoenix)	member_of(albus_dumbledore, order_of_the_phoenix)	1
parent(P, Z)	parent(alice_longbottom, neville_longbottom)	1
parent(_EX3, Y)	parent(frank_longbottom, neville_longbottom)	1
enemy(peter_pettigrew, _EX1)	enemy(X, Y) :- member_of(X, death_eaters), member_of(Y, dumbledores_army)	1
parent(P, Z)	parent(ginny_weasley, james_sirius_potter)	1
deatheater(Y)	deatheater(X) :- member_of(X, death_eaters)	1
enemy(P, _EX2)	enemy(dolores_umbridge, ginny_weasley)	1
member_of(_EX1, death_eaters)	member_of(voldemort, death_eaters)	1
male(neville_longbottom)	male(neville_longbottom)	1
male(_EX2)	male(alastor_moody)	1
enemy(arthur_weasley, _EX5)	enemy(X, Y) :- member_of(X, order_of_the_phoenix), member_of(Y, death_eaters)	1
member_of(X, order_of_the_phoenix)	member_of(molly_weasley, order_of_the_phoenix)	1
female(_EX0)	female(pomona_sprout)	1
house(slytherin, _EX5)	house(slytherin, severus_snape)	1
parent(arthur_weasley, P)	parent(arthur_weasley, charlie_weasley)	1
parent(Z, _EX3)	parent(arthur_weasley, ginny_weasley)	1
member_of(_EX2, dumbledores_army)	member_of(neville_longbottom, dumbledores_army)	1
member_of(_EX5, dumbledores_army)	member_of(hermione_granger, dumbledores_army)	1
enemy(P, _EX2)	enemy(dolores_umbridge, harry_potter)	1
parent(X, P)	parent(harry_potter, lily_luna_potter)	1
enemy(P, _EX2)	enemy(dolores_umbridge, fred_weasley)	1
parent(_EX3, ginny_weasley)	parent(arthur_weasley, ginny_weasley)	1
parent(ron_weasley, _EX4)	parent(ron_weasley, hugo_weasley)	1
enemy(P, Z)	enemy(quirinus_quirrell, ron_weasley)	1
enemy(P, Z)	enemy(dolores_umbridge, ginny_weasley)	1
parent(Z, P)	parent(molly_weasley, charlie_weasley)	1
house(gryffindor, _EX1)	house(gryffindor, fred_weasley)	1
magical_creature(Z)	magical_creature(X) :- creature(X), magical(X)	1
parent(P, _EX3)	parent(james_potter, harry_potter)	1
parent(_EX3, Y)	parent(alice_longbottom, neville_longbottom)	1
member_of(X, order_of_the_phoenix)	member_of(nymphadora_tonks, order_of_the_phoenix)	1
parent(_EX2, P)	parent(molly_weasley, charlie_weasley)	1
muggleborn(_EX4)	muggleborn(lily_potter)	1
house(gryffindor, _EX1)	house(gryffindor, percy_weasley)	1
parent(Z, P)	parent(alice_longbottom, neville_longbottom)	1
parent(arthur_weasley, P)	parent(arthur_weasley, ginny_weasley)	1
member_of(X, death_eaters)	member_of(lucius_malfoy, death_eaters)	1
pure_blood(P)	pure_blood(fred_weasley)	1
member_of(_EX4, dumbledores_army)	member_of(colin_creevey, dumbledores_army)	1
member_of(Z, dumbledores_army)	member_of(luna_lovegood, dumbledores_army)	1
member_of(Y, dumbledores_army)	member_of(ginny_weasley, dumbledores_army)	1
pure_blood(narcissa_malfoy)	pure_blood(narcissa_malfoy)	1
ancestor(P, _EX4)	ancestor(X, Y) :- parent(X, Y)	1
member_of(_EX0, death_eaters)	member_of(severus_snape, death_eaters)	1
male(_EX2)	male(gregory_goyle)	1
parent(_EX3, Y)	parent(arthur_weasley, charlie_weasley)	1
female(_EX0)	female(petunia_dursley)	1
parent(_EX2, P)	parent(alice_longbottom, neville_longbottom)	1
parent(ginny_weasley, _EX4)	parent(ginny_weasley, lily_luna_potter)	1
enemy(_EX1, hermione_granger)	enemy(X, Y) :- member_of(X, death_eaters), member_of(Y, dumbledores_army)	1
enemy(X, P)	enemy(X, Y) :- member_of(X, order_of_the_phoenix), member_of(Y, death_eaters)	1
parent(P, _EX4)	parent(alice_longbottom, neville_longbottom)	1
member_of(X, dumbledores_army)	member_of(neville_longbottom, dumbledores_army)	1
parent(_EX2, P)	parent(molly_weasley, ginny_weasley)	1
parent(P, Z)	parent(molly_weasley, charlie_weasley)	1
male(_EX2)	male(argus_filch)	1
member_of(P, order_of_the_phoenix)	member_of(minerva_mccgonagall, order_of_the_phoenix)	1
member_of(_EX4, death_eaters)	member_of(draco_malfoy, death_eaters)	1
enemy(P, Z)	enemy(dudley_dursley, harry_potter)	1
house(slytherin, _EX1)	house(slytherin, lucius_malfoy)	1
parent(P, _EX3)	parent(narcissa_malfoy, draco_malfoy)	1
enemy(X, P)	enemy(quirinus_quirrell, harry_potter)	1
creature(scabbers)	creature(scabbers)	1
deatheater(P)	deatheater(X) :- member_of(X, death_eaters)	1
member_of(_EX0, order_of_the_phoenix)	member_of(molly_weasley, order_of_the_phoenix)	1
parent(Z, _EX3)	parent(ginny_weasley, albus_severus_potter)	1
parent(P, Z)	parent(arthur_weasley, percy_weasley)	1
parent(P, Y)	parent(arthur_weasley, ginny_weasley)	1
ancestor(ron_weasley, Z)	ancestor(X, Y) :- parent(X, Y)	1
house(gryffindor, P)	house(gryffindor, ginny_weasley)	1
professor(P)	professor(filius_flitwick)	1
member_of(_EX1, order_of_the_phoenix)	member_of(severus_snape, order_of_the_phoenix)	1
parent(P, _EX4)	parent(molly_weasley, ron_weasley)	1
member_of(P, order_of_the_phoenix)	member_of(harry_potter, order_of_the_phoenix)	1
destroyed(P, Y)	destroyed(ron_weasley, slytherin_locket)	1
pure_blood(P)	pure_blood(percy_weasley)	1
member_of(_EX1, death_eaters)	member_of(lucius_malfoy, death_eaters)	1
parent(P, _EX3)	parent(arthur_weasley, charlie_weasley)	1
parent(P, ginny_weasley)	parent(arthur_weasley, ginny_weasley)	1
teaches(P, X)	teaches(rubeus_hagrid, care_of_magical_creatures)	1
enemy(X, P)	enemy(voldemort, harry_potter)	1
creature(Z)	creature(nagini)	1
parent(P, _EX3)	parent(hermione_granger, rose_weasley)	1
muggle(_EX0)	muggle(dudley_dursley)	1
parent(Z, P)	parent(arthur_weasley, bill_weasley)	1
muggle(_EX0)	muggle(petunia_dursley)	1
parent(_EX2, Z)	parent(molly_weasley, ginny_weasley)	1
parent(P, X)	parent(hermione_granger, hugo_weasley)	1
member_of(_EX1, order_of_the_phoenix)	member_of(alastor_moody, order_of_the_phoenix)	1
magical(P)	magical(thestral)	1
parent(_EX2, P)	parent(molly_weasley, percy_weasley)	1
parent(P, _EX5)	parent(harry_potter, james_sirius_potter)	1
house(gryffindor, P)	house(gryffindor, colin_creevey)	1
member_of(X, dumbledores_army)	member_of(ginny_weasley, dumbledores_army)	1
parent(P, _EX4)	parent(arthur_weasley, bill_weasley)	1
member_of(X, dumbledores_army)	member_of(fred_weasley, dumbledores_army)	1
ancestor(harry_potter, Y)	ancestor(X, Y) :- parent(X, Y)	1
parent(_EX2, Z)	parent(ginny_weasley, albus_severus_potter)	1
hates(_EX1, _EX0)	hates(X, Y) :- deatheater(X), squib(Y)	1
enemy(P, Z)	enemy(voldemort, wizarding_world)	1
parent(Z, P)	parent(molly_weasley, bill_weasley)	1
creature(Z)	creature(thestral)	1
house(hufflepuff, _EX5)	house(hufflepuff, newt_scamander)	1
creature(unicorn)	creature(unicorn)	1
parent(P, _EX3)	parent(arthur_weasley, ginny_weasley)	1
member_of(_EX3, death_eaters)	member_of(severus_snape, death_eaters)	1
teaches(X, P)	teaches(minerva_mcgonagall, transfiguration)	1
enemy(P, X)	enemy(quirinus_quirrell, harry_potter)	1
member_of(_EX0, death_eaters)	member_of(narcissa_malfoy, death_eaters)	1
parent(P, X)	parent(molly_weasley, percy_weasley)	1
member_of(_EX5, death_eaters)	member_of(bellatrix_lestrange, death_eaters)	1
enemy(harry_potter, _EX1)	enemy(X, Y) :- member_of(X, order_of_the_phoenix), member_of(Y, death_eaters)	1
male(P)	male(bill_weasley)	1
creature(norbert)	creature(norbert)	1
parent(P, _EX4)	parent(lucius_malfoy, draco_malfoy)	1
house(slytherin, _EX1)	house(slytherin, horace_slughorn)	1
member_of(_EX1, dumbledores_army)	member_of(harry_potter, dumbledores_army)	1
pure_blood(P)	pure_blood(ginny_weasley)	1
parent(P, Y)	parent(ginny_weasley, albus_severus_potter)	1
ancestor(ginny_weasley, _EX4)	ancestor(X, Y) :- parent(X, Y)	1
parent(P, Y)	parent(arthur_weasley, fred_weasley)	1
creature(Z)	creature(norbert)	1
descendant(_EX4, james_potter)	descendant(X, Y) :- ancestor(Y, X)	1
enemy(X, P)	enemy(dolores_umbridge, ron_weasley)	1
enemy(P, harry_potter)	enemy(gilderoy_lockhart, harry_potter)	1
member_of(Z, dumbledores_army)	member_of(ginny_weasley, dumbledores_army)	1
parent(X, _EX3)	parent(alice_longbottom, neville_longbottom)	1
chocolate_frog_card(ron_weasley)	chocolate_frog_card(ron_weasley)	1
ancestor(harry_potter, _EX5)	ancestor(X, Y) :- parent(X, Y)	1
parent(_EX3, Y)	parent(hermione_granger, hugo_weasley)	1
enemy(P, X)	enemy(voldemort, harry_potter)	1
teaches(P, X)	teaches(sybill_trelawney, divination)	1
magical(P)	magical(unicorn)	1
parent(ginny_weasley, P)	parent(ginny_weasley, lily_luna_potter)	1
parent(harry_potter, james_sirius_potter)	parent(harry_potter, james_sirius_potter)	1
member_of(P, dumbledores_army)	member_of(hermione_granger, dumbledores_army)	1
teaches(P, X)	teaches(severus_snape, potions)	1
witch(narcissa_malfoy)	witch(X) :- female(X), pure_blood(X)	1
enemy(P, harry_potter)	enemy(vernon_dursley, harry_potter)	1
male(P)	male(draco_malfoy)	1
owns(X, P)	owns(rubeus_hagrid, aragog)	1
ancestor(james_potter, _EX4)	ancestor(X, Y) :- ancestor(Z, Y), parent(X, Z)	1
parent(P, james_sirius_potter)	parent(harry_potter, james_sirius_potter)	1
enemy(P, X)	enemy(gilderoy_lockhart, ron_weasley)	1
house(gryffindor, P)	house(gryffindor, parvati_patil)	1
parent(ron_weasley, X)	parent(ron_weasley, rose_weasley)	1
male(_EX2)	male(vincent_crabble)	1
enemy(lucius_malfoy, P)	enemy(X, Y) :- member_of(X, death_eaters), member_of(Y, dumbledores_army)	1
enemy(P, _EX2)	enemy(quirinus_quirrell, ron_weasley)	1
parent(P, _EX5)	parent(ron_weasley, rose_weasley)	1
parent(P, _EX3)	parent(ginny_weasley, albus_severus_potter)	1
parent(P, Z)	parent(hermione_granger, rose_weasley)	1
parent(P, neville_longbottom)	parent(frank_longbottom, neville_longbottom)	1
member_of(P, order_of_the_phoenix)	member_of(sirius_black, order_of_the_phoenix)	1
parent(ron_weasley, P)	parent(ron_weasley, hugo_weasley)	1
parent(_EX2, P)	parent(vernon_dursley, dudley_dursley)	1
member_of(_EX3, dumbledores_army)	member_of(ginny_weasley, dumbledores_army)	1
enemy(X, P)	enemy(voldemort, hermione_granger)	1
parent(P, _EX5)	parent(harry_potter, lily_luna_potter)	1
muggleborn(_EX2)	muggleborn(hermione_granger)	1
member_of(_EX2, death_eaters)	member_of(draco_malfoy, death_eaters)	1
parent(P, _EX3)	parent(hermione_granger, hugo_weasley)	1
male(_EX2)	male(frank_longbottom)	1
member_of(_EX4, death_eaters)	member_of(severus_snape, death_eaters)	1
parent(ginny_weasley, P)	parent(ginny_weasley, albus_severus_potter)	1
enemy(P, _EX2)	enemy(marge_dursley, harry_potter)	1
parent(ron_weasley, Z)	parent(ron_weasley, rose_weasley)	1
parent(Z, _EX3)	parent(harry_potter, lily_luna_potter)	1
parent(X, _EX3)	parent(arthur_weasley, bill_weasley)	1
enemy(P, X)	enemy(dolores_umbridge, ron_weasley)	1
parent(_EX2, Z)	parent(hermione_granger, rose_weasley)	1
wizard(_EX2)	wizard(X) :- male(X), half_blood(X)	1
parent(P, _EX5)	parent(harry_potter, albus_severus_potter)	1
hates(peter_pettigrew, _EX4)	hates(X, Y) :- deatheater(X), muggleborn(Y)	1
parent(P, Z)	parent(molly_weasley, fred_weasley)	1
male(P)	male(fred_weasley)	1
house(slytherin, _EX2)	house(slytherin, gregory_goyle)	1
female(_EX0)	female(hermione_granger)	1
male(P)	male(charlie_weasley)	1
member_of(_EX0, order_of_the_phoenix)	member_of(albus_dumbledore, order_of_the_phoenix)	1
parent(harry_potter, X)	parent(harry_potter, james_sirius_potter)	1
enemy(X, P)	enemy(dolores_umbridge, harry_potter)	1
parent(P, X)	parent(harry_potter, lily_luna_potter)	1
ancestor(P, _EX5)	ancestor(X, Y) :- ancestor(Z, Y), parent(X, Z)	1
muggle(_EX4)	muggle(vernon_dursley)	1
parent(X, _EX3)	parent(molly_weasley, bill_weasley)	1
house(gryffindor, _EX1)	house(gryffindor, ron_weasley)	1
male(charlie_weasley)	male(charlie_weasley)	1
parent(P, Y)	parent(xenophilius_lovegood, luna_lovegood)	1
parent(P, Z)	parent(ginny_weasley, lily_luna_potter)	1
parent(_EX3, Y)	parent(hermione_granger, rose_weasley)	1
parent(P, Y)	parent(arthur_weasley, percy_weasley)	1
member_of(X, death_eaters)	member_of(narcissa_malfoy, death_eaters)	1
member_of(P, dumbledores_army)	member_of(colin_creevey, dumbledores_army)	1
male(colin_creevey)	male(colin_creevey)	1
member_of(_EX1, order_of_the_phoenix)	member_of(molly_weasley, order_of_the_phoenix)	1
muggleborn(P)	muggleborn(myrtle_warren)	1
male(P)	male(colin_creevey)	1
ancestor(james_potter, Y)	ancestor(X, Y) :- parent(X, Y)	1
parent(Z, P)	parent(ron_weasley, hugo_weasley)	1
parent(X, P)	parent(xenophilius_lovegood, luna_lovegood)	1
enemy(P, _EX2)	enemy(voldemort, albus_dumbledore)	1
muggleborn(_EX3)	muggleborn(lily_potter)	1
member_of(Y, death_eaters)	member_of(narcissa_malfoy, death_eaters)	1
male(draco_malfoy)	male(draco_malfoy)	1
pure_blood(_EX2)	pure_blood(bill_weasley)	1
parent(_EX2, P)	parent(hermione_granger, rose_weasley)	1
parent(_EX2, Z)	parent(ginny_weasley, lily_luna_potter)	1
enemy(X, P)	enemy(bellatrix_lestrange, neville_longbottom)	1
member_of(_EX1, dumbledores_army)	member_of(cho_chang, dumbledores_army)	1
parent(Z, _EX3)	parent(arthur_weasley, fred_weasley)	1
parent(P, _EX4)	parent(hermione_granger, rose_weasley)	1
parent(_EX2, P)	parent(harry_potter, james_sirius_potter)	1
male(P)	male(gilderoy_lockhart)	1
parent(P, _EX4)	parent(ron_weasley, hugo_weasley)	1
parent(Z, _EX3)	parent(lily_potter, harry_potter)	1
parent(P, _EX5)	parent(molly_weasley, george_weasley)	1
parent(P, harry_potter)	parent(lily_potter, harry_potter)	1
ancestor(ron_weasley, X)	ancestor(X, Y) :- parent(X, Y)	1
parent(P, _EX4)	parent(harry_potter, james_sirius_potter)	1
teaches(X, P)	teaches(dolores_umbridge, defense_against_the_dark_arts)	1
member_of(_EX1, order_of_the_phoenix)	member_of(nymphadora_tonks, order_of_the_phoenix)	1
parent(P, Y)	parent(harry_potter, lily_luna_potter)	1
parent(X, P)	parent(molly_weasley, george_weasley)	1
enemy(X, P)	enemy(quirinus_quirrell, hermione_granger)	1
male(_EX2)	male(colin_creevey)	1
parent(P, Z)	parent(ginny_weasley, albus_severus_potter)	1
parent(Z, _EX3)	parent(molly_weasley, george_weasley)	1
ancestor(P, X)	ancestor(X, Y) :- ancestor(Z, Y), parent(X, Z)	1
enemy(P, _EX2)	enemy(dolores_umbridge, hermione_granger)	1
parent(P, X)	parent(arthur_weasley, fred_weasley)	1
enemy(P, X)	enemy(dolores_umbridge, harry_potter)	1
enemy(P, _EX2)	enemy(gilderoy_lockhart, hermione_granger)	1
house(P, nymphadora_tonks)	house(hufflepuff, nymphadora_tonks)	1
ancestor(james_potter, _EX4)	ancestor(X, Y) :- parent(X, Y)	1
parent(ron_weasley, _EX4)	parent(ron_weasley, rose_weasley)	1
parent(P, _EX3)	parent(petunia_dursley, dudley_dursley)	1
parent(P, _EX4)	parent(molly_weasley, fred_weasley)	1
magical(fluffy)	magical(fluffy)	1
member_of(Z, dumbledores_army)	member_of(padma_patil, dumbledores_army)	1
squib(_EX2)	squib(argus_filch)	1
parent(arthur_weasley, P)	parent(arthur_weasley, fred_weasley)	1
member_of(Z, death_eaters)	member_of(draco_malfoy, death_eaters)	1
member_of(Y, dumbledores_army)	member_of(ron_weasley, dumbledores_army)	1
member_of(P, order_of_the_phoenix)	member_of(severus_snape, order_of_the_phoenix)	1
destroyed(P, Y)	destroyed(hermione_granger, hufflepuff_cup)	1
enemy(P, Z)	enemy(dolores_umbridge, hermione_granger)	1
teaches(X, P)	teaches(rubeus_hagrid, care_of_magical_creatures)	1
parent(P, X)	parent(molly_weasley, george_weasley)	1
member_of(_EX0, order_of_the_phoenix)	member_of(minerva_mccgonagall, order_of_the_phoenix)	1
enemy(P, Z)	enemy(gilderoy_lockhart, hermione_granger)	1
parent(_EX2, Z)	parent(lily_potter, harry_potter)	1
parent(P, _EX4)	parent(ginny_weasley, lily_luna_potter)	1
parent(ron_weasley, _EX3)	parent(ron_weasley, hugo_weasley)	1
house(slytherin, P)	house(slytherin, lucius_malfoy)	1
pure_blood(P)	pure_blood(siruis_black)	1
ancestor(harry_potter, X)	ancestor(X, Y) :- parent(X, Y)	1
enemy(P, X)	enemy(bellatrix_lestrange, neville_longbottom)	1
member_of(molly_weasley, order_of_the_phoenix)	member_of(molly_weasley, order_of_the_phoenix)	1
parent(P, _EX3)	parent(harry_potter, lily_luna_potter)	1
member_of(Z, death_eaters)	member_of(voldemort, death_eaters)	1
ancestor(ginny_weasley, P)	ancestor(X, Y) :- parent(X, Y)	1
house(slytherin, _EX1)	house(slytherin, regulus_black)	1
parent(P, _EX5)	parent(molly_weasley, charlie_weasley)	1
enemy(P, X)	enemy(bellatrix_lestrange, sirius_black)	1
parent(_EX3, harry_potter)	parent(lily_potter, harry_potter)	1
muggleborn(_EX4)	muggleborn(colin_creevey)	1
ancestor(ginny_weasley, Z)	ancestor(X, Y) :- parent(X, Y)	1
house(gryffindor, _EX2)	house(gryffindor, remus_lupin)	1
house(slytherin, _EX2)	house(slytherin, draco_malfoy)	1
female(_EX0)	female(padma_patil)	1
parent(_EX3, Y)	parent(arthur_weasley, fred_weasley)	1
member_of(_EX3, dumbledores_army)	member_of(padma_patil, dumbledores_army)	1
muggle(_EX4)	muggle(petunia_dursley)	1
house(gryffindor, _EX1)	house(gryffindor, james_potter)	1
parent(_EX3, Y)	parent(lily_potter, harry_potter)	1
professor(P)	professor(dolores_umbridge)	1
magical_creature(aragog)	magical_creature(X) :- creature(X), magical(X)	1
parent(P, _EX5)	parent(molly_weasley, ginny_weasley)	1
member_of(X, order_of_the_phoenix)	member_of(remus_lupin, order_of_the_phoenix)	1
pure_blood(bellatrix_lestrange)	pure_blood(bellatrix_lestrange)	1
member_of(_EX1, dumbledores_army)	member_of(fred_weasley, dumbledores_army)	1
parent(ginny_weasley, X)	parent(ginny_weasley, james_sirius_potter)	1
parent(P, Y)	parent(molly_weasley, george_weasley)	1
enemy(P, _EX2)	enemy(gilderoy_lockhart, ron_weasley)	1
house(hufflepuff, _EX5)	house(hufflepuff, pomona_sprout)	1
male(_EX2)	male(bill_weasley)	1
parent(Z, _EX3)	parent(arthur_weasley, percy_weasley)	1
parent(X, _EX3)	parent(ron_weasley, hugo_weasley)	1
male(P)	male(neville_longbottom)	1
parent(X, _EX3)	parent(molly_weasley, ron_weasley)	1
house(slytherin, _EX5)	house(slytherin, lucius_malfoy)	1
teaches(P, X)	teaches(minerva_mcgonagall, transfiguration)	1
parent(P, _EX5)	parent(molly_weasley, ron_weasley)	1
enemy(P, Z)	enemy(gilderoy_lockhart, severus_snape)	1
member_of(X, order_of_the_phoenix)	member_of(sirius_black, order_of_the_phoenix)	1
member_of(hermione_granger, dumbledores_army)	member_of(hermione_granger, dumbledores_army)	1
male(P)	male(albus_dumbledore)	1
teaches(X, P)	teaches(severus_snape, potions)	1
parent(X, P)	parent(molly_weasley, ron_weasley)	1
enemy(X, P)	enemy(cormac_mclaggen, ron_weasley)	1
ancestor(X, P)	ancestor(X, Y) :- ancestor(Z, Y), parent(X, Z)	1
parent(P, Y)	parent(lucius_malfoy, draco_malfoy)	1
parent(P, _EX3)	parent(arthur_weasley, fred_weasley)	1
magical(P)	magical(aragog)	1
enemy(X, P)	enemy(draco_malfoy, harry_potter)	1
male(P)	male(lucius_malfoy)	1
male(ron_weasley)	male(ron_weasley)	1
enemy(P, X)	enemy(marge_dursley, harry_potter)	1
pure_blood(_EX2)	pure_blood(fred_weasley)	1
parent(P, Y)	parent(arthur_weasley, ron_weasley)	1
parent(P, _EX3)	parent(lily_potter, harry_potter)	1
parent(P, _EX3)	parent(ginny_weasley, james_sirius_potter)	1
enemy(P, _EX2)	enemy(dolores_umbridge, george_weasley)	1
house(slytherin, P)	house(slytherin, horace_slughorn)	1
parent(X, _EX3)	parent(molly_weasley, percy_weasley)	1
pure_blood(P)	pure_blood(molly_weasley)	1
ancestor(P, X)	ancestor(X, Y) :- parent(X, Y)	1
parent(P, _EX5)	parent(arthur_weasley, bill_weasley)	1
parent(ron_weasley, _EX5)	parent(ron_weasley, rose_weasley)	1
professor(P)	professor(horace_slughorn)	1
member_of(Z, dumbledores_army)	member_of(ron_weasley, dumbledores_army)	1
parent(_EX3, ron_weasley)	parent(arthur_weasley, ron_weasley)	1
enemy(P, Z)	enemy(peter_pettigrew, remus_lupin)	1
enemy(P, X)	enemy(dudley_dursley, harry_potter)	1
professor(P)	professor(quirinus_quirrell)	1
squib(_EX2)	squib(arabella_figg)	1
deatheater(draco_malfoy)	deatheater(X) :- member_of(X, death_eaters)	1
member_of(_EX0, order_of_the_phoenix)	member_of(remus_lupin, order_of_the_phoenix)	1
parent(harry_potter, _EX3)	parent(harry_potter, james_sirius_potter)	1
ancestor(P, james_sirius_potter)	ancestor(X, Y) :- parent(X, Y)	1
subject(P)	subject(care_of_magical_creatures)	1
parent(_EX3, Y)	parent(xenophilius_lovegood, luna_lovegood)	1
hates(Y, _EX0)	hates(X, Y) :- deatheater(X), squib(Y)	1
parent(P, _EX3)	parent(arthur_weasley, ron_weasley)	1
parent(P, Y)	parent(james_potter, harry_potter)	1
enemy(P, harry_potter)	enemy(petunia_dursley, harry_potter)	1
member_of(arthur_weasley, order_of_the_phoenix)	member_of(arthur_weasley, order_of_the_phoenix)	1
enemy(P, X)	enemy(voldemort, albus_dumbledore)	1
member_of(_EX0, order_of_the_phoenix)	member_of(sirius_black, order_of_the_phoenix)	1
male(_EX2)	male(fred_weasley)	1
creature(Z)	creature(fluffy)	1
enemy(P, X)	enemy(cormac_mclaggen, ron_weasley)	1
parent(harry_potter, _EX4)	parent(harry_potter, lily_luna_potter)	1
ancestor(X, _EX3)	ancestor(X, Y) :- ancestor(Z, Y), parent(X, Z)	1
member_of(X, death_eaters)	member_of(bellatrix_lestrange, death_eaters)	1
house(gryffindor, _EX2)	house(gryffindor, bill_weasley)	1
parent(ginny_weasley, _EX4)	parent(ginny_weasley, albus_severus_potter)	1
member_of(X, dumbledores_army)	member_of(luna_lovegood, dumbledores_army)	1
parent(_EX2, Z)	parent(alice_longbottom, neville_longbottom)	1
male(P)	male(rubeus_hagrid)	1
enemy(P, peter_pettigrew)	enemy(X, Y) :- member_of(X, order_of_the_phoenix), member_of(Y, death_eaters)	1
member_of(Y, death_eaters)	member_of(bellatrix_lestrange, death_eaters)	1
pure_blood(P)	pure_blood(luna_lovegood)	1
parent(P, _EX4)	parent(petunia_dursley, dudley_dursley)	1
enemy(P, harry_potter)	enemy(X, Y) :- member_of(X, death_eaters), member_of(Y, dumbledores_army)	1
parent(ginny_weasley, X)	parent(ginny_weasley, albus_severus_potter)	1
parent(P, Z)	parent(ron_weasley, rose_weasley)	1
house(gryffindor, _EX1)	house(gryffindor, seamus_finnigan)	1
house(slytherin, _EX1)	house(slytherin, bellatrix_lestrange)	1
parent(harry_potter, P)	parent(harry_potter, james_sirius_potter)	1
member_of(Z, dumbledores_army)	member_of(seamus_finnigan, dumbledores_army)	1
parent(P, X)	parent(xenophilius_lovegood, luna_lovegood)	1
member_of(_EX5, death_eaters)	member_of(draco_malfoy, death_eaters)	1
house(slytherin, _EX2)	house(slytherin, voldemort)	1
descendant(_EX3, Z)	descendant(X, Y) :- ancestor(Y, X)	1
member_of(_EX0, order_of_the_phoenix)	member_of(alastor_moody, order_of_the_phoenix)	1
member_of(_EX0, death_eaters)	member_of(lucius_malfoy, death_eaters)	1
parent(P, Z)	parent(frank_longbottom, neville_longbottom)	1
enemy(P, X)	enemy(dolores_umbridge, fred_weasley)	1
member_of(X, order_of_the_phoenix)	member_of(severus_snape, order_of_the_phoenix)	1
muggleborn(_EX0)	muggleborn(myrtle_warren)	1
muggleborn(_EX4)	muggleborn(hermione_granger)	1
parent(ron_weasley, Y)	parent(ron_weasley, hugo_weasley)	1
parent(X, _EX3)	parent(vernon_dursley, dudley_dursley)	1
member_of(P, dumbledores_army)	member_of(harry_potter, dumbledores_army)	1
creature(fluffy)	creature(fluffy)	1
muggleborn(_EX1)	muggleborn(myrtle_warren)	1
parent(P, ron_weasley)	parent(molly_weasley, ron_weasley)	1
pure_blood(_EX2)	pure_blood(ginny_weasley)	1
deatheater(_EX2)	deatheater(X) :- member_of(X, death_eaters)	1
parent(P, Z)	parent(harry_potter, albus_severus_potter)	1
parent(P, _EX5)	parent(molly_weasley, fred_weasley)	1
house(gryffindor, _EX1)	house(gryffindor, lily_potter)	1
member_of(P, order_of_the_phoenix)	member_of(nymphadora_tonks, order_of_the_phoenix)	1
house(slytherin, P)	house(slytherin, voldemort)	1
magical(P)	magical(scabbers)	1
enemy(alastor_moody, severus_snape)	enemy(X, Y) :- member_of(X, order_of_the_phoenix), member_of(Y, death_eaters)	1
pure_blood(P)	pure_blood(arthur_weasley)	1
parent(ginny_weasley, _EX3)	parent(ginny_weasley, james_sirius_potter)	1
member_of(_EX5, death_eaters)	member_of(voldemort, death_eaters)	1
male(james_potter)	male(james_potter)	1
muggleborn(_EX2)	muggleborn(colin_creevey)	1
parent(P, _EX5)	parent(arthur_weasley, george_weasley)	1
parent(Z, _EX3)	parent(arthur_weasley, ron_weasley)	1
enemy(P, _EX2)	enemy(bellatrix_lestrange, sirius_black)	1
parent(X, P)	parent(arthur_weasley, george_weasley)	1
house(gryffindor, _EX2)	house(gryffindor, hermione_granger)	1
parent(P, Z)	parent(molly_weasley, bill_weasley)	1
teaches(P, X)	teaches(dolores_umbridge, defense_against_the_dark_arts)	1
muggle(_EX1)	muggle(marge_dursley)	1
pure_blood(P)	pure_blood(charlie_weasley)	1
ancestor(harry_potter, james_sirius_potter)	ancestor(X, Y) :- parent(X, Y)	1
enemy(molly_weasley, _EX2)	enemy(X, Y) :- member_of(X, order_of_the_phoenix), member_of(Y, death_eaters)	1
parent(P, Z)	parent(lucius_malfoy, draco_malfoy)	1
enemy(P, Z)	enemy(bellatrix_lestrange, sirius_black)	1
male(_EX2)	male(percy_weasley)	1
ancestor(P, _EX3)	ancestor(X, Y) :- parent(X, Y)	1
parent(_EX2, Z)	parent(molly_weasley, bill_weasley)	1
enemy(X, parvati_patil)	enemy(X, Y) :- member_of(X, death_eaters), member_of(Y, dumbledores_army)	1
ancestor(P, _EX5)	ancestor(X, Y) :- parent(X, Y)	1
parent(ginny_weasley, Z)	parent(ginny_weasley, albus_severus_potter)	1
male(_EX2)	male(horace_slughorn)	1
parent(arthur_weasley, P)	parent(arthur_weasley, ron_weasley)	1
enemy(_EX0, draco_malfoy)	enemy(X, Y) :- member_of(X, order_of_the_phoenix), member_of(Y, death_eaters)	1
parent(P, X)	parent(arthur_weasley, george_weasley)	1
hates(draco_malfoy, _EX0)	hates(X, Y) :- deatheater(X), squib(Y)	1
member_of(_EX4, dumbledores_army)	member_of(padma_patil, dumbledores_army)	1
muggle(_EX2)	muggle(petunia_dursley)	1
member_of(_EX4, death_eaters)	member_of(voldemort, death_eaters)	1
enemy(P, _EX2)	enemy(gilderoy_lockhart, severus_snape)	1
ancestor(ron_weasley, _EX3)	ancestor(X, Y) :- parent(X, Y)	1
parent(Z, P)	parent(james_potter, harry_potter)	1
hates(_EX0, _EX2)	hates(X, Y) :- deatheater(X), squib(Y)	1
magical(fawkes)	magical(fawkes)	1
member_of(Y, dumbledores_army)	member_of(padma_patil, dumbledores_army)	1
house(gryffindor, _EX2)	house(gryffindor, harry_potter)	1
house(P, gregory_goyle)	house(slytherin, gregory_goyle)	1
parent(arthur_weasley, P)	parent(arthur_weasley, george_weasley)	1
parent(_EX2, P)	parent(frank_longbottom, neville_longbottom)	1
house(slytherin, _EX5)	house(slytherin, voldemort)	1
parent(harry_potter, P)	parent(harry_potter, lily_luna_potter)	1
parent(Z, _EX3)	parent(james_potter, harry_potter)	1
parent(P, _EX4)	parent(frank_longbottom, neville_longbottom)	1
parent(ron_weasley, X)	parent(ron_weasley, hugo_weasley)	1
parent(P, _EX4)	parent(lily_potter, harry_potter)	1
member_of(P, dumbledores_army)	member_of(parvati_patil, dumbledores_army)	1
parent(P, _EX5)	parent(ron_weasley, hugo_weasley)	1
professor(P)	professor(rubeus_hagrid)	1
member_of(Z, dumbledores_army)	member_of(cho_chang, dumbledores_army)	1
parent(X, _EX3)	parent(harry_potter, james_sirius_potter)	1
parent(X, _EX3)	parent(petunia_dursley, dudley_dursley)	1
hates(peter_pettigrew, _EX4)	hates(X, Y) :- deatheater(X), muggle(Y)	1
parent(_EX3, Y)	parent(molly_weasley, bill_weasley)	1
parent(P, _EX4)	parent(harry_potter, albus_severus_potter)	1
teaches(X, P)	teaches(alastor_moody, defense_against_the_dark_arts)	1
enemy(P, _EX2)	enemy(gilderoy_lockhart, harry_potter)	1
owns(X, P)	owns(rubeus_hagrid, fluffy)	1
male(P)	male(peter_pettigrew)	1
parent(X, P)	parent(harry_potter, james_sirius_potter)	1
parent(harry_potter, P)	parent(harry_potter, albus_severus_potter)	1
member_of(seamus_finnigan, dumbledores_army)	member_of(seamus_finnigan, dumbledores_army)	1
parent(ron_weasley, Z)	parent(ron_weasley, hugo_weasley)	1
parent(P, X)	parent(james_potter, harry_potter)	1
enemy(P, _EX2)	enemy(draco_malfoy, ron_weasley)	1
parent(_EX3, Y)	parent(arthur_weasley, ron_weasley)	1
parent(Z, P)	parent(narcissa_malfoy, draco_malfoy)	1
enemy(P, _EX2)	enemy(peter_pettigrew, remus_lupin)	1
house(gryffindor, P)	house(gryffindor, petter_pettigrew)	1
male(P)	male(arthur_weasley)	1
parent(ginny_weasley, _EX5)	parent(ginny_weasley, james_sirius_potter)	1
enemy(P, _EX2)	enemy(draco_malfoy, hermione_granger)	1
ancestor(ginny_weasley, _EX5)	ancestor(X, Y) :- parent(X, Y)	1
parent(P, _EX3)	parent(molly_weasley, percy_weasley)	1
parent(P, _EX4)	parent(molly_weasley, bill_weasley)	1
house(slytherin, _EX1)	house(slytherin, narcissa_malfoy)	1
enemy(P, Z)	enemy(gilderoy_lockhart, harry_potter)	1
parent(_EX2, P)	parent(narcissa_malfoy, draco_malfoy)	1
enemy(P, _EX2)	enemy(vernon_dursley, harry_potter)	1
parent(P, _EX4)	parent(narcissa_malfoy, draco_malfoy)	1
male(_EX2)	male(vernon_dursley)	1
half_blood(severus_snape)	half_blood(severus_snape)	1
parent(P, X)	parent(molly_weasley, ron_weasley)	1
hates(draco_malfoy, _EX0)	hates(X, Y) :- deatheater(X), muggleborn(Y)	1
enemy(P, Z)	enemy(draco_malfoy, ron_weasley)	1
member_of(P, death_eaters)	member_of(peter_pettigrew, death_eaters)	1
parent(_EX2, Z)	parent(arthur_weasley, ginny_weasley)	1
parent(X, _EX3)	parent(ginny_weasley, lily_luna_potter)	1
hates(_EX0, _EX2)	hates(X, Y) :- deatheater(X), muggleborn(Y)	1
member_of(Y, death_eaters)	member_of(lucius_malfoy, death_eaters)	1
enemy(P, Z)	enemy(draco_malfoy, hermione_granger)	1
parent(P, _EX5)	parent(ginny_weasley, lily_luna_potter)	1
deatheater(narcissa_malfoy)	deatheater(X) :- member_of(X, death_eaters)	1
parent(ginny_weasley, X)	parent(ginny_weasley, lily_luna_potter)	1
enemy(P, Z)	enemy(vernon_dursley, harry_potter)	1
house(gryffindor, _EX1)	house(gryffindor, ginny_weasley)	1
parent(X, P)	parent(ginny_weasley, lily_luna_potter)	1
pure_blood(_EX2)	pure_blood(luna_lovegood)	1
member_of(_EX1, order_of_the_phoenix)	member_of(sirius_black, order_of_the_phoenix)	1
house(gryffindor, P)	house(gryffindor, harry_potter)	1
creature(Z)	creature(crookshanks)	1
member_of(P, order_of_the_phoenix)	member_of(remus_lupin, order_of_the_phoenix)	1
parent(_EX3, Y)	parent(james_potter, harry_potter)	1
member_of(Z, death_eaters)	member_of(severus_snape, death_eaters)	1
house(gryffindor, _EX2)	house(gryffindor, ron_weasley)	1
parent(P, Z)	parent(molly_weasley, ginny_weasley)	1
enemy(P, Z)	enemy(quirinus_quirrell, harry_potter)	1
parent(X, _EX3)	parent(ron_weasley, rose_weasley)	1
professor(P)	professor(gilderoy_lockhart)	1
squib(_EX0)	squib(arabella_figg)	1
enemy(_EX1, hermione_granger)	enemy(quirinus_quirrell, hermione_granger)	1
member_of(P, death_eaters)	member_of(bellatrix_lestrange, death_eaters)	1
house(gryffindor, fred_weasley)	house(gryffindor, fred_weasley)	1
parent(P, Z)	parent(ron_weasley, hugo_weasley)	1
hates(_EX4, arabella_figg)	hates(X, Y) :- deatheater(X), squib(Y)	1
parent(P, Z)	parent(molly_weasley, ron_weasley)	1
member_of(_EX4, dumbledores_army)	member_of(ron_weasley, dumbledores_army)	1
parent(P, Y)	parent(ginny_weasley, lily_luna_potter)	1
parent(X, _EX3)	parent(frank_longbottom, neville_longbottom)	1
member_of(_EX0, death_eaters)	member_of(peter_pettigrew, death_eaters)	1
parent(X, P)	parent(ron_weasley, rose_weasley)	1
house(slytherin, _EX1)	house(slytherin, severus_snape)	1
parent(X, _EX3)	parent(lily_potter, harry_potter)	1
parent(P, _EX4)	parent(arthur_weasley, ginny_weasley)	1
ancestor(ron_weasley, _EX5)	ancestor(X, Y) :- parent(X, Y)	1
male(P)	male(xenophilius_lovegood)	1
parent(X, _EX3)	parent(harry_potter, albus_severus_potter)	1
member_of(_EX2, dumbledores_army)	member_of(padma_patil, dumbledores_army)	1
member_of(Z, dumbledores_army)	member_of(hermione_granger, dumbledores_army)	1
ancestor(ginny_weasley, _EX3)	ancestor(X, Y) :- parent(X, Y)	1
house(slytherin, _EX5)	house(slytherin, tom_riddle)	1
parent(P, _EX3)	parent(vernon_dursley, dudley_dursley)	1
parent(X, P)	parent(harry_potter, albus_severus_potter)	1
parent(P, Z)	parent(arthur_weasley, bill_weasley)	1
parent(P, Z)	parent(molly_weasley, percy_weasley)	1
member_of(P, order_of_the_phoenix)	member_of(alastor_moody, order_of_the_phoenix)	1
enemy(P, X)	enemy(peter_pettigrew, sirius_black)	1
subject(P)	subject(charms)	1
male(_EX2)	male(xenophilius_lovegood)	1
parent(X, _EX3)	parent(narcissa_malfoy, draco_malfoy)	1
enemy(P, Z)	enemy(peter_pettigrew, sirius_black)	1
member_of(_EX1, dumbledores_army)	member_of(luna_lovegood, dumbledores_army)	1
member_of(_EX5, dumbledores_army)	member_of(luna_lovegood, dumbledores_army)	1
muggle(_EX3)	muggle(marge_dursley)	1
male(P)	male(remus_lupin)	1
parent(P, _EX4)	parent(molly_weasley, ginny_weasley)	1
muggleborn(_EX3)	muggleborn(hermione_granger)	1
member_of(_EX3, dumbledores_army)	member_of(hermione_granger, dumbledores_army)	1
male(P)	male(severus_snape)	1
member_of(X, dumbledores_army)	member_of(padma_patil, dumbledores_army)	1
hates(_EX1, _EX0)	hates(X, Y) :- deatheater(X), muggle(Y)	1
magical(P)	magical(fawkes)	1
squib(_EX1)	squib(argus_filch)	1
destroyed(P, Y)	destroyed(neville_longbottom, nagini)	1
parent(james_potter, Y)	parent(james_potter, harry_potter)	1
female(_EX0)	female(nagini)	1
house(gryffindor, P)	house(gryffindor, remus_lupin)	1
parent(X, _EX3)	parent(arthur_weasley, charlie_weasley)	1
witch(_EX0)	witch(X) :- female(X), pure_blood(X)	1
professor(P)	professor(albus_dumbledore)	1
parent(_EX3, Y)	parent(molly_weasley, percy_weasley)	1
member_of(_EX3, death_eaters)	member_of(peter_pettigrew, death_eaters)	1
parent(ginny_weasley, Z)	parent(ginny_weasley, james_sirius_potter)	1
male(_EX2)	male(severus_snape)	1
house(gryffindor, _EX2)	house(gryffindor, charlie_weasley)	1
house(gryffindor, _EX2)	house(gryffindor, james_potter)	1
enemy(P, _EX2)	enemy(voldemort, wizarding_world)	1
parent(harry_potter, Z)	parent(harry_potter, lily_luna_potter)	1
member_of(Z, dumbledores_army)	member_of(colin_creevey, dumbledores_army)	1
parent(ginny_weasley, _EX3)	parent(ginny_weasley, lily_luna_potter)	1
house(gryffindor, _EX2)	house(gryffindor, parvati_patil)	1
parent(P, _EX4)	parent(molly_weasley, percy_weasley)	1
male(P)	male(cormac_mclaggen)	1
parent(ron_weasley, Y)	parent(ron_weasley, rose_weasley)	1
creature(Z)	creature(fawkes)	1
magical_creature(fluffy)	magical_creature(X) :- creature(X), magical(X)	1
parent(harry_potter, Z)	parent(harry_potter, albus_severus_potter)	1
enemy(X, P)	enemy(dolores_umbridge, ginny_weasley)	1
parent(P, Z)	parent(vernon_dursley, dudley_dursley)	1
ancestor(ginny_weasley, Y)	ancestor(X, Y) :- parent(X, Y)	1
parent(ron_weasley, _EX5)	parent(ron_weasley, hugo_weasley)	1
member_of(_EX2, dumbledores_army)	member_of(ron_weasley, dumbledores_army)	1
parent(X, _EX3)	parent(molly_weasley, charlie_weasley)	1
member_of(X, death_eaters)	member_of(draco_malfoy, death_eaters)	1
enemy(X, P)	enemy(dolores_umbridge, fred_weasley)	1
creature(Z)	creature(aragog)	1
male(_EX2)	male(cormac_mclaggen)	1
parent(_EX2, Z)	parent(vernon_dursley, dudley_dursley)	1
parent(P, X)	parent(harry_potter, james_sirius_potter)	1
parent(P, Y)	parent(alice_longbottom, neville_longbottom)	1
pure_blood(molly_weasley)	pure_blood(molly_weasley)	1
member_of(Y, death_eaters)	member_of(draco_malfoy, death_eaters)	1
parent(X, P)	parent(molly_weasley, charlie_weasley)	1
parent(P, _EX5)	parent(lucius_malfoy, draco_malfoy)	1
magical(norbert)	magical(norbert)	1
parent(P, Y)	parent(ginny_weasley, james_sirius_potter)	1
ancestor(P, Y)	ancestor(X, Y) :- ancestor(Z, Y), parent(X, Z)	1
parent(X, _EX3)	parent(molly_weasley, ginny_weasley)	1
parent(P, _EX5)	parent(arthur_weasley, percy_weasley)	1
house(hufflepuff, P)	house(hufflepuff, nymphadora_tonks)	1
member_of(_EX5, death_eaters)	member_of(severus_snape, death_eaters)	1
enemy(P, _EX2)	enemy(quirinus_quirrell, harry_potter)	1
member_of(X, dumbledores_army)	member_of(george_weasley, dumbledores_army)	1
male(_EX2)	male(charlie_weasley)	1
member_of(_EX1, dumbledores_army)	member_of(ginny_weasley, dumbledores_army)	1
enemy(X, P)	enemy(dudley_dursley, harry_potter)	1
member_of(X, death_eaters)	member_of(voldemort, death_eaters)	1
parent(Z, P)	parent(petunia_dursley, dudley_dursley)	1
parent(Z, _EX3)	parent(xenophilius_lovegood, luna_lovegood)	1
member_of(Y, dumbledores_army)	member_of(cho_chang, dumbledores_army)	1
parent(X, P)	parent(arthur_weasley, percy_weasley)	1
member_of(Y, dumbledores_army)	member_of(seamus_finnigan, dumbledores_army)	1
muggleborn(lily_potter)	muggleborn(lily_potter)	1
house(gryffindor, P)	house(gryffindor, charlie_weasley)	1
parent(X, P)	parent(molly_weasley, ginny_weasley)	1
parent(X, _EX3)	parent(ginny_weasley, albus_severus_potter)	1
parent(P, Y)	parent(molly_weasley, ron_weasley)	1
creature(Z)	creature(hedwig)	1
creature(fawkes)	creature(fawkes)	1
parent(_EX3, Y)	parent(vernon_dursley, dudley_dursley)	1
teaches(P, care_of_magical_creatures)	teaches(rubeus_hagrid, care_of_magical_creatures)	1
member_of(Y, death_eaters)	member_of(voldemort, death_eaters)	1
squib(_EX3)	squib(argus_filch)	1
magical(scabbers)	magical(scabbers)	1
member_of(X, dumbledores_army)	member_of(ron_weasley, dumbledores_army)	1
in_hufflepuff(_EX5)	in_hufflepuff(X) :- house(hufflepuff, X)	1
evil(_EX3)	evil(X) :- deatheater(X)	1
enemy(P, X)	enemy(quirinus_quirrell, ron_weasley)	1
enemy(P, X)	enemy(dolores_umbridge, ginny_weasley)	1
parent(X, _EX3)	parent(hermione_granger, hugo_weasley)	1
pure_blood(arthur_weasley)	pure_blood(arthur_weasley)	1
squib(_EX4)	squib(argus_filch)	1
squib(_EX1)	squib(arabella_figg)	1
house(gryffindor, _EX1)	house(gryffindor, colin_creevey)	1
descendant(P, arthur_weasley)	descendant(X, Y) :- ancestor(Y, X)	1
pure_blood(P)	pure_blood(lucius_malfoy)	1
pure_blood(P)	pure_blood(bellatrix_lestrange)	1
parent(ginny_weasley, _EX5)	parent(ginny_weasley, lily_luna_potter)	1
ancestor(harry_potter, Z)	ancestor(X, Y) :- parent(X, Y)	1
parent(Z, P)	parent(harry_potter, lily_luna_potter)	1
enemy(P, harry_potter)	enemy(quirinus_quirrell, harry_potter)	1
member_of(P, dumbledores_army)	member_of(george_weasley, dumbledores_army)	1
parent(P, Z)	parent(petunia_dursley, dudley_dursley)	1
parent(P, Z)	parent(harry_potter, james_sirius_potter)	1
parent(P, _EX4)	parent(vernon_dursley, dudley_dursley)	1
member_of(parvati_patil, dumbledores_army)	member_of(parvati_patil, dumbledores_army)	1
magical_creature(P)	magical_creature(X) :- creature(X), magical(X)	1
pure_blood(_EX2)	pure_blood(arthur_weasley)	1
male(_EX2)	male(newt_scamander)	1
parent(P, _EX5)	parent(frank_longbottom, neville_longbottom)	1
house(slytherin, _EX2)	house(slytherin, lucius_malfoy)	1
enemy(P, Z)	enemy(quirinus_quirrell, hermione_granger)	1
male(_EX2)	male(gilderoy_lockhart)	1
parent(_EX2, P)	parent(harry_potter, lily_luna_potter)	1
deatheater(_EX0)	deatheater(X) :- member_of(X, death_eaters)	1
parent(_EX2, Z)	parent(xenophilius_lovegood, luna_lovegood)	1
ancestor(Z, _EX3)	ancestor(X, Y) :- parent(X, Y)	1
parent(ginny_weasley, P)	parent(ginny_weasley, james_sirius_potter)	1
parent(P, _EX4)	parent(harry_potter, lily_luna_potter)	1
enemy(P, _EX2)	enemy(petunia_dursley, harry_potter)	1
enemy(P, _EX2)	enemy(voldemort, rubeus_hagrid)	1
parent(_EX2, Z)	parent(petunia_dursley, dudley_dursley)	1
enemy(P, _EX2)	enemy(peter_pettigrew, sirius_black)	1
pure_blood(_EX2)	pure_blood(charlie_weasley)	1
enemy(P, harry_potter)	enemy(voldemort, harry_potter)	1
parent(X, P)	parent(arthur_weasley, bill_weasley)	1
parent(P, X)	parent(ron_weasley, rose_weasley)	1
parent(ginny_weasley, Y)	parent(ginny_weasley, lily_luna_potter)	1
wizard(P)	wizard(X) :- male(X), pure_blood(X)	1
enemy(P, Z)	enemy(petunia_dursley, harry_potter)	1
magical_pet(X, P)	magical_pet(X, Y) :- magical_creature(Y), owns(X, Y)	1
muggleborn(hermione_granger)	muggleborn(hermione_granger)	1
parent(_EX2, Z)	parent(molly_weasley, george_weasley)	1
member_of(_EX2, dumbledores_army)	member_of(ginny_weasley, dumbledores_army)	1
enemy(P, _EX2)	enemy(X, Y) :- member_of(X, death_eaters), member_of(Y, dumbledores_army)	1
member_of(X, dumbledores_army)	member_of(seamus_finnigan, dumbledores_army)	1
male(_EX2)	male(seamus_finnigan)	1
member_of(draco_malfoy, death_eaters)	member_of(draco_malfoy, death_eaters)	1
house(gryffindor, _EX2)	house(gryffindor, percy_weasley)	1
member_of(_EX5, death_eaters)	member_of(narcissa_malfoy, death_eaters)	1
muggleborn(_EX0)	muggleborn(colin_creevey)	1
house(gryffindor, _EX2)	house(gryffindor, lily_potter)	1
betrays(P, remus_lupin)	betrays(peter_pettigrew, remus_lupin)	1
parent(P, X)	parent(harry_potter, albus_severus_potter)	1
muggle(_EX3)	muggle(dudley_dursley)	1
enemy(P, Z)	enemy(X, Y) :- member_of(X, death_eaters), member_of(Y, dumbledores_army)	1
parent(Z, P)	parent(lily_potter, harry_potter)	1
wizard(P)	wizard(X) :- male(X), muggleborn(X)	1
house(gryffindor, P)	house(gryffindor, sirius_black)	1
parent(_EX2, P)	parent(arthur_weasley, fred_weasley)	1
wizard(P)	wizard(X) :- male(X), half_blood(X)	1
parent(_EX3, Y)	parent(molly_weasley, george_weasley)	1
house(gryffindor, _EX1)	house(gryffindor, parvati_patil)	1
member_of(_EX1, death_eaters)	member_of(peter_pettigrew, death_eaters)	1
parent(P, _EX4)	parent(arthur_weasley, fred_weasley)	1
parent(_EX2, P)	parent(ginny_weasley, james_sirius_potter)	1
pure_blood(P)	pure_blood(ron_weasley)	1
parent(Z, _EX3)	parent(ginny_weasley, james_sirius_potter)	1
ancestor(P, Y)	ancestor(X, Y) :- parent(X, Y)	1
parent(P, _EX5)	parent(hermione_granger, rose_weasley)	1
teaches(P, X)	teaches(remus_lupin, defense_against_the_dark_arts)	1
ancestor(P, neville_longbottom)	ancestor(X, Y) :- parent(X, Y)	1
male(P)	male(alastor_moody)	1
parent(P, _EX3)	parent(xenophilius_lovegood, luna_lovegood)	1
parent(X, P)	parent(hermione_granger, rose_weasley)	1
teaches(P, X)	teaches(severus_snape, defense_against_the_dark_arts)	1
pure_blood(P)	pure_blood(narcissa_malfoy)	1
parent(P, _EX4)	parent(molly_weasley, george_weasley)	1
half_blood(harry_potter)	half_blood(harry_potter)	1
magical(thestral)	magical(thestral)	1
parent(Z, _EX3)	parent(molly_weasley, ron_weasley)	1
parent(P, Z)	parent(lily_potter, harry_potter)	1
male(_EX2)	male(hugo_weasley)	1
female(_EX0)	female(dolores_umbridge)	1
parent(X, _EX3)	parent(arthur_weasley, ginny_weasley)	1
pure_blood(P)	pure_blood(george_weasley)	1
member_of(_EX5, dumbledores_army)	member_of(neville_longbottom, dumbledores_army)	1
house(slytherin, _EX1)	house(slytherin, gregory_goyle)	1
parent(P, _EX5)	parent(arthur_weasley, ginny_weasley)	1
parent(harry_potter, _EX5)	parent(harry_potter, james_sirius_potter)	1
parent(Z, P)	parent(frank_longbottom, neville_longbottom)	1
male(_EX2)	male(neville_longbottom)	1
parent(Z, P)	parent(arthur_weasley, ron_weasley)	1
member_of(P, order_of_the_phoenix)	member_of(arthur_weasley, order_of_the_phoenix)	1
enemy(P, Z)	enemy(draco_malfoy, harry_potter)	1
male(P)	male(regulus_black)	1
member_of(_EX1, death_eaters)	member_of(bellatrix_lestrange, death_eaters)	1
parent(X, _EX3)	parent(harry_potter, lily_luna_potter)	1
parent(_EX3, Y)	parent(petunia_dursley, dudley_dursley)	1
parent(_EX2, Z)	parent(frank_longbottom, neville_longbottom)	1
parent(X, P)	parent(arthur_weasley, ginny_weasley)	1
house(slytherin, _EX2)	house(slytherin, tom_riddle)	1
enemy(_EX4, seamus_finnigan)	enemy(X, Y) :- member_of(X, death_eaters), member_of(Y, dumbledores_army)	1
parent(X, P)	parent(molly_weasley, fred_weasley)	1
parent(_EX2, Z)	parent(james_potter, harry_potter)	1
parent(_EX2, Z)	parent(ginny_weasley, james_sirius_potter)	1
hates(narcissa_malfoy, _EX1)	hates(X, Y) :- deatheater(X), squib(Y)	1
member_of(_EX3, dumbledores_army)	member_of(cho_chang, dumbledores_army)	1
hates(P, _EX3)	hates(X, Y) :- deatheater(X), squib(Y)	1
member_of(severus_snape, order_of_the_phoenix)	member_of(severus_snape, order_of_the_phoenix)	1
member_of(_EX3, dumbledores_army)	member_of(seamus_finnigan, dumbledores_army)	1
male(P)	male(gregory_goyle)	1
enemy(X, P)	enemy(marge_dursley, harry_potter)	1
muggle(_EX1)	muggle(vernon_dursley)	1
male(_EX2)	male(sirius_black)	1
member_of(_EX2, death_eaters)	member_of(narcissa_malfoy, death_eaters)	1
member_of(P, death_eaters)	member_of(draco_malfoy, death_eaters)	1
male(P)	male(filius_flitwick)	1
creature(Z)	creature(unicorn)	1
parent(_EX2, Z)	parent(molly_weasley, ron_weasley)	1
descendant(_EX5, ginny_weasley)	descendant(X, Y) :- ancestor(Y, X)	1
male(_EX2)	male(regulus_black)	1
male(P)	male(godric_gryffindor)	1
in_slytherin(P)	in_slytherin(X) :- house(slytherin, X)	1
enemy(P, Z)	enemy(dolores_umbridge, fred_weasley)	1
magical(P)	magical(crookshanks)	1
parent(_EX3, Y)	parent(ginny_weasley, james_sirius_potter)	1
member_of(Z, dumbledores_army)	member_of(harry_potter, dumbledores_army)	1
in_slytherin(_EX5)	in_slytherin(X) :- house(slytherin, X)	1
parent(_EX3, ron_weasley)	parent(molly_weasley, ron_weasley)	1
parent(Z, P)	parent(arthur_weasley, percy_weasley)	1
muggle(_EX0)	muggle(vernon_dursley)	1
parent(_EX2, Z)	parent(narcissa_malfoy, draco_malfoy)	1
parent(P, _EX3)	parent(arthur_weasley, george_weasley)	1
enemy(peter_pettigrew, _EX1)	enemy(peter_pettigrew, remus_lupin)	1
enemy(P, harry_potter)	enemy(dolores_umbridge, harry_potter)	1
member_of(_EX5, dumbledores_army)	member_of(ginny_weasley, dumbledores_army)	1
muggleborn(P)	muggleborn(lily_potter)	1
parent(P, Z)	parent(arthur_weasley, charlie_weasley)	1
parent(P, Y)	parent(hermione_granger, rose_weasley)	1
member_of(P, death_eaters)	member_of(voldemort, death_eaters)	1
professor(P)	professor(remus_lupin)	1
in_hufflepuff(P)	in_hufflepuff(X) :- house(hufflepuff, X)	1
parent(_EX2, P)	parent(james_potter, harry_potter)	1
parent(P, harry_potter)	parent(james_potter, harry_potter)	1
parent(P, X)	parent(molly_weasley, charlie_weasley)	1
parent(X, _EX3)	parent(arthur_weasley, fred_weasley)	1
parent(_EX3, Y)	parent(molly_weasley, ron_weasley)	1
enemy(P, _EX2)	enemy(voldemort, ron_weasley)	1
muggleborn(_EX3)	muggleborn(colin_creevey)	1
parent(P, _EX5)	parent(ginny_weasley, albus_severus_potter)	1
parent(P, _EX4)	parent(james_potter, harry_potter)	1
house(gryffindor, P)	house(gryffindor, ron_weasley)	1
member_of(_EX3, death_eaters)	member_of(lucius_malfoy, death_eaters)	1
parent(harry_potter, _EX4)	parent(harry_potter, albus_severus_potter)	1
ancestor(ginny_weasley, james_sirius_potter)	ancestor(X, Y) :- parent(X, Y)	1
enemy(P, _EX2)	enemy(quirinus_quirrell, hermione_granger)	1
male(P)	male(vernon_dursley)	1
enemy(X, P)	enemy(voldemort, albus_dumbledore)	1
parent(X, P)	parent(ron_weasley, hugo_weasley)	1
parent(_EX2, Z)	parent(arthur_weasley, charlie_weasley)	1
hates(Y, _EX0)	hates(X, Y) :- deatheater(X), muggle(Y)	1
parent(_EX3, Y)	parent(narcissa_malfoy, draco_malfoy)	1
parent(P, X)	parent(arthur_weasley, percy_weasley)	1
magical(P)	magical(norbert)	1
enemy(P, Z)	enemy(voldemort, ron_weasley)	1
parent(harry_potter, _EX5)	parent(harry_potter, lily_luna_potter)	1
parent(P, X)	parent(molly_weasley, ginny_weasley)	1
house(hufflepuff, P)	house(hufflepuff, newt_scamander)	1
parent(P, Y)	parent(molly_weasley, fred_weasley)	1
member_of(_EX2, dumbledores_army)	member_of(hermione_granger, dumbledores_army)	1
muggleborn(_EX0)	muggleborn(hermione_granger)	1
teaches(P, X)	teaches(quirinus_quirrell, defense_against_the_dark_arts)	1
female(_EX0)	female(minerva_mccgonagall)	1
parent(arthur_weasley, P)	parent(arthur_weasley, percy_weasley)	1
male(_EX2)	male(rubeus_hagrid)	1
member_of(_EX4, dumbledores_army)	member_of(harry_potter, dumbledores_army)	1
muggleborn(_EX1)	muggleborn(hermione_granger)	1
muggleborn(_EX2)	muggleborn(myrtle_warren)	1
member_of(_EX1, dumbledores_army)	member_of(george_weasley, dumbledores_army)	1
parent(harry_potter, _EX5)	parent(harry_potter, albus_severus_potter)	1
enemy(X, P)	enemy(dolores_umbridge, hermione_granger)	1
female(_EX0)	female(nymphadora_tonks)	1
parent(james_potter, _EX4)	parent(james_potter, harry_potter)	1
parent(P, _EX3)	parent(molly_weasley, ron_weasley)	1
enemy(X, P)	enemy(gilderoy_lockhart, hermione_granger)	1
house(slytherin, _EX1)	house(slytherin, draco_malfoy)	1
male(_EX2)	male(lucius_malfoy)	1
house(slytherin, _EX2)	house(slytherin, bellatrix_lestrange)	1
teaches(P, X)	teaches(gilderoy_lockhart, defense_against_the_dark_arts)	1
member_of(Z, dumbledores_army)	member_of(parvati_patil, dumbledores_army)	1
member_of(_EX1, dumbledores_army)	member_of(ron_weasley, dumbledores_army)	1
house(slytherin, _EX2)	house(slytherin, vincent_crabbe)	1
parent(_EX2, P)	parent(arthur_weasley, charlie_weasley)	1
female(narcissa_malfoy)	female(narcissa_malfoy)	1
wizard(arthur_weasley)	wizard(X) :- male(X), pure_blood(X)	1
descendant(Y, _EX3)	descendant(X, Y) :- ancestor(Y, X)	1
enemy(P, Z)	enemy(X, Y) :- member_of(X, order_of_the_phoenix), member_of(Y, death_eaters)	1
parent(P, _EX4)	parent(arthur_weasley, charlie_weasley)	1
member_of(X, dumbledores_army)	member_of(hermione_granger, dumbledores_army)	1
house(slytherin, P)	house(slytherin, bellatrix_lestrange)	1
parent(P, X)	parent(arthur_weasley, bill_weasley)	1
house(gryffindor, P)	house(gryffindor, hermione_granger)	1
member_of(peter_pettigrew, death_eaters)	member_of(peter_pettigrew, death_eaters)	1
house(slytherin, P)	house(slytherin, vincent_crabbe)	1
parent(P, Z)	parent(arthur_weasley, george_weasley)	1
subject(P)	subject(arithmancy)	1
member_of(P, dumbledores_army)	member_of(neville_longbottom, dumbledores_army)	1
member_of(Y, dumbledores_army)	member_of(colin_creevey, dumbledores_army)	1
enemy(P, _EX2)	enemy(voldemort, ginny_weasley)	1
ancestor(_EX3, Y)	ancestor(X, Y) :- parent(X, Y)	1
member_of(_EX0, order_of_the_phoenix)	member_of(nymphadora_tonks, order_of_the_phoenix)	1
parent(Z, P)	parent(molly_weasley, percy_weasley)	1
member_of(_EX3, dumbledores_army)	member_of(parvati_patil, dumbledores_army)	1
male(_EX2)	male(voldemort)	1
parent(P, Z)	parent(hermione_granger, hugo_weasley)	1
parent(ginny_weasley, _EX4)	parent(ginny_weasley, james_sirius_potter)	1
house(slytherin, _EX2)	house(slytherin, regulus_black)	1
parent(_EX2, Z)	parent(arthur_weasley, george_weasley)	1
member_of(X, death_eaters)	member_of(severus_snape, death_eaters)	1
parent(harry_potter, Z)	parent(harry_potter, james_sirius_potter)	1
enemy(P, X)	enemy(dolores_umbridge, hermione_granger)	1
parent(P, _EX5)	parent(petunia_dursley, dudley_dursley)	1
parent(Z, _EX3)	parent(molly_weasley, percy_weasley)	1
enemy(P, X)	enemy(gilderoy_lockhart, hermione_granger)	1
enemy(P, Z)	enemy(voldemort, ginny_weasley)	1
enemy(P, _EX2)	enemy(draco_malfoy, harry_potter)	1
parent(Z, _EX3)	parent(hermione_granger, rose_weasley)	1
pure_blood(_EX2)	pure_blood(siruis_black)	1
enemy(X, P)	enemy(gilderoy_lockhart, ron_weasley)	1
member_of(Y, death_eaters)	member_of(severus_snape, death_eaters)	1
destroyed(P, Y)	destroyed(albus_dumbledore, resurrection_stone)	1
parent(Z, _EX3)	parent(harry_potter, james_sirius_potter)	1
parent(_EX2, Z)	parent(hermione_granger, hugo_weasley)	1
teaches(X, P)	teaches(remus_lupin, defense_against_the_dark_arts)	1
member_of(X, order_of_the_phoenix)	member_of(arthur_weasley, order_of_the_phoenix)	1
female(_EX0)	female(sybill_trelawney)	1
member_of(_EX2, death_eaters)	member_of(peter_pettigrew, death_eaters)	1
hates(draco_malfoy, _EX0)	hates(X, Y) :- deatheater(X), muggle(Y)	1
house(ravenclaw, _EX0)	house(ravenclaw, cho_chang)	1
pure_blood(luna_lovegood)	pure_blood(luna_lovegood)	1
teaches(X, P)	teaches(severus_snape, defense_against_the_dark_arts)	1
hates(_EX0, _EX2)	hates(X, Y) :- deatheater(X), muggle(Y)	1
parent(_EX3, Y)	parent(arthur_weasley, george_weasley)	1
ancestor(X, P)	ancestor(X, Y) :- parent(X, Y)	1
parent(P, X)	parent(hermione_granger, rose_weasley)	1
house(slytherin, _EX5)	house(slytherin, vincent_crabbe)	1
parent(Z, _EX3)	parent(molly_weasley, fred_weasley)	1
member_of(P, dumbledores_army)	member_of(ginny_weasley, dumbledores_army)	1
house(gryffindor, _EX2)	house(gryffindor, petter_pettigrew)	1
member_of(P, dumbledores_army)	member_of(fred_weasley, dumbledores_army)	1
half_blood(remus_lupin)	half_blood(remus_lupin)	1
muggleborn(_EX2)	muggleborn(lily_potter)	1
male(_EX2)	male(peter_pettigrew)	1
muggle(_EX3)	muggle(vernon_dursley)	1
house(gryffindor, _EX1)	house(gryffindor, harry_potter)	1
enemy(P, harry_potter)	enemy(draco_malfoy, harry_potter)	1
teaches(X, P)	teaches(albus_dumbledore, transfiguration)	1
parent(_EX2, Z)	parent(molly_weasley, percy_weasley)	1
enemy(X, P)	enemy(dolores_umbridge, george_weasley)	1
enemy(X, P)	enemy(peter_pettigrew, remus_lupin)	1
male(_EX2)	male(arthur_weasley)	1
member_of(X, dumbledores_army)	member_of(colin_creevey, dumbledores_army)	1
parent(P, Z)	parent(narcissa_malfoy, draco_malfoy)	1
parent(P, _EX4)	parent(arthur_weasley, george_weasley)	1
owns(X, P)	owns(voldemort, nagini)	1
member_of(_EX4, dumbledores_army)	member_of(seamus_finnigan, dumbledores_army)	1
ancestor(ron_weasley, P)	ancestor(X, Y) :- parent(X, Y)	1
member_of(_EX2, dumbledores_army)	member_of(harry_potter, dumbledores_army)	1
muggle(_EX1)	muggle(dudley_dursley)	1
parent(_EX2, Z)	parent(harry_potter, james_sirius_potter)	1
parent(X, P)	parent(alice_longbottom, neville_longbottom)	1
parent(Z, _EX3)	parent(ginny_weasley, lily_luna_potter)	1
parent(P, X)	parent(molly_weasley, fred_weasley)	1
in_gryffindor(_EX1)	in_gryffindor(X) :- house(gryffindor, X)	1
male(P)	male(james_potter)	1
member_of(_EX2, death_eaters)	member_of(bellatrix_lestrange, death_eaters)	1
parent(_EX2, P)	parent(hermione_granger, hugo_weasley)	1
hates(_EX1, _EX0)	hates(X, Y) :- deatheater(X), muggleborn(Y)	1
parent(P, _EX4)	parent(hermione_granger, hugo_weasley)	1
house(gryffindor, P)	house(gryffindor, minerva_mccgonall)	1
in_gryffindor(fred_weasley)	in_gryffindor(X) :- house(gryffindor, X)	1
in_ravenclaw(_EX0)	in_ravenclaw(X) :- house(ravenclaw, X)	1
ancestor(Z, _EX3)	ancestor(X, Y) :- ancestor(Z, Y), parent(X, Z)	1
in_gryffindor(_EX2)	in_gryffindor(X) :- house(gryffindor, X)	1
member_of(X, order_of_the_phoenix)	member_of(minerva_mccgonagall, order_of_the_phoenix)	1
house(slytherin, _EX1)	house(slytherin, voldemort)	1
male(_EX2)	male(filius_flitwick)	1
house(slytherin, P)	house(slytherin, gregory_goyle)	1
magical(unicorn)	magical(unicorn)	1
deatheater(_EX3)	deatheater(X) :- member_of(X, death_eaters)	1
parent(_EX3, Y)	parent(harry_potter, james_sirius_potter)	1
pure_blood(_EX2)	pure_blood(molly_weasley)	1
member_of(lucius_malfoy, death_eaters)	member_of(lucius_malfoy, death_eaters)	1
parent(P, _EX5)	parent(arthur_weasley, fred_weasley)	1
male(_EX2)	male(godric_gryffindor)	1
ancestor(X, _EX3)	ancestor(X, Y) :- parent(X, Y)	1
parent(Z, _EX3)	parent(ron_weasley, rose_weasley)	1
parent(P, _EX5)	parent(lily_potter, harry_potter)	1
male(P)	male(cedric_diggory)	1
hates(P, _EX3)	hates(X, Y) :- deatheater(X), muggleborn(Y)	1
male(P)	male(harry_potter)	1
parent(P, _EX3)	parent(molly_weasley, george_weasley)	1
enemy(P, Z)	enemy(voldemort, hermione_granger)	1
magical(nagini)	magical(nagini)	1
member_of(_EX3, death_eaters)	member_of(narcissa_malfoy, death_eaters)	1
magical_creature(nagini)	magical_creature(X) :- creature(X), magical(X)	1
enemy(P, X)	enemy(dolores_umbridge, george_weasley)	1
parent(X, _EX3)	parent(molly_weasley, george_weasley)	1
house(slytherin, P)	house(slytherin, regulus_black)	1
parent(P, Z)	parent(arthur_weasley, ginny_weasley)	1
ancestor(harry_potter, P)	ancestor(X, Y) :- parent(X, Y)	1
muggleborn(_EX0)	muggleborn(lily_potter)	1
parent(Z, _EX3)	parent(harry_potter, albus_severus_potter)	1
member_of(Y, dumbledores_army)	member_of(george_weasley, dumbledores_army)	1
member_of(Z, death_eaters)	member_of(peter_pettigrew, death_eaters)	1
parent(P, X)	parent(ron_weasley, hugo_weasley)	1
professor(P)	professor(pomona_sprout)	1
muggleborn(_EX1)	muggleborn(lily_potter)	1
parent(P, _EX5)	parent(molly_weasley, bill_weasley)	1
ancestor(P, _EX4)	ancestor(X, Y) :- ancestor(Z, Y), parent(X, Z)	1
muggleborn(_EX4)	muggleborn(myrtle_warren)	1
parent(ginny_weasley, _EX5)	parent(ginny_weasley, albus_severus_potter)	1
parent(_EX3, Y)	parent(ginny_weasley, lily_luna_potter)	1
enemy(P, _EX2)	enemy(X, Y) :- member_of(X, order_of_the_phoenix), member_of(Y, death_eaters)	1
parent(X, _EX3)	parent(lucius_malfoy, draco_malfoy)	1
parent(P, _EX3)	parent(harry_potter, james_sirius_potter)	1
male(fred_weasley)	male(fred_weasley)	1
house(gryffindor, P)	house(gryffindor, seamus_finnigan)	1
male(_EX2)	male(tom_riddle)	1
parent(_EX2, Z)	parent(ron_weasley, rose_weasley)	1
parent(X, _EX3)	parent(arthur_weasley, ron_weasley)	1
parent(X, P)	parent(molly_weasley, bill_weasley)	1
deatheater(_EX1)	deatheater(X) :- member_of(X, death_eaters)	1
magical(P)	magical(fluffy)	1
parent(P, _EX5)	parent(arthur_weasley, ron_weasley)	1
parent(_EX2, Z)	parent(harry_potter, lily_luna_potter)	1
professor(P)	professor(severus_snape)	1
creature(thestral)	creature(thestral)	1
parent(X, P)	parent(lucius_malfoy, draco_malfoy)	1
muggle(_EX3)	muggle(petunia_dursley)	1
parent(harry_potter, X)	parent(harry_potter, lily_luna_potter)	1
parent(X, P)	parent(arthur_weasley, ron_weasley)	1
member_of(harry_potter, order_of_the_phoenix)	member_of(harry_potter, order_of_the_phoenix)	1
house(hufflepuff, P)	house(hufflepuff, pomona_sprout)	1
male(P)	male(horace_slughorn)	1
male(P)	male(newt_scamander)	1
teaches(X, P)	teaches(gilderoy_lockhart, defense_against_the_dark_arts)	1
parent(ginny_weasley, Y)	parent(ginny_weasley, albus_severus_potter)	1
member_of(_EX4, death_eaters)	member_of(lucius_malfoy, death_eaters)	1
enemy(X, P)	enemy(bellatrix_lestrange, sirius_black)	1
parent(P, james_sirius_potter)	parent(ginny_weasley, james_sirius_potter)	1
house(slytherin, _EX5)	house(slytherin, regulus_black)	1
parent(P, Y)	parent(ron_weasley, rose_weasley)	1
muggle(_EX4)	muggle(marge_dursley)	1
enemy(peter_pettigrew, _EX1)	enemy(peter_pettigrew, sirius_black)	1
parent(_EX3, Y)	parent(ron_weasley, rose_weasley)	1
male(_EX2)	male(remus_lupin)	1
parent(harry_potter, X)	parent(harry_potter, albus_severus_potter)	1
enemy(P, _EX2)	enemy(voldemort, harry_potter)	1
parent(_EX3, Y)	parent(harry_potter, lily_luna_potter)	1
member_of(_EX2, dumbledores_army)	member_of(cho_chang, dumbledores_army)	1
parent(P, _EX3)	parent(ginny_weasley, lily_luna_potter)	1
member_of(_EX4, dumbledores_army)	member_of(luna_lovegood, dumbledores_army)	1
muggle(_EX4)	muggle(dudley_dursley)	1
teaches(P, X)	teaches(horace_slughorn, potions)	1
subject(P)	subject(divination)	1
parent(P, Z)	parent(arthur_weasley, fred_weasley)	1
female(_EX0)	female(alice_longbottom)	1
parent(X, _EX3)	parent(james_potter, harry_potter)	1
ancestor(_EX2, Z)	ancestor(X, Y) :- ancestor(Z, Y), parent(X, Z)	1
muggleborn(P)	muggleborn(colin_creevey)	1
parent(P, _EX5)	parent(james_potter, harry_potter)	1
parent(P, Y)	parent(arthur_weasley, bill_weasley)	1
parent(P, Y)	parent(harry_potter, albus_severus_potter)	1
house(gryffindor, _EX1)	house(gryffindor, petter_pettigrew)	1
enemy(P, Z)	enemy(voldemort, harry_potter)	1
member_of(P, death_eaters)	member_of(severus_snape, death_eaters)	1
enemy(arthur_weasley, Y)	enemy(X, Y) :- member_of(X, order_of_the_phoenix), member_of(Y, death_eaters)	1
hates(Y, _EX2)	hates(X, Y) :- deatheater(X), squib(Y)	1
house(slytherin, P)	house(slytherin, draco_malfoy)	1
parent(X, P)	parent(frank_longbottom, neville_longbottom)	1
teaches(P, X)	teaches(alastor_moody, defense_against_the_dark_arts)	1
parent(X, P)	parent(james_potter, harry_potter)	1
parent(_EX2, Z)	parent(arthur_weasley, fred_weasley)	1
ancestor(harry_potter, _EX3)	ancestor(X, Y) :- parent(X, Y)	1
house(slytherin, _EX1)	house(slytherin, tom_riddle)	1
parent(harry_potter, Y)	parent(harry_potter, james_sirius_potter)	1
member_of(_EX2, death_eaters)	member_of(lucius_malfoy, death_eaters)	1
member_of(_EX1, dumbledores_army)	member_of(hermione_granger, dumbledores_army)	1
professor(P)	professor(minerva_mcgonagall)	1
squib(arabella_figg)	squib(arabella_figg)	1
subject(P)	subject(history_of_magic)	1
parent(P, _EX3)	parent(ron_weasley, rose_weasley)	1
member_of(remus_lupin, order_of_the_phoenix)	member_of(remus_lupin, order_of_the_phoenix)	1
creature(Z)	creature(trevor)	1
ancestor(ron_weasley, _EX4)	ancestor(X, Y) :- parent(X, Y)	1
parent(P, Y)	parent(molly_weasley, bill_weasley)	1
enemy(P, Z)	enemy(gilderoy_lockhart, ron_weasley)	1
house(gryffindor, P)	house(gryffindor, george_weasley)	1
male(_EX2)	male(ron_weasley)	1
house(hufflepuff, P)	house(hufflepuff, cedric_diggory)	1
member_of(X, dumbledores_army)	member_of(cho_chang, dumbledores_army)	1
enemy(P, Z)	enemy(voldemort, rubeus_hagrid)	1
enemy(X, P)	enemy(gilderoy_lockhart, harry_potter)	1
member_of(_EX0, death_eaters)	member_of(bellatrix_lestrange, death_eaters)	1
parent(P, _EX3)	parent(frank_longbottom, neville_longbottom)	1
enemy(P, _EX2)	enemy(dolores_umbridge, ron_weasley)	1
member_of(Z, dumbledores_army)	member_of(george_weasley, dumbledores_army)	1
enemy(X, P)	enemy(draco_malfoy, ron_weasley)	1
parent(Z, _EX3)	parent(molly_weasley, charlie_weasley)	1
house(gryffindor, _EX1)	house(gryffindor, charlie_weasley)	1
enemy(severus_snape, _EX4)	enemy(X, Y) :- member_of(X, death_eaters), member_of(Y, dumbledores_army)	1
parent(P, _EX3)	parent(harry_potter, albus_severus_potter)	1
enemy(X, P)	enemy(draco_malfoy, hermione_granger)	1
parent(P, _EX5)	parent(alice_longbottom, neville_longbottom)	1
pure_blood(_EX2)	pure_blood(ron_weasley)	1
enemy(X, P)	enemy(vernon_dursley, harry_potter)	1
enemy(P, Z)	enemy(dolores_umbridge, ron_weasley)	1
subject(P)	subject(transfiguration)	1
owns(X, P)	owns(albus_dumbledore, fawkes)	1
parent(Z, _EX3)	parent(alice_longbottom, neville_longbottom)	1
house(gryffindor, _EX1)	house(gryffindor, bill_weasley)	1
parent(harry_potter, _EX4)	parent(harry_potter, james_sirius_potter)	1
house(slytherin, _EX5)	house(slytherin, draco_malfoy)	1
subject(P)	subject(defense_against_the_dark_arts)	1
muggleborn(colin_creevey)	muggleborn(colin_creevey)	1
member_of(_EX1, order_of_the_phoenix)	member_of(harry_potter, order_of_the_phoenix)	1
parent(P, _EX5)	parent(arthur_weasley, charlie_weasley)	1
enemy(P, X)	enemy(gilderoy_lockhart, severus_snape)	1
pure_blood(_EX2)	pure_blood(narcissa_malfoy)	1
parent(Z, _EX3)	parent(molly_weasley, ginny_weasley)	1
female(_EX0)	female(molly_weasley)	1
house(slytherin, _EX2)	house(slytherin, narcissa_malfoy)	1
parent(P, _EX3)	parent(molly_weasley, bill_weasley)	1
parent(P, ron_weasley)	parent(arthur_weasley, ron_weasley)	1
parent(X, P)	parent(arthur_weasley, charlie_weasley)	1
parent(_EX3, ginny_weasley)	parent(molly_weasley, ginny_weasley)	1
house(slytherin, _EX2)	house(slytherin, horace_slughorn)	1
member_of(_EX2, dumbledores_army)	member_of(fred_weasley, dumbledores_army)	1
ancestor(ron_weasley, Y)	ancestor(X, Y) :- parent(X, Y)	1
parent(P, Z)	parent(xenophilius_lovegood, luna_lovegood)	1
female(_EX0)	female(rowena_ravenclaw)	1
parent(P, X)	parent(alice_longbottom, neville_longbottom)	1
pure_blood(_EX2)	pure_blood(percy_weasley)	1
member_of(_EX3, dumbledores_army)	member_of(george_weasley, dumbledores_army)	1
parent(Z, _EX3)	parent(hermione_granger, hugo_weasley)	1
parent(_EX2, Z)	parent(molly_weasley, charlie_weasley)	1
member_of(P, death_eaters)	member_of(narcissa_malfoy, death_eaters)	1
male(_EX2)	male(george_weasley)	1
male(P)	male(sirius_black)	1
member_of(_EX1, death_eaters)	member_of(narcissa_malfoy, death_eaters)	1
deatheater(peter_pettigrew)	deatheater(X) :- member_of(X, death_eaters)	1
male(_EX2)	male(james_potter)	1
enemy(P, X)	enemy(gilderoy_lockhart, harry_potter)	1
squib(_EX4)	squib(arabella_figg)	1
parent(harry_potter, Y)	parent(harry_potter, lily_luna_potter)	1
member_of(X, dumbledores_army)	member_of(harry_potter, dumbledores_army)	1
subject(P)	subject(potions)	1
female(_EX0)	female(luna_lovegood)	1
member_of(P, dumbledores_army)	member_of(ron_weasley, dumbledores_army)	1
enemy(P, X)	enemy(draco_malfoy, ron_weasley)	1
enemy(P, X)	enemy(peter_pettigrew, remus_lupin)	1
enemy(X, P)	enemy(quirinus_quirrell, ron_weasley)	1
parent(P, _EX5)	parent(molly_weasley, percy_weasley)	1
parent(_EX2, Z)	parent(arthur_weasley, percy_weasley)	1
member_of(_EX5, death_eaters)	member_of(peter_pettigrew, death_eaters)	1
enemy(P, X)	enemy(draco_malfoy, hermione_granger)	1
enemy(_EX1, hermione_granger)	enemy(dolores_umbridge, hermione_granger)	1
pure_blood(P)	pure_blood(bill_weasley)	1
enemy(_EX1, hermione_granger)	enemy(gilderoy_lockhart, hermione_granger)	1
ancestor(_EX2, Z)	ancestor(X, Y) :- parent(X, Y)	1
enemy(P, X)	enemy(vernon_dursley, harry_potter)	1
parent(X, P)	parent(molly_weasley, percy_weasley)	1
member_of(_EX3, death_eaters)	member_of(bellatrix_lestrange, death_eaters)	1
parent(Z, _EX3)	parent(arthur_weasley, bill_weasley)	1
parent(_EX3, Y)	parent(molly_weasley, charlie_weasley)	1
parent(harry_potter, Y)	parent(harry_potter, albus_severus_potter)	1
parent(P, Z)	parent(harry_potter, lily_luna_potter)	1
descendant(X, P)	descendant(X, Y) :- ancestor(Y, X)	1
enemy(P, X)	enemy(X, Y) :- member_of(X, order_of_the_phoenix), member_of(Y, death_eaters)	1
male(_EX2)	male(cedric_diggory)	1
female(_EX0)	female(lily_luna_potter)	1
pure_blood(P)	pure_blood(draco_malfoy)	1
male(P)	male(argus_filch)	1
ancestor(_EX3, Y)	ancestor(X, Y) :- ancestor(Z, Y), parent(X, Z)	1
enemy(P, Z)	enemy(dolores_umbridge, harry_potter)	1
house(gryffindor, _EX1)	house(gryffindor, sirius_black)	1
parent(_EX3, Y)	parent(arthur_weasley, percy_weasley)	1
parent(P, Y)	parent(molly_weasley, ginny_weasley)	1
parent(Z, P)	parent(xenophilius_lovegood, luna_lovegood)	1
parent(_EX3, Y)	parent(molly_weasley, ginny_weasley)	1
parent(Z, _EX3)	parent(molly_weasley, bill_weasley)	1
house(gryffindor, P)	house(gryffindor, fred_weasley)	1
female(_EX0)	female(narcissa_malfoy)	1
muggleborn(P)	muggleborn(hermione_granger)	1
member_of(_EX4, death_eaters)	member_of(peter_pettigrew, death_eaters)	1
parent(arthur_weasley, P)	parent(arthur_weasley, bill_weasley)	1
enemy(P, _EX2)	enemy(bellatrix_lestrange, neville_longbottom)	1
house(slytherin, _EX5)	house(slytherin, horace_slughorn)	1
ancestor(P, Z)	ancestor(X, Y) :- ancestor(Z, Y), parent(X, Z)	1
parent(P, _EX4)	parent(xenophilius_lovegood, luna_lovegood)	1
parent(harry_potter, _EX3)	parent(harry_potter, lily_luna_potter)	1
parent(P, Y)	parent(ron_weasley, hugo_weasley)	1
in_slytherin(_EX2)	in_slytherin(X) :- house(slytherin, X)	1
parent(_EX2, P)	parent(arthur_weasley, percy_weasley)	1
parent(_EX2, Z)	parent(arthur_weasley, bill_weasley)	1
parent(P, _EX4)	parent(arthur_weasley, percy_weasley)	1
house(gryffindor, _EX2)	house(gryffindor, ginny_weasley)	1
parent(P, _EX3)	parent(molly_weasley, charlie_weasley)	1
parent(P, X)	parent(molly_weasley, bill_weasley)	1
parent(P, _EX5)	parent(hermione_granger, hugo_weasley)	1
enemy(P, Z)	enemy(bellatrix_lestrange, neville_longbottom)	1
parent(P, X)	parent(lucius_malfoy, draco_malfoy)	1
owns(P, fluffy)	owns(rubeus_hagrid, fluffy)	1
parent(X, P)	parent(ginny_weasley, albus_severus_potter)	1
member_of(X, dumbledores_army)	member_of(parvati_patil, dumbledores_army)	1
parent(harry_potter, _EX3)	parent(harry_potter, albus_severus_potter)	1
witch(_EX0)	witch(X) :- female(X), muggleborn(X)	1
male(_EX2)	male(quirinus_quirrell)	1
muggle(_EX2)	muggle(marge_dursley)	1
parent(P, X)	parent(arthur_weasley, ron_weasley)	1
parent(P, _EX3)	parent(arthur_weasley, percy_weasley)	1
teaches(P, X)	teaches(pomona_sprout, herbology)	1
parent(P, _EX3)	parent(molly_weasley, ginny_weasley)	1
muggle(_EX2)	muggle(dudley_dursley)	1
member_of(Y, dumbledores_army)	member_of(neville_longbottom, dumbledores_army)	1
wizard(_EX2)	wizard(X) :- male(X), pure_blood(X)	1
male(_EX2)	male(james_sirius_potter)	1
half_blood(tom_riddle)	half_blood(tom_riddle)	1
muggle(_EX0)	muggle(marge_dursley)	1
member_of(_EX4, death_eaters)	member_of(bellatrix_lestrange, death_eaters)	1
member_of(P, dumbledores_army)	member_of(luna_lovegood, dumbledores_army)	1
parent(P, _EX5)	parent(vernon_dursley, dudley_dursley)	1
hates(Y, _EX0)	hates(X, Y) :- deatheater(X), muggleborn(Y)	1
parent(_EX3, Y)	parent(arthur_weasley, bill_weasley)	1
parent(_EX3, Y)	parent(harry_potter, albus_severus_potter)	1
parent(P, Y)	parent(molly_weasley, percy_weasley)	1
house(gryffindor, P)	house(gryffindor, bill_weasley)	1
teaches(X, P)	teaches(horace_slughorn, potions)	1
parent(P, Z)	parent(molly_weasley, george_weasley)	1
parent(X, P)	parent(vernon_dursley, dudley_dursley)	1
enemy(X, P)	enemy(voldemort, wizarding_world)	1
parent(Z, P)	parent(arthur_weasley, george_weasley)	1
magical(aragog)	magical(aragog)	1
member_of(Z, death_eaters)	member_of(lucius_malfoy, death_eaters)	1
creature(Z)	creature(scabbers)	1
subject(P)	subject(astronomy)	1
deatheater(_EX4)	deatheater(X) :- member_of(X, death_eaters)	1
female(_EX0)	female(ginny_weasley)	1
enemy(severus_snape, _EX4)	enemy(X, Y) :- member_of(X, order_of_the_phoenix), member_of(Y, death_eaters)	1
parent(Z, _EX3)	parent(arthur_weasley, george_weasley)	1
parent(P, Z)	parent(arthur_weasley, ron_weasley)	1
in_slytherin(_EX1)	in_slytherin(X) :- house(slytherin, X)	1
male(P)	male(dudley_dursley)	1
muggle(_EX1)	muggle(petunia_dursley)	1
enemy(P, Z)	enemy(marge_dursley, harry_potter)	1
member_of(_EX2, death_eaters)	member_of(voldemort, death_eaters)	1
parent(P, _EX3)	parent(arthur_weasley, bill_weasley)	1
muggleborn(_EX1)	muggleborn(colin_creevey)	1
magical_creature(fawkes)	magical_creature(X) :- creature(X), magical(X)	1
creature(nagini)	creature(nagini)	1
member_of(narcissa_malfoy, death_eaters)	member_of(narcissa_malfoy, death_eaters)	1
enemy(P, _EX2)	enemy(dudley_dursley, harry_potter)	1
member_of(Y, dumbledores_army)	member_of(fred_weasley, dumbledores_army)	1
enemy(P, harry_potter)	enemy(marge_dursley, harry_potter)	1
member_of(_EX0, order_of_the_phoenix)	member_of(severus_snape, order_of_the_phoenix)	1
magical_pet(P, fluffy)	magical_pet(X, Y) :- magical_creature(Y), owns(X, Y)	1
parent(_EX2, Z)	parent(arthur_weasley, ron_weasley)	1
parent(_EX2, Z)	parent(molly_weasley, fred_weasley)	1
parent(X, _EX3)	parent(xenophilius_lovegood, luna_lovegood)	1
hates(Y, _EX2)	hates(X, Y) :- deatheater(X), muggleborn(Y)	1
hates(narcissa_malfoy, _EX1)	hates(X, Y) :- deatheater(X), muggle(Y)	1
member_of(P, dumbledores_army)	member_of(cho_chang, dumbledores_army)	1
female(_EX0)	female(rose_weasley)	1
ancestor(arthur_weasley, P)	ancestor(X, Y) :- ancestor(Z, Y), parent(X, Z)	1
enemy(_EX1, hermione_granger)	enemy(voldemort, hermione_granger)	1
male(P)	male(vincent_crabble)	1
parent(P, _EX4)	parent(ginny_weasley, james_sirius_potter)	1
male(_EX2)	male(dudley_dursley)	1
house(gryffindor, _EX2)	house(gryffindor, minerva_mccgonall)	1
enemy(P, X)	enemy(voldemort, hermione_granger)	1
enemy(P, X)	enemy(voldemort, wizarding_world)	1
wizard(_EX2)	wizard(X) :- male(X), muggleborn(X)	1
ancestor(P, Z)	ancestor(X, Y) :- parent(X, Y)	1
magical(crookshanks)	magical(crookshanks)	1
enemy(P, _EX2)	enemy(cormac_mclaggen, ron_weasley)	1
male(P)	male(frank_longbottom)	1
parent(Z, _EX3)	parent(ron_weasley, hugo_weasley)	1
parent(X, P)	parent(petunia_dursley, dudley_dursley)	1
enemy(P, harry_potter)	enemy(dudley_dursley, harry_potter)	1
member_of(_EX1, dumbledores_army)	member_of(seamus_finnigan, dumbledores_army)	1
parent(P, Y)	parent(vernon_dursley, dudley_dursley)	1
squib(_EX3)	squib(arabella_figg)	1
parent(P, Z)	parent(james_potter, harry_potter)	1
parent(_EX3, Y)	parent(arthur_weasley, ginny_weasley)	1
parent(_EX3, Y)	parent(molly_weasley, fred_weasley)	1
in_gryffindor(P)	in_gryffindor(X) :- house(gryffindor, X)	1
enemy(P, Z)	enemy(voldemort, albus_dumbledore)	1
pure_blood(P)	pure_blood(james_potter)	1
creature(aragog)	creature(aragog)	1
enemy(P, Z)	enemy(cormac_mclaggen, ron_weasley)	1
parent(P, X)	parent(arthur_weasley, charlie_weasley)	1
member_of(_EX1, dumbledores_army)	member_of(padma_patil, dumbledores_army)	1
member_of(Z, dumbledores_army)	member_of(neville_longbottom, dumbledores_army)	1
member_of(_EX5, dumbledores_army)	member_of(padma_patil, dumbledores_army)	1
parent(_EX2, P)	parent(molly_weasley, fred_weasley)	1
male(P)	male(albus_severus_potter)	1
parent(P, _EX4)	parent(arthur_weasley, ron_weasley)	1
enemy(lucius_malfoy, Z)	enemy(X, Y) :- member_of(X, death_eaters), member_of(Y, dumbledores_army)	1
parent(ginny_weasley, _EX3)	parent(ginny_weasley, albus_severus_potter)	1
parent(james_potter, P)	parent(james_potter, harry_potter)	1
member_of(_EX1, death_eaters)	member_of(severus_snape, death_eaters)	1
parent(_EX2, Z)	parent(ron_weasley, hugo_weasley)	1
house(gryffindor, _EX1)	house(gryffindor, hermione_granger)	1
parent(_EX3, harry_potter)	parent(james_potter, harry_potter)	1
enemy(X, P)	enemy(petunia_dursley, harry_potter)	1
ancestor(P, james_sirius_potter)	ancestor(X, Y) :- ancestor(Z, Y), parent(X, Z)	1
parent(P, X)	parent(arthur_weasley, ginny_weasley)	1
enemy(X, P)	enemy(voldemort, rubeus_hagrid)	1
parent(P, _EX3)	parent(molly_weasley, fred_weasley)	1
professor(P)	professor(sybill_trelawney)	1
enemy(X, P)	enemy(peter_pettigrew, sirius_black)	1
enemy(albus_dumbledore, narcissa_malfoy)	enemy(X, Y) :- member_of(X, order_of_the_phoenix), member_of(Y, death_eaters)	1
parent(ginny_weasley, Z)	parent(ginny_weasley, lily_luna_potter)	1
parent(P, _EX4)	parent(molly_weasley, charlie_weasley)	1
pure_blood(_EX2)	pure_blood(lucius_malfoy)	1
ancestor(harry_potter, _EX4)	ancestor(X, Y) :- parent(X, Y)	1
pure_blood(_EX2)	pure_blood(bellatrix_lestrange)	1
hero(ron_weasley)	hero(X) :- chocolate_frog_card(X)	1
member_of(_EX5, dumbledores_army)	member_of(harry_potter, dumbledores_army)	1
parent(P, neville_longbottom)	parent(alice_longbottom, neville_longbottom)	1
enemy(X, P)	enemy(X, Y) :- member_of(X, death_eaters), member_of(Y, dumbledores_army)	1
parent(_EX3, Y)	parent(ginny_weasley, albus_severus_potter)	1
parent(_EX3, Y)	parent(ron_weasley, hugo_weasley)	1
parent(P, Y)	parent(harry_potter, james_sirius_potter)	1
parent(P, Y)	parent(petunia_dursley, dudley_dursley)	1
enemy(P, X)	enemy(quirinus_quirrell, hermione_granger)	1
member_of(Z, dumbledores_army)	member_of(fred_weasley, dumbledores_army)	1
female(_EX0)	female(lily_potter)	1
parent(X, _EX3)	parent(ginny_weasley, james_sirius_potter)	1
hates(narcissa_malfoy, _EX1)	hates(X, Y) :- deatheater(X), muggleborn(Y)	1
parent(X, P)	parent(arthur_weasley, fred_weasley)	1
male(P)	male(hugo_weasley)	1
member_of(severus_snape, death_eaters)	member_of(severus_snape, death_eaters)	1
male(P)	male(tom_riddle)	1
parent(X, P)	parent(lily_potter, harry_potter)	1
parent(P, _EX4)	parent(ginny_weasley, albus_severus_potter)	1
member_of(albus_dumbledore, order_of_the_phoenix)	member_of(albus_dumbledore, order_of_the_phoenix)	1
parent(X, P)	parent(ginny_weasley, james_sirius_potter)	1
ancestor(arthur_weasley, P)	ancestor(X, Y) :- parent(X, Y)	1
member_of(harry_potter, dumbledores_army)	member_of(harry_potter, dumbledores_army)	1
muggleborn(_EX3)	muggleborn(myrtle_warren)	1
enemy(P, X)	enemy(petunia_dursley, harry_potter)	1
house(gryffindor, _EX2)	house(gryffindor, colin_creevey)	1
half_blood(voldemort)	half_blood(voldemort)	1
enemy(P, X)	enemy(voldemort, rubeus_hagrid)	1
member_of(_EX5, death_eaters)	member_of(lucius_malfoy, death_eaters)	1
parent(P, X)	parent(ginny_weasley, albus_severus_potter)	1
parent(P, _EX3)	parent(ron_weasley, hugo_weasley)	1
creature(crookshanks)	creature(crookshanks)	1
parent(Z, _EX3)	parent(vernon_dursley, dudley_dursley)	1
teaches(X, P)	teaches(pomona_sprout, herbology)	1
member_of(_EX3, dumbledores_army)	member_of(fred_weasley, dumbledores_army)	1
member_of(_EX0, death_eaters)	member_of(voldemort, death_eaters)	1
female(_EX0)	female(fleur_delacour)	1
male(_EX2)	male(draco_malfoy)	1
enemy(P, X)	enemy(X, Y) :- member_of(X, death_eaters), member_of(Y, dumbledores_army)	1
ancestor(ginny_weasley, X)	ancestor(X, Y) :- parent(X, Y)	1
enemy(_EX1, hermione_granger)	enemy(draco_malfoy, hermione_granger)	1
parent(X, P)	parent(narcissa_malfoy, draco_malfoy)	1
member_of(_EX1, dumbledores_army)	member_of(parvati_patil, dumbledores_army)	1
house(gryffindor, _EX1)	house(gryffindor, minerva_mccgonall)	1
member_of(X, death_eaters)	member_of(peter_pettigrew, death_eaters)	1
parent(P, X)	parent(vernon_dursley, dudley_dursley)	1
member_of(Z, death_eaters)	member_of(narcissa_malfoy, death_eaters)	1
parent(ginny_weasley, james_sirius_potter)	parent(ginny_weasley, james_sirius_potter)	1
enemy(P, Z)	enemy(dolores_umbridge, george_weasley)	1
member_of(Y, death_eaters)	member_of(peter_pettigrew, death_eaters)	1
female(_EX0)	female(parvati_patil)	1
member_of(P, death_eaters)	member_of(lucius_malfoy, death_eaters)	1
male(P)	male(salazar_slytherin)	1
pure_blood(_EX2)	pure_blood(george_weasley)	1
enemy(P, _EX2)	enemy(voldemort, hermione_granger)	1
parent(P, Y)	parent(frank_longbottom, neville_longbottom)	1
member_of(_EX0, order_of_the_phoenix)	member_of(arthur_weasley, order_of_the_phoenix)	1
hates(P, _EX3)	hates(X, Y) :- deatheater(X), muggle(Y)	1
parent(P, _EX5)	parent(xenophilius_lovegood, luna_lovegood)	1
parent(P, Y)	parent(lily_potter, harry_potter)	1
enemy(remus_lupin, _EX1)	enemy(X, Y) :- member_of(X, order_of_the_phoenix), member_of(Y, death_eaters)	1
member_of(P, dumbledores_army)	member_of(padma_patil, dumbledores_army)	1
parent(X, _EX3)	parent(arthur_weasley, percy_weasley)	1
destroyed(P, Y)	destroyed(voldemort, harry_potter)	1
member_of(_EX3, death_eaters)	member_of(draco_malfoy, death_eaters)	1
pure_blood(_EX2)	pure_blood(neville_longbottom)	1
male(george_weasley)	male(george_weasley)	1
male(P)	male(ron_weasley)	1
professor(P)	professor(alastor_moody)	1
enemy(P, X)	enemy(draco_malfoy, harry_potter)	1
enemy(X, P)	enemy(gilderoy_lockhart, severus_snape)	1
member_of(X, order_of_the_phoenix)	member_of(harry_potter, order_of_the_phoenix)	1
house(gryffindor, P)	house(gryffindor, james_potter)	1
male(_EX2)	male(salazar_slytherin)	1
pure_blood(P)	pure_blood(neville_longbottom)	1
parent(_EX2, P)	parent(petunia_dursley, dudley_dursley)	1
member_of(_EX5, dumbledores_army)	member_of(seamus_finnigan, dumbledores_army)	1
parent(Z, _EX3)	parent(petunia_dursley, dudley_dursley)	1
enemy(X, P)	enemy(voldemort, ron_weasley)	1
pure_blood(_EX2)	pure_blood(draco_malfoy)	1
house(slytherin, _EX5)	house(slytherin, bellatrix_lestrange)	1
parent(ron_weasley, P)	parent(ron_weasley, rose_weasley)	1
member_of(P, order_of_the_phoenix)	member_of(molly_weasley, order_of_the_phoenix)	1
member_of(_EX3, death_eaters)	member_of(voldemort, death_eaters)	1
pure_blood(ginny_weasley)	pure_blood(ginny_weasley)	1
parent(P, Y)	parent(narcissa_malfoy, draco_malfoy)	1
house(slytherin, _EX1)	house(slytherin, vincent_crabbe)	1
member_of(_EX2, dumbledores_army)	member_of(parvati_patil, dumbledores_army)	1
male(_EX2)	male(harry_potter)	1
parent(P, X)	parent(petunia_dursley, dudley_dursley)	1
male(percy_weasley)	male(percy_weasley)	1
enemy(P, draco_malfoy)	enemy(X, Y) :- member_of(X, order_of_the_phoenix), member_of(Y, death_eaters)	1
teaches(X, P)	teaches(quirinus_quirrell, defense_against_the_dark_arts)	1
parent(Z, P)	parent(ginny_weasley, lily_luna_potter)	1
male(P)	male(seamus_finnigan)	1
parent(X, _EX3)	parent(arthur_weasley, george_weasley)	1
parent(Z, _EX3)	parent(lucius_malfoy, draco_malfoy)	1
subject(P)	subject(flying)	1
parent(P, Y)	parent(arthur_weasley, charlie_weasley)	1
house(gryffindor, _EX2)	house(gryffindor, seamus_finnigan)	1
male(P)	male(george_weasley)	1
member_of(X, order_of_the_phoenix)	member_of(alastor_moody, order_of_the_phoenix)	1
female(_EX0)	female(cho_chang)	1
male(_EX2)	male(albus_severus_potter)	1
house(gryffindor, _EX2)	house(gryffindor, fred_weasley)	1
male(bill_weasley)	male(bill_weasley)	1
member_of(_EX0, order_of_the_phoenix)	member_of(harry_potter, order_of_the_phoenix)	1
house(gryffindor, _EX2)	house(gryffindor, sirius_black)	1
parent(P, X)	parent(ginny_weasley, lily_luna_potter)	1
enemy(P, X)	enemy(voldemort, ron_weasley)	1
squib(_EX0)	squib(argus_filch)	1
male(P)	male(voldemort)	1
member_of(_EX2, death_eaters)	member_of(severus_snape, death_eaters)	1
parent(P, _EX3)	parent(alice_longbottom, neville_longbottom)	1
parent(X, P)	parent(hermione_granger, hugo_weasley)	1
subject(P)	subject(ancient_runes)	1
house(slytherin, P)	house(slytherin, narcissa_malfoy)	1
magical(P)	magical(nagini)	1
house(hufflepuff, _EX5)	house(hufflepuff, nymphadora_tonks)	1
parent(P, _EX5)	parent(ginny_weasley, james_sirius_potter)	1
parent(P, _EX4)	parent(ron_weasley, rose_weasley)	1
parent(_EX2, Z)	parent(lucius_malfoy, draco_malfoy)	1
house(ravenclaw, _EX0)	house(ravenclaw, luna_lovegood)	1
member_of(_EX1, dumbledores_army)	member_of(colin_creevey, dumbledores_army)	1
member_of(_EX0, death_eaters)	member_of(draco_malfoy, death_eaters)	1
house(ravenclaw, _EX0)	house(ravenclaw, padma_patil)	1
enemy(X, P)	enemy(voldemort, ginny_weasley)	1
parent(Z, _EX3)	parent(frank_longbottom, neville_longbottom)	1
parent(Z, P)	parent(harry_potter, albus_severus_potter)	1
parent(X, _EX3)	parent(hermione_granger, rose_weasley)	1
parent(_EX2, P)	parent(lily_potter, harry_potter)	1
house(gryffindor, _EX1)	house(gryffindor, george_weasley)	1
teaches(X, P)	teaches(sybill_trelawney, divination)	1
parent(P, Y)	parent(molly_weasley, charlie_weasley)	1
destroyed(P, Y)	destroyed(harry_potter, tom_riddles_diary)	1
male(lucius_malfoy)	male(lucius_malfoy)	1
parent(P, X)	parent(frank_longbottom, neville_longbottom)	1
parent(_EX3, Y)	parent(lucius_malfoy, draco_malfoy)	1
house(slytherin, _EX2)	house(slytherin, severus_snape)	1
parent(P, X)	parent(lily_potter, harry_potter)	1
parent(P, X)	parent(ginny_weasley, james_sirius_potter)	1
parent(P, _EX5)	parent(narcissa_malfoy, draco_malfoy)	1
parent(X, _EX3)	parent(molly_weasley, fred_weasley)	1
teaches(P, X)	teaches(albus_dumbledore, transfiguration)	1
house(gryffindor, _EX1)	house(gryffindor, remus_lupin)	1
house(slytherin, _EX5)	house(slytherin, gregory_goyle)	1
member_of(_EX4, dumbledores_army)	member_of(fred_weasley, dumbledores_army)	1
house(gryffindor, _EX2)	house(gryffindor, george_weasley)	1
parent(P, Y)	parent(arthur_weasley, george_weasley)	1
male(arthur_weasley)	male(arthur_weasley)	1
male(P)	male(quirinus_quirrell)	1
house(slytherin, _EX5)	house(slytherin, narcissa_malfoy)	1
member_of(alastor_moody, order_of_the_phoenix)	member_of(alastor_moody, order_of_the_phoenix)	1
ancestor(james_potter, Y)	ancestor(X, Y) :- ancestor(Z, Y), parent(X, Z)	1
parent(ron_weasley, _EX3)	parent(ron_weasley, rose_weasley)	1
female(_EX0)	female(bellatrix_lestrange)	1
hates(Y, _EX2)	hates(X, Y) :- deatheater(X), muggle(Y)	1
parent(Z, _EX3)	parent(narcissa_malfoy, draco_malfoy)	1
male(P)	male(percy_weasley)	1
house(slytherin, P)	house(slytherin, severus_snape)	1
member_of(_EX1, order_of_the_phoenix)	member_of(remus_lupin, order_of_the_phoenix)	1
male(_EX2)	male(albus_dumbledore)	1
parent(P, ginny_weasley)	parent(molly_weasley, ginny_weasley)	1
house(gryffindor, P)	house(gryffindor, percy_weasley)	1
male(P)	male(james_sirius_potter)	1
house(gryffindor, P)	house(gryffindor, lily_potter)	1
parent(_EX2, Z)	parent(harry_potter, albus_severus_potter)	1
parent(P, Y)	parent(hermione_granger, hugo_weasley)	1
member_of(Z, death_eaters)	member_of(bellatrix_lestrange, death_eaters)	1
member_of(P, dumbledores_army)	member_of(seamus_finnigan, dumbledores_army)	1
enemy(P, X)	enemy(voldemort, ginny_weasley)	1
house(hufflepuff, _EX5)	house(hufflepuff, cedric_diggory)	1
hates(peter_pettigrew, _EX4)	hates(X, Y) :- deatheater(X), squib(Y)	1
parent(P, X)	parent(narcissa_malfoy, draco_malfoy)	1
house(slytherin, P)	house(slytherin, tom_riddle)	1
parent(ginny_weasley, Y)	parent(ginny_weasley, james_sirius_potter)	1
member_of(_EX1, death_eaters)	member_of(draco_malfoy, death_eaters)	1
parent(P, _EX3)	parent(lucius_malfoy, draco_malfoy)	1
parent(Z, _EX3)	parent(arthur_weasley, charlie_weasley)	1
muggle(_EX2)	muggle(vernon_dursley)	1
enemy(remus_lupin, _EX3)	enemy(X, Y) :- member_of(X, order_of_the_phoenix), member_of(Y, death_eaters)	1
member_of(_EX4, death_eaters)	member_of(narcissa_malfoy, death_eaters)	1
pure_blood(_EX2)	pure_blood(james_potter)	1
member_of(P, order_of_the_phoenix)	member_of(albus_dumbledore, order_of_the_phoenix)	1
parent(P, Z)	parent(alice_longbottom, neville_longbottom)	1
parent(_EX3, Y)	parent(frank_longbottom, neville_longbottom)	1
enemy(peter_pettigrew, _EX1)	enemy(X, Y) :- member_of(X, death_eaters), member_of(Y, dumbledores_army)	1
parent(P, Z)	parent(ginny_weasley, james_sirius_potter)	1
deatheater(Y)	deatheater(X) :- member_of(X, death_eaters)	1
enemy(P, _EX2)	enemy(dolores_umbridge, ginny_weasley)	1
member_of(_EX1, death_eaters)	member_of(voldemort, death_eaters)	1
male(neville_longbottom)	male(neville_longbottom)	1
male(_EX2)	male(alastor_moody)	1
enemy(arthur_weasley, _EX5)	enemy(X, Y) :- member_of(X, order_of_the_phoenix), member_of(Y, death_eaters)	1
member_of(X, order_of_the_phoenix)	member_of(molly_weasley, order_of_the_phoenix)	1
female(_EX0)	female(pomona_sprout)	1
house(slytherin, _EX5)	house(slytherin, severus_snape)	1
parent(arthur_weasley, P)	parent(arthur_weasley, charlie_weasley)	1
parent(Z, _EX3)	parent(arthur_weasley, ginny_weasley)	1
member_of(_EX2, dumbledores_army)	member_of(neville_longbottom, dumbledores_army)	1
member_of(_EX5, dumbledores_army)	member_of(hermione_granger, dumbledores_army)	1
enemy(P, _EX2)	enemy(dolores_umbridge, harry_potter)	1
parent(X, P)	parent(harry_potter, lily_luna_potter)	1
enemy(P, _EX2)	enemy(dolores_umbridge, fred_weasley)	1
parent(_EX3, ginny_weasley)	parent(arthur_weasley, ginny_weasley)	1
parent(ron_weasley, _EX4)	parent(ron_weasley, hugo_weasley)	1
enemy(P, Z)	enemy(quirinus_quirrell, ron_weasley)	1
enemy(P, Z)	enemy(dolores_umbridge, ginny_weasley)	1
parent(Z, P)	parent(molly_weasley, charlie_weasley)	1
house(gryffindor, _EX1)	house(gryffindor, fred_weasley)	1
magical_creature(Z)	magical_creature(X) :- creature(X), magical(X)	1
parent(P, _EX3)	parent(james_potter, harry_potter)	1
parent(_EX3, Y)	parent(alice_longbottom, neville_longbottom)	1
member_of(X, order_of_the_phoenix)	member_of(nymphadora_tonks, order_of_the_phoenix)	1
parent(_EX2, P)	parent(molly_weasley, charlie_weasley)	1
muggleborn(_EX4)	muggleborn(lily_potter)	1
house(gryffindor, _EX1)	house(gryffindor, percy_weasley)	1
parent(Z, P)	parent(alice_longbottom, neville_longbottom)	1
parent(arthur_weasley, P)	parent(arthur_weasley, ginny_weasley)	1
member_of(X, death_eaters)	member_of(lucius_malfoy, death_eaters)	1
pure_blood(P)	pure_blood(fred_weasley)	1
member_of(_EX4, dumbledores_army)	member_of(colin_creevey, dumbledores_army)	1
member_of(Z, dumbledores_army)	member_of(luna_lovegood, dumbledores_army)	1
member_of(Y, dumbledores_army)	member_of(ginny_weasley, dumbledores_army)	1
pure_blood(narcissa_malfoy)	pure_blood(narcissa_malfoy)	1
ancestor(P, _EX4)	ancestor(X, Y) :- parent(X, Y)	1
member_of(_EX0, death_eaters)	member_of(severus_snape, death_eaters)	1
male(_EX2)	male(gregory_goyle)	1
parent(_EX3, Y)	parent(arthur_weasley, charlie_weasley)	1
female(_EX0)	female(petunia_dursley)	1
parent(_EX2, P)	parent(alice_longbottom, neville_longbottom)	1
parent(ginny_weasley, _EX4)	parent(ginny_weasley, lily_luna_potter)	1
enemy(_EX1, hermione_granger)	enemy(X, Y) :- member_of(X, death_eaters), member_of(Y, dumbledores_army)	1
enemy(X, P)	enemy(X, Y) :- member_of(X, order_of_the_phoenix), member_of(Y, death_eaters)	1
parent(P, _EX4)	parent(alice_longbottom, neville_longbottom)	1
member_of(X, dumbledores_army)	member_of(neville_longbottom, dumbledores_army)	1
parent(_EX2, P)	parent(molly_weasley, ginny_weasley)	1
parent(P, Z)	parent(molly_weasley, charlie_weasley)	1
male(_EX2)	male(argus_filch)	1
member_of(P, order_of_the_phoenix)	member_of(minerva_mccgonagall, order_of_the_phoenix)	1
member_of(_EX4, death_eaters)	member_of(draco_malfoy, death_eaters)	1
enemy(P, Z)	enemy(dudley_dursley, harry_potter)	1
house(slytherin, _EX1)	house(slytherin, lucius_malfoy)	1
parent(P, _EX3)	parent(narcissa_malfoy, draco_malfoy)	1
enemy(X, P)	enemy(quirinus_quirrell, harry_potter)	1
creature(scabbers)	creature(scabbers)	1
deatheater(P)	deatheater(X) :- member_of(X, death_eaters)	1
member_of(_EX0, order_of_the_phoenix)	member_of(molly_weasley, order_of_the_phoenix)	1
parent(Z, _EX3)	parent(ginny_weasley, albus_severus_potter)	1
parent(P, Z)	parent(arthur_weasley, percy_weasley)	1
parent(P, Y)	parent(arthur_weasley, ginny_weasley)	1
ancestor(ron_weasley, Z)	ancestor(X, Y) :- parent(X, Y)	1
house(gryffindor, P)	house(gryffindor, ginny_weasley)	1
professor(P)	professor(filius_flitwick)	1
member_of(_EX1, order_of_the_phoenix)	member_of(severus_snape, order_of_the_phoenix)	1
parent(P, _EX4)	parent(molly_weasley, ron_weasley)	1
member_of(P, order_of_the_phoenix)	member_of(harry_potter, order_of_the_phoenix)	1
destroyed(P, Y)	destroyed(ron_weasley, slytherin_locket)	1
pure_blood(P)	pure_blood(percy_weasley)	1
member_of(_EX1, death_eaters)	member_of(lucius_malfoy, death_eaters)	1
parent(P, _EX3)	parent(arthur_weasley, charlie_weasley)	1
parent(P, ginny_weasley)	parent(arthur_weasley, ginny_weasley)	1
teaches(P, X)	teaches(rubeus_hagrid, care_of_magical_creatures)	1
enemy(X, P)	enemy(voldemort, harry_potter)	1
creature(Z)	creature(nagini)	1
parent(P, _EX3)	parent(hermione_granger, rose_weasley)	1
muggle(_EX0)	muggle(dudley_dursley)	1
parent(Z, P)	parent(arthur_weasley, bill_weasley)	1
muggle(_EX0)	muggle(petunia_dursley)	1
parent(_EX2, Z)	parent(molly_weasley, ginny_weasley)	1
parent(P, X)	parent(hermione_granger, hugo_weasley)	1
member_of(_EX1, order_of_the_phoenix)	member_of(alastor_moody, order_of_the_phoenix)	1
magical(P)	magical(thestral)	1
parent(_EX2, P)	parent(molly_weasley, percy_weasley)	1
parent(P, _EX5)	parent(harry_potter, james_sirius_potter)	1
house(gryffindor, P)	house(gryffindor, colin_creevey)	1
member_of(X, dumbledores_army)	member_of(ginny_weasley, dumbledores_army)	1
parent(P, _EX4)	parent(arthur_weasley, bill_weasley)	1
member_of(X, dumbledores_army)	member_of(fred_weasley, dumbledores_army)	1
ancestor(harry_potter, Y)	ancestor(X, Y) :- parent(X, Y)	1
parent(_EX2, Z)	parent(ginny_weasley, albus_severus_potter)	1
hates(_EX1, _EX0)	hates(X, Y) :- deatheater(X), squib(Y)	1
enemy(P, Z)	enemy(voldemort, wizarding_world)	1
parent(Z, P)	parent(molly_weasley, bill_weasley)	1
creature(Z)	creature(thestral)	1
house(hufflepuff, _EX5)	house(hufflepuff, newt_scamander)	1
creature(unicorn)	creature(unicorn)	1
parent(P, _EX3)	parent(arthur_weasley, ginny_weasley)	1
member_of(_EX3, death_eaters)	member_of(severus_snape, death_eaters)	1
teaches(X, P)	teaches(minerva_mcgonagall, transfiguration)	1
enemy(P, X)	enemy(quirinus_quirrell, harry_potter)	1
member_of(_EX0, death_eaters)	member_of(narcissa_malfoy, death_eaters)	1
parent(P, X)	parent(molly_weasley, percy_weasley)	1
member_of(_EX5, death_eaters)	member_of(bellatrix_lestrange, death_eaters)	1
enemy(harry_potter, _EX1)	enemy(X, Y) :- member_of(X, order_of_the_phoenix), member_of(Y, death_eaters)	1
male(P)	male(bill_weasley)	1
creature(norbert)	creature(norbert)	1
parent(P, _EX4)	parent(lucius_malfoy, draco_malfoy)	1
house(slytherin, _EX1)	house(slytherin, horace_slughorn)	1
member_of(_EX1, dumbledores_army)	member_of(harry_potter, dumbledores_army)	1
pure_blood(P)	pure_blood(ginny_weasley)	1
parent(P, Y)	parent(ginny_weasley, albus_severus_potter)	1
ancestor(ginny_weasley, _EX4)	ancestor(X, Y) :- parent(X, Y)	1
parent(P, Y)	parent(arthur_weasley, fred_weasley)	1
creature(Z)	creature(norbert)	1
descendant(_EX4, james_potter)	descendant(X, Y) :- ancestor(Y, X)	1
enemy(X, P)	enemy(dolores_umbridge, ron_weasley)	1
enemy(P, harry_potter)	enemy(gilderoy_lockhart, harry_potter)	1
member_of(Z, dumbledores_army)	member_of(ginny_weasley, dumbledores_army)	1
parent(X, _EX3)	parent(alice_longbottom, neville_longbottom)	1
chocolate_frog_card(ron_weasley)	chocolate_frog_card(ron_weasley)	1
ancestor(harry_potter, _EX5)	ancestor(X, Y) :- parent(X, Y)	1
parent(_EX3, Y)	parent(hermione_granger, hugo_weasley)	1
enemy(P, X)	enemy(voldemort, harry_potter)	1
teaches(P, X)	teaches(sybill_trelawney, divination)	1
magical(P)	magical(unicorn)	1
parent(ginny_weasley, P)	parent(ginny_weasley, lily_luna_potter)	1
parent(harry_potter, james_sirius_potter)	parent(harry_potter, james_sirius_potter)	1
member_of(P, dumbledores_army)	member_of(hermione_granger, dumbledores_army)	1
teaches(P, X)	teaches(severus_snape, potions)	1
witch(narcissa_malfoy)	witch(X) :- female(X), pure_blood(X)	1
enemy(P, harry_potter)	enemy(vernon_dursley, harry_potter)	1
male(P)	male(draco_malfoy)	1
owns(X, P)	owns(rubeus_hagrid, aragog)	1
ancestor(james_potter, _EX4)	ancestor(X, Y) :- ancestor(Z, Y), parent(X, Z)	1
parent(P, james_sirius_potter)	parent(harry_potter, james_sirius_potter)	1
enemy(P, X)	enemy(gilderoy_lockhart, ron_weasley)	1
house(gryffindor, P)	house(gryffindor, parvati_patil)	1
parent(ron_weasley, X)	parent(ron_weasley, rose_weasley)	1
male(_EX2)	male(vincent_crabble)	1
enemy(lucius_malfoy, P)	enemy(X, Y) :- member_of(X, death_eaters), member_of(Y, dumbledores_army)	1
enemy(P, _EX2)	enemy(quirinus_quirrell, ron_weasley)	1
parent(P, _EX5)	parent(ron_weasley, rose_weasley)	1
parent(P, _EX3)	parent(ginny_weasley, albus_severus_potter)	1
parent(P, Z)	parent(hermione_granger, rose_weasley)	1
parent(P, neville_longbottom)	parent(frank_longbottom, neville_longbottom)	1
member_of(P, order_of_the_phoenix)	member_of(sirius_black, order_of_the_phoenix)	1
parent(ron_weasley, P)	parent(ron_weasley, hugo_weasley)	1
parent(_EX2, P)	parent(vernon_dursley, dudley_dursley)	1
member_of(_EX3, dumbledores_army)	member_of(ginny_weasley, dumbledores_army)	1
enemy(X, P)	enemy(voldemort, hermione_granger)	1
parent(P, _EX5)	parent(harry_potter, lily_luna_potter)	1
muggleborn(_EX2)	muggleborn(hermione_granger)	1
member_of(_EX2, death_eaters)	member_of(draco_malfoy, death_eaters)	1
parent(P, _EX3)	parent(hermione_granger, hugo_weasley)	1
male(_EX2)	male(frank_longbottom)	1
member_of(_EX4, death_eaters)	member_of(severus_snape, death_eaters)	1
parent(ginny_weasley, P)	parent(ginny_weasley, albus_severus_potter)	1
enemy(P, _EX2)	enemy(marge_dursley, harry_potter)	1
parent(ron_weasley, Z)	parent(ron_weasley, rose_weasley)	1
parent(Z, _EX3)	parent(harry_potter, lily_luna_potter)	1
parent(X, _EX3)	parent(arthur_weasley, bill_weasley)	1
enemy(P, X)	enemy(dolores_umbridge, ron_weasley)	1
parent(_EX2, Z)	parent(hermione_granger, rose_weasley)	1
wizard(_EX2)	wizard(X) :- male(X), half_blood(X)	1
parent(P, _EX5)	parent(harry_potter, albus_severus_potter)	1
hates(peter_pettigrew, _EX4)	hates(X, Y) :- deatheater(X), muggleborn(Y)	1
parent(P, Z)	parent(molly_weasley, fred_weasley)	1
male(P)	male(fred_weasley)	1
house(slytherin, _EX2)	house(slytherin, gregory_goyle)	1
female(_EX0)	female(hermione_granger)	1
male(P)	male(charlie_weasley)	1
member_of(_EX0, order_of_the_phoenix)	member_of(albus_dumbledore, order_of_the_phoenix)	1
parent(harry_potter, X)	parent(harry_potter, james_sirius_potter)	1
enemy(X, P)	enemy(dolores_umbridge, harry_potter)	1
parent(P, X)	parent(harry_potter, lily_luna_potter)	1
ancestor(P, _EX5)	ancestor(X, Y) :- ancestor(Z, Y), parent(X, Z)	1
muggle(_EX4)	muggle(vernon_dursley)	1
parent(X, _EX3)	parent(molly_weasley, bill_weasley)	1
house(gryffindor, _EX1)	house(gryffindor, ron_weasley)	1
male(charlie_weasley)	male(charlie_weasley)	1
parent(P, Y)	parent(xenophilius_lovegood, luna_lovegood)	1
parent(P, Z)	parent(ginny_weasley, lily_luna_potter)	1
parent(_EX3, Y)	parent(hermione_granger, rose_weasley)	1
parent(P, Y)	parent(arthur_weasley, percy_weasley)	1
member_of(X, death_eaters)	member_of(narcissa_malfoy, death_eaters)	1
member_of(P, dumbledores_army)	member_of(colin_creevey, dumbledores_army)	1
male(colin_creevey)	male(colin_creevey)	1
member_of(_EX1, order_of_the_phoenix)	member_of(molly_weasley, order_of_the_phoenix)	1
muggleborn(P)	muggleborn(myrtle_warren)	1
male(P)	male(colin_creevey)	1
ancestor(james_potter, Y)	ancestor(X, Y) :- parent(X, Y)	1
parent(Z, P)	parent(ron_weasley, hugo_weasley)	1
parent(X, P)	parent(xenophilius_lovegood, luna_lovegood)	1
enemy(P, _EX2)	enemy(voldemort, albus_dumbledore)	1
muggleborn(_EX3)	muggleborn(lily_potter)	1
member_of(Y, death_eaters)	member_of(narcissa_malfoy, death_eaters)	1
male(draco_malfoy)	male(draco_malfoy)	1
pure_blood(_EX2)	pure_blood(bill_weasley)	1
parent(_EX2, P)	parent(hermione_granger, rose_weasley)	1
parent(_EX2, Z)	parent(ginny_weasley, lily_luna_potter)	1
enemy(X, P)	enemy(bellatrix_lestrange, neville_longbottom)	1
member_of(_EX1, dumbledores_army)	member_of(cho_chang, dumbledores_army)	1
parent(Z, _EX3)	parent(arthur_weasley, fred_weasley)	1
parent(P, _EX4)	parent(hermione_granger, rose_weasley)	1
parent(_EX2, P)	parent(harry_potter, james_sirius_potter)	1
male(P)	male(gilderoy_lockhart)	1
parent(P, _EX4)	parent(ron_weasley, hugo_weasley)	1
parent(Z, _EX3)	parent(lily_potter, harry_potter)	1
parent(P, _EX5)	parent(molly_weasley, george_weasley)	1
parent(P, harry_potter)	parent(lily_potter, harry_potter)	1
ancestor(ron_weasley, X)	ancestor(X, Y) :- parent(X, Y)	1
parent(P, _EX4)	parent(harry_potter, james_sirius_potter)	1
teaches(X, P)	teaches(dolores_umbridge, defense_against_the_dark_arts)	1
member_of(_EX1, order_of_the_phoenix)	member_of(nymphadora_tonks, order_of_the_phoenix)	1
parent(P, Y)	parent(harry_potter, lily_luna_potter)	1
parent(X, P)	parent(molly_weasley, george_weasley)	1
enemy(X, P)	enemy(quirinus_quirrell, hermione_granger)	1
male(_EX2)	male(colin_creevey)	1
parent(P, Z)	parent(ginny_weasley, albus_severus_potter)	1
parent(Z, _EX3)	parent(molly_weasley, george_weasley)	1
ancestor(P, X)	ancestor(X, Y) :- ancestor(Z, Y), parent(X, Z)	1
enemy(P, _EX2)	enemy(dolores_umbridge, hermione_granger)	1
parent(P, X)	parent(arthur_weasley, fred_weasley)	1
enemy(P, X)	enemy(dolores_umbridge, harry_potter)	1
enemy(P, _EX2)	enemy(gilderoy_lockhart, hermione_granger)	1
house(P, nymphadora_tonks)	house(hufflepuff, nymphadora_tonks)	1
ancestor(james_potter, _EX4)	ancestor(X, Y) :- parent(X, Y)	1
parent(ron_weasley, _EX4)	parent(ron_weasley, rose_weasley)	1
parent(P, _EX3)	parent(petunia_dursley, dudley_dursley)	1
parent(P, _EX4)	parent(molly_weasley, fred_weasley)	1
magical(fluffy)	magical(fluffy)	1
member_of(Z, dumbledores_army)	member_of(padma_patil, dumbledores_army)	1
squib(_EX2)	squib(argus_filch)	1
parent(arthur_weasley, P)	parent(arthur_weasley, fred_weasley)	1
member_of(Z, death_eaters)	member_of(draco_malfoy, death_eaters)	1
member_of(Y, dumbledores_army)	member_of(ron_weasley, dumbledores_army)	1
member_of(P, order_of_the_phoenix)	member_of(severus_snape, order_of_the_phoenix)	1
destroyed(P, Y)	destroyed(hermione_granger, hufflepuff_cup)	1
enemy(P, Z)	enemy(dolores_umbridge, hermione_granger)	1
teaches(X, P)	teaches(rubeus_hagrid, care_of_magical_creatures)	1
parent(P, X)	parent(molly_weasley, george_weasley)	1
member_of(_EX0, order_of_the_phoenix)	member_of(minerva_mccgonagall, order_of_the_phoenix)	1
enemy(P, Z)	enemy(gilderoy_lockhart, hermione_granger)	1
parent(_EX2, Z)	parent(lily_potter, harry_potter)	1
parent(P, _EX4)	parent(ginny_weasley, lily_luna_potter)	1
parent(ron_weasley, _EX3)	parent(ron_weasley, hugo_weasley)	1
house(slytherin, P)	house(slytherin, lucius_malfoy)	1
pure_blood(P)	pure_blood(siruis_black)	1
ancestor(harry_potter, X)	ancestor(X, Y) :- parent(X, Y)	1
enemy(P, X)	enemy(bellatrix_lestrange, neville_longbottom)	1
member_of(molly_weasley, order_of_the_phoenix)	member_of(molly_weasley, order_of_the_phoenix)	1
parent(P, _EX3)	parent(harry_potter, lily_luna_potter)	1
member_of(Z, death_eaters)	member_of(voldemort, death_eaters)	1
ancestor(ginny_weasley, P)	ancestor(X, Y) :- parent(X, Y)	1
house(slytherin, _EX1)	house(slytherin, regulus_black)	1
parent(P, _EX5)	parent(molly_weasley, charlie_weasley)	1
enemy(P, X)	enemy(bellatrix_lestrange, sirius_black)	1
parent(_EX3, harry_potter)	parent(lily_potter, harry_potter)	1
muggleborn(_EX4)	muggleborn(colin_creevey)	1
ancestor(ginny_weasley, Z)	ancestor(X, Y) :- parent(X, Y)	1
house(gryffindor, _EX2)	house(gryffindor, remus_lupin)	1
house(slytherin, _EX2)	house(slytherin, draco_malfoy)	1
female(_EX0)	female(padma_patil)	1
parent(_EX3, Y)	parent(arthur_weasley, fred_weasley)	1
member_of(_EX3, dumbledores_army)	member_of(padma_patil, dumbledores_army)	1
muggle(_EX4)	muggle(petunia_dursley)	1
house(gryffindor, _EX1)	house(gryffindor, james_potter)	1
parent(_EX3, Y)	parent(lily_potter, harry_potter)	1
professor(P)	professor(dolores_umbridge)	1
magical_creature(aragog)	magical_creature(X) :- creature(X), magical(X)	1
parent(P, _EX5)	parent(molly_weasley, ginny_weasley)	1
member_of(X, order_of_the_phoenix)	member_of(remus_lupin, order_of_the_phoenix)	1
pure_blood(bellatrix_lestrange)	pure_blood(bellatrix_lestrange)	1
member_of(_EX1, dumbledores_army)	member_of(fred_weasley, dumbledores_army)	1
parent(ginny_weasley, X)	parent(ginny_weasley, james_sirius_potter)	1
parent(P, Y)	parent(molly_weasley, george_weasley)	1
enemy(P, _EX2)	enemy(gilderoy_lockhart, ron_weasley)	1
house(hufflepuff, _EX5)	house(hufflepuff, pomona_sprout)	1
male(_EX2)	male(bill_weasley)	1
parent(Z, _EX3)	parent(arthur_weasley, percy_weasley)	1
parent(X, _EX3)	parent(ron_weasley, hugo_weasley)	1
male(P)	male(neville_longbottom)	1
parent(X, _EX3)	parent(molly_weasley, ron_weasley)	1
house(slytherin, _EX5)	house(slytherin, lucius_malfoy)	1
teaches(P, X)	teaches(minerva_mcgonagall, transfiguration)	1
parent(P, _EX5)	parent(molly_weasley, ron_weasley)	1
enemy(P, Z)	enemy(gilderoy_lockhart, severus_snape)	1
member_of(X, order_of_the_phoenix)	member_of(sirius_black, order_of_the_phoenix)	1
member_of(hermione_granger, dumbledores_army)	member_of(hermione_granger, dumbledores_army)	1
male(P)	male(albus_dumbledore)	1
teaches(X, P)	teaches(severus_snape, potions)	1
parent(X, P)	parent(molly_weasley, ron_weasley)	1
enemy(X, P)	enemy(cormac_mclaggen, ron_weasley)	1
ancestor(X, P)	ancestor(X, Y) :- ancestor(Z, Y), parent(X, Z)	1
parent(P, Y)	parent(lucius_malfoy, draco_malfoy)	1
parent(P, _EX3)	parent(arthur_weasley, fred_weasley)	1
magical(P)	magical(aragog)	1
enemy(X, P)	enemy(draco_malfoy, harry_potter)	1
male(P)	male(lucius_malfoy)	1
male(ron_weasley)	male(ron_weasley)	1
enemy(P, X)	enemy(marge_dursley, harry_potter)	1
pure_blood(_EX2)	pure_blood(fred_weasley)	1
parent(P, Y)	parent(arthur_weasley, ron_weasley)	1
parent(P, _EX3)	parent(lily_potter, harry_potter)	1
parent(P, _EX3)	parent(ginny_weasley, james_sirius_potter)	1
enemy(P, _EX2)	enemy(dolores_umbridge, george_weasley)	1
house(slytherin, P)	house(slytherin, horace_slughorn)	1
parent(X, _EX3)	parent(molly_weasley, percy_weasley)	1
pure_blood(P)	pure_blood(molly_weasley)	1
ancestor(P, X)	ancestor(X, Y) :- parent(X, Y)	1
parent(P, _EX5)	parent(arthur_weasley, bill_weasley)	1
parent(ron_weasley, _EX5)	parent(ron_weasley, rose_weasley)	1
professor(P)	professor(horace_slughorn)	1
member_of(Z, dumbledores_army)	member_of(ron_weasley, dumbledores_army)	1
parent(_EX3, ron_weasley)	parent(arthur_weasley, ron_weasley)	1
enemy(P, Z)	enemy(peter_pettigrew, remus_lupin)	1
enemy(P, X)	enemy(dudley_dursley, harry_potter)	1
professor(P)	professor(quirinus_quirrell)	1
squib(_EX2)	squib(arabella_figg)	1
deatheater(draco_malfoy)	deatheater(X) :- member_of(X, death_eaters)	1
member_of(_EX0, order_of_the_phoenix)	member_of(remus_lupin, order_of_the_phoenix)	1
parent(harry_potter, _EX3)	parent(harry_potter, james_sirius_potter)	1
ancestor(P, james_sirius_potter)	ancestor(X, Y) :- parent(X, Y)	1
subject(P)	subject(care_of_magical_creatures)	1
parent(_EX3, Y)	parent(xenophilius_lovegood, luna_lovegood)	1
hates(Y, _EX0)	hates(X, Y) :- deatheater(X), squib(Y)	1
parent(P, _EX3)	parent(arthur_weasley, ron_weasley)	1
parent(P, Y)	parent(james_potter, harry_potter)	1
enemy(P, harry_potter)	enemy(petunia_dursley, harry_potter)	1
member_of(arthur_weasley, order_of_the_phoenix)	member_of(arthur_weasley, order_of_the_phoenix)	1
enemy(P, X)	enemy(voldemort, albus_dumbledore)	1
member_of(_EX0, order_of_the_phoenix)	member_of(sirius_black, order_of_the_phoenix)	1
male(_EX2)	male(fred_weasley)	1
creature(Z)	creature(fluffy)	1
enemy(P, X)	enemy(cormac_mclaggen, ron_weasley)	1
parent(harry_potter, _EX4)	parent(harry_potter, lily_luna_potter)	1
ancestor(X, _EX3)	ancestor(X, Y) :- ancestor(Z, Y), parent(X, Z)	1
member_of(X, death_eaters)	member_of(bellatrix_lestrange, death_eaters)	1
house(gryffindor, _EX2)	house(gryffindor, bill_weasley)	1
parent(ginny_weasley, _EX4)	parent(ginny_weasley, albus_severus_potter)	1
member_of(X, dumbledores_army)	member_of(luna_lovegood, dumbledores_army)	1
parent(_EX2, Z)	parent(alice_longbottom, neville_longbottom)	1
male(P)	male(rubeus_hagrid)	1
enemy(P, peter_pettigrew)	enemy(X, Y) :- member_of(X, order_of_the_phoenix), member_of(Y, death_eaters)	1
member_of(Y, death_eaters)	member_of(bellatrix_lestrange, death_eaters)	1
pure_blood(P)	pure_blood(luna_lovegood)	1
parent(P, _EX4)	parent(petunia_dursley, dudley_dursley)	1
enemy(P, harry_potter)	enemy(X, Y) :- member_of(X, death_eaters), member_of(Y, dumbledores_army)	1
parent(ginny_weasley, X)	parent(ginny_weasley, albus_severus_potter)	1
parent(P, Z)	parent(ron_weasley, rose_weasley)	1
house(gryffindor, _EX1)	house(gryffindor, seamus_finnigan)	1
house(slytherin, _EX1)	house(slytherin, bellatrix_lestrange)	1
parent(harry_potter, P)	parent(harry_potter, james_sirius_potter)	1
member_of(Z, dumbledores_army)	member_of(seamus_finnigan, dumbledores_army)	1
parent(P, X)	parent(xenophilius_lovegood, luna_lovegood)	1
member_of(_EX5, death_eaters)	member_of(draco_malfoy, death_eaters)	1
house(slytherin, _EX2)	house(slytherin, voldemort)	1
descendant(_EX3, Z)	descendant(X, Y) :- ancestor(Y, X)	1
member_of(_EX0, order_of_the_phoenix)	member_of(alastor_moody, order_of_the_phoenix)	1
member_of(_EX0, death_eaters)	member_of(lucius_malfoy, death_eaters)	1
parent(P, Z)	parent(frank_longbottom, neville_longbottom)	1
enemy(P, X)	enemy(dolores_umbridge, fred_weasley)	1
member_of(X, order_of_the_phoenix)	member_of(severus_snape, order_of_the_phoenix)	1
muggleborn(_EX0)	muggleborn(myrtle_warren)	1
muggleborn(_EX4)	muggleborn(hermione_granger)	1
parent(ron_weasley, Y)	parent(ron_weasley, hugo_weasley)	1
parent(X, _EX3)	parent(vernon_dursley, dudley_dursley)	1
member_of(P, dumbledores_army)	member_of(harry_potter, dumbledores_army)	1
creature(fluffy)	creature(fluffy)	1
muggleborn(_EX1)	muggleborn(myrtle_warren)	1
parent(P, ron_weasley)	parent(molly_weasley, ron_weasley)	1
pure_blood(_EX2)	pure_blood(ginny_weasley)	1
deatheater(_EX2)	deatheater(X) :- member_of(X, death_eaters)	1
parent(P, Z)	parent(harry_potter, albus_severus_potter)	1
parent(P, _EX5)	parent(molly_weasley, fred_weasley)	1
house(gryffindor, _EX1)	house(gryffindor, lily_potter)	1
member_of(P, order_of_the_phoenix)	member_of(nymphadora_tonks, order_of_the_phoenix)	1
house(slytherin, P)	house(slytherin, voldemort)	1
magical(P)	magical(scabbers)	1
enemy(alastor_moody, severus_snape)	enemy(X, Y) :- member_of(X, order_of_the_phoenix), member_of(Y, death_eaters)	1
pure_blood(P)	pure_blood(arthur_weasley)	1
parent(ginny_weasley, _EX3)	parent(ginny_weasley, james_sirius_potter)	1
member_of(_EX5, death_eaters)	member_of(voldemort, death_eaters)	1
male(james_potter)	male(james_potter)	1
muggleborn(_EX2)	muggleborn(colin_creevey)	1
parent(P, _EX5)	parent(arthur_weasley, george_weasley)	1
parent(Z, _EX3)	parent(arthur_weasley, ron_weasley)	1
enemy(P, _EX2)	enemy(bellatrix_lestrange, sirius_black)	1
parent(X, P)	parent(arthur_weasley, george_weasley)	1
house(gryffindor, _EX2)	house(gryffindor, hermione_granger)	1
parent(P, Z)	parent(molly_weasley, bill_weasley)	1
teaches(P, X)	teaches(dolores_umbridge, defense_against_the_dark_arts)	1
muggle(_EX1)	muggle(marge_dursley)	1
pure_blood(P)	pure_blood(charlie_weasley)	1
ancestor(harry_potter, james_sirius_potter)	ancestor(X, Y) :- parent(X, Y)	1
enemy(molly_weasley, _EX2)	enemy(X, Y) :- member_of(X, order_of_the_phoenix), member_of(Y, death_eaters)	1
parent(P, Z)	parent(lucius_malfoy, draco_malfoy)	1
enemy(P, Z)	enemy(bellatrix_lestrange, sirius_black)	1
male(_EX2)	male(percy_weasley)	1
ancestor(P, _EX3)	ancestor(X, Y) :- parent(X, Y)	1
parent(_EX2, Z)	parent(molly_weasley, bill_weasley)	1
enemy(X, parvati_patil)	enemy(X, Y) :- member_of(X, death_eaters), member_of(Y, dumbledores_army)	1
ancestor(P, _EX5)	ancestor(X, Y) :- parent(X, Y)	1
parent(ginny_weasley, Z)	parent(ginny_weasley, albus_severus_potter)	1
male(_EX2)	male(horace_slughorn)	1
parent(arthur_weasley, P)	parent(arthur_weasley, ron_weasley)	1
enemy(_EX0, draco_malfoy)	enemy(X, Y) :- member_of(X, order_of_the_phoenix), member_of(Y, death_eaters)	1
parent(P, X)	parent(arthur_weasley, george_weasley)	1
hates(draco_malfoy, _EX0)	hates(X, Y) :- deatheater(X), squib(Y)	1
member_of(_EX4, dumbledores_army)	member_of(padma_patil, dumbledores_army)	1
muggle(_EX2)	muggle(petunia_dursley)	1
member_of(_EX4, death_eaters)	member_of(voldemort, death_eaters)	1
enemy(P, _EX2)	enemy(gilderoy_lockhart, severus_snape)	1
ancestor(ron_weasley, _EX3)	ancestor(X, Y) :- parent(X, Y)	1
parent(Z, P)	parent(james_potter, harry_potter)	1
hates(_EX0, _EX2)	hates(X, Y) :- deatheater(X), squib(Y)	1
magical(fawkes)	magical(fawkes)	1
member_of(Y, dumbledores_army)	member_of(padma_patil, dumbledores_army)	1
house(gryffindor, _EX2)	house(gryffindor, harry_potter)	1
house(P, gregory_goyle)	house(slytherin, gregory_goyle)	1
parent(arthur_weasley, P)	parent(arthur_weasley, george_weasley)	1
parent(_EX2, P)	parent(frank_longbottom, neville_longbottom)	1
house(slytherin, _EX5)	house(slytherin, voldemort)	1
parent(harry_potter, P)	parent(harry_potter, lily_luna_potter)	1
parent(Z, _EX3)	parent(james_potter, harry_potter)	1
parent(P, _EX4)	parent(frank_longbottom, neville_longbottom)	1
parent(ron_weasley, X)	parent(ron_weasley, hugo_weasley)	1
parent(P, _EX4)	parent(lily_potter, harry_potter)	1
member_of(P, dumbledores_army)	member_of(parvati_patil, dumbledores_army)	1
parent(P, _EX5)	parent(ron_weasley, hugo_weasley)	1
professor(P)	professor(rubeus_hagrid)	1
member_of(Z, dumbledores_army)	member_of(cho_chang, dumbledores_army)	1
parent(X, _EX3)	parent(harry_potter, james_sirius_potter)	1
parent(X, _EX3)	parent(petunia_dursley, dudley_dursley)	1
hates(peter_pettigrew, _EX4)	hates(X, Y) :- deatheater(X), muggle(Y)	1
parent(_EX3, Y)	parent(molly_weasley, bill_weasley)	1
parent(P, _EX4)	parent(harry_potter, albus_severus_potter)	1
teaches(X, P)	teaches(alastor_moody, defense_against_the_dark_arts)	1
enemy(P, _EX2)	enemy(gilderoy_lockhart, harry_potter)	1
owns(X, P)	owns(rubeus_hagrid, fluffy)	1
male(P)	male(peter_pettigrew)	1
parent(X, P)	parent(harry_potter, james_sirius_potter)	1
parent(harry_potter, P)	parent(harry_potter, albus_severus_potter)	1
member_of(seamus_finnigan, dumbledores_army)	member_of(seamus_finnigan, dumbledores_army)	1
parent(ron_weasley, Z)	parent(ron_weasley, hugo_weasley)	1
parent(P, X)	parent(james_potter, harry_potter)	1
enemy(P, _EX2)	enemy(draco_malfoy, ron_weasley)	1
parent(_EX3, Y)	parent(arthur_weasley, ron_weasley)	1
parent(Z, P)	parent(narcissa_malfoy, draco_malfoy)	1
enemy(P, _EX2)	enemy(peter_pettigrew, remus_lupin)	1
house(gryffindor, P)	house(gryffindor, petter_pettigrew)	1
male(P)	male(arthur_weasley)	1
parent(ginny_weasley, _EX5)	parent(ginny_weasley, james_sirius_potter)	1
enemy(P, _EX2)	enemy(draco_malfoy, hermione_granger)	1
ancestor(ginny_weasley, _EX5)	ancestor(X, Y) :- parent(X, Y)	1
parent(P, _EX3)	parent(molly_weasley, percy_weasley)	1
parent(P, _EX4)	parent(molly_weasley, bill_weasley)	1
house(slytherin, _EX1)	house(slytherin, narcissa_malfoy)	1
enemy(P, Z)	enemy(gilderoy_lockhart, harry_potter)	1
parent(_EX2, P)	parent(narcissa_malfoy, draco_malfoy)	1
enemy(P, _EX2)	enemy(vernon_dursley, harry_potter)	1
parent(P, _EX4)	parent(narcissa_malfoy, draco_malfoy)	1
male(_EX2)	male(vernon_dursley)	1
half_blood(severus_snape)	half_blood(severus_snape)	1
parent(P, X)	parent(molly_weasley, ron_weasley)	1
hates(draco_malfoy, _EX0)	hates(X, Y) :- deatheater(X), muggleborn(Y)	1
enemy(P, Z)	enemy(draco_malfoy, ron_weasley)	1
member_of(P, death_eaters)	member_of(peter_pettigrew, death_eaters)	1
parent(_EX2, Z)	parent(arthur_weasley, ginny_weasley)	1
parent(X, _EX3)	parent(ginny_weasley, lily_luna_potter)	1
hates(_EX0, _EX2)	hates(X, Y) :- deatheater(X), muggleborn(Y)	1
member_of(Y, death_eaters)	member_of(lucius_malfoy, death_eaters)	1
enemy(P, Z)	enemy(draco_malfoy, hermione_granger)	1
parent(P, _EX5)	parent(ginny_weasley, lily_luna_potter)	1
deatheater(narcissa_malfoy)	deatheater(X) :- member_of(X, death_eaters)	1
parent(ginny_weasley, X)	parent(ginny_weasley, lily_luna_potter)	1
enemy(P, Z)	enemy(vernon_dursley, harry_potter)	1
house(gryffindor, _EX1)	house(gryffindor, ginny_weasley)	1
parent(X, P)	parent(ginny_weasley, lily_luna_potter)	1
pure_blood(_EX2)	pure_blood(luna_lovegood)	1
member_of(_EX1, order_of_the_phoenix)	member_of(sirius_black, order_of_the_phoenix)	1
house(gryffindor, P)	house(gryffindor, harry_potter)	1
creature(Z)	creature(crookshanks)	1
member_of(P, order_of_the_phoenix)	member_of(remus_lupin, order_of_the_phoenix)	1
parent(_EX3, Y)	parent(james_potter, harry_potter)	1
member_of(Z, death_eaters)	member_of(severus_snape, death_eaters)	1
house(gryffindor, _EX2)	house(gryffindor, ron_weasley)	1
parent(P, Z)	parent(molly_weasley, ginny_weasley)	1
enemy(P, Z)	enemy(quirinus_quirrell, harry_potter)	1
parent(X, _EX3)	parent(ron_weasley, rose_weasley)	1
professor(P)	professor(gilderoy_lockhart)	1
squib(_EX0)	squib(arabella_figg)	1
enemy(_EX1, hermione_granger)	enemy(quirinus_quirrell, hermione_granger)	1
member_of(P, death_eaters)	member_of(bellatrix_lestrange, death_eaters)	1
house(gryffindor, fred_weasley)	house(gryffindor, fred_weasley)	1
parent(P, Z)	parent(ron_weasley, hugo_weasley)	1
hates(_EX4, arabella_figg)	hates(X, Y) :- deatheater(X), squib(Y)	1
parent(P, Z)	parent(molly_weasley, ron_weasley)	1
member_of(_EX4, dumbledores_army)	member_of(ron_weasley, dumbledores_army)	1
parent(P, Y)	parent(ginny_weasley, lily_luna_potter)	1
parent(X, _EX3)	parent(frank_longbottom, neville_longbottom)	1
member_of(_EX0, death_eaters)	member_of(peter_pettigrew, death_eaters)	1
parent(X, P)	parent(ron_weasley, rose_weasley)	1
house(slytherin, _EX1)	house(slytherin, severus_snape)	1
parent(X, _EX3)	parent(lily_potter, harry_potter)	1
parent(P, _EX4)	parent(arthur_weasley, ginny_weasley)	1
ancestor(ron_weasley, _EX5)	ancestor(X, Y) :- parent(X, Y)	1
male(P)	male(xenophilius_lovegood)	1
parent(X, _EX3)	parent(harry_potter, albus_severus_potter)	1
member_of(_EX2, dumbledores_army)	member_of(padma_patil, dumbledores_army)	1
member_of(Z, dumbledores_army)	member_of(hermione_granger, dumbledores_army)	1
ancestor(ginny_weasley, _EX3)	ancestor(X, Y) :- parent(X, Y)	1
house(slytherin, _EX5)	house(slytherin, tom_riddle)	1
parent(P, _EX3)	parent(vernon_dursley, dudley_dursley)	1
parent(X, P)	parent(harry_potter, albus_severus_potter)	1
parent(P, Z)	parent(arthur_weasley, bill_weasley)	1
parent(P, Z)	parent(molly_weasley, percy_weasley)	1
member_of(P, order_of_the_phoenix)	member_of(alastor_moody, order_of_the_phoenix)	1
enemy(P, X)	enemy(peter_pettigrew, sirius_black)	1
subject(P)	subject(charms)	1
male(_EX2)	male(xenophilius_lovegood)	1
parent(X, _EX3)	parent(narcissa_malfoy, draco_malfoy)	1
enemy(P, Z)	enemy(peter_pettigrew, sirius_black)	1
member_of(_EX1, dumbledores_army)	member_of(luna_lovegood, dumbledores_army)	1
member_of(_EX5, dumbledores_army)	member_of(luna_lovegood, dumbledores_army)	1
muggle(_EX3)	muggle(marge_dursley)	1
male(P)	male(remus_lupin)	1
parent(P, _EX4)	parent(molly_weasley, ginny_weasley)	1
muggleborn(_EX3)	muggleborn(hermione_granger)	1
member_of(_EX3, dumbledores_army)	member_of(hermione_granger, dumbledores_army)	1
male(P)	male(severus_snape)	1
member_of(X, dumbledores_army)	member_of(padma_patil, dumbledores_army)	1
hates(_EX1, _EX0)	hates(X, Y) :- deatheater(X), muggle(Y)	1
magical(P)	magical(fawkes)	1
squib(_EX1)	squib(argus_filch)	1
destroyed(P, Y)	destroyed(neville_longbottom, nagini)	1
parent(james_potter, Y)	parent(james_potter, harry_potter)	1
female(_EX0)	female(nagini)	1
house(gryffindor, P)	house(gryffindor, remus_lupin)	1
parent(X, _EX3)	parent(arthur_weasley, charlie_weasley)	1
witch(_EX0)	witch(X) :- female(X), pure_blood(X)	1
professor(P)	professor(albus_dumbledore)	1
parent(_EX3, Y)	parent(molly_weasley, percy_weasley)	1
member_of(_EX3, death_eaters)	member_of(peter_pettigrew, death_eaters)	1
parent(ginny_weasley, Z)	parent(ginny_weasley, james_sirius_potter)	1
male(_EX2)	male(severus_snape)	1
house(gryffindor, _EX2)	house(gryffindor, charlie_weasley)	1
house(gryffindor, _EX2)	house(gryffindor, james_potter)	1
enemy(P, _EX2)	enemy(voldemort, wizarding_world)	1
parent(harry_potter, Z)	parent(harry_potter, lily_luna_potter)	1
member_of(Z, dumbledores_army)	member_of(colin_creevey, dumbledores_army)	1
parent(ginny_weasley, _EX3)	parent(ginny_weasley, lily_luna_potter)	1
house(gryffindor, _EX2)	house(gryffindor, parvati_patil)	1
parent(P, _EX4)	parent(molly_weasley, percy_weasley)	1
male(P)	male(cormac_mclaggen)	1
parent(ron_weasley, Y)	parent(ron_weasley, rose_weasley)	1
creature(Z)	creature(fawkes)	1
magical_creature(fluffy)	magical_creature(X) :- creature(X), magical(X)	1
parent(harry_potter, Z)	parent(harry_potter, albus_severus_potter)	1
enemy(X, P)	enemy(dolores_umbridge, ginny_weasley)	1
parent(P, Z)	parent(vernon_dursley, dudley_dursley)	1
ancestor(ginny_weasley, Y)	ancestor(X, Y) :- parent(X, Y)	1
parent(ron_weasley, _EX5)	parent(ron_weasley, hugo_weasley)	1
member_of(_EX2, dumbledores_army)	member_of(ron_weasley, dumbledores_army)	1
parent(X, _EX3)	parent(molly_weasley, charlie_weasley)	1
member_of(X, death_eaters)	member_of(draco_malfoy, death_eaters)	1
enemy(X, P)	enemy(dolores_umbridge, fred_weasley)	1
creature(Z)	creature(aragog)	1
male(_EX2)	male(cormac_mclaggen)	1
parent(_EX2, Z)	parent(vernon_dursley, dudley_dursley)	1
parent(P, X)	parent(harry_potter, james_sirius_potter)	1
parent(P, Y)	parent(alice_longbottom, neville_longbottom)	1
pure_blood(molly_weasley)	pure_blood(molly_weasley)	1
member_of(Y, death_eaters)	member_of(draco_malfoy, death_eaters)	1
parent(X, P)	parent(molly_weasley, charlie_weasley)	1
parent(P, _EX5)	parent(lucius_malfoy, draco_malfoy)	1
magical(norbert)	magical(norbert)	1
parent(P, Y)	parent(ginny_weasley, james_sirius_potter)	1
ancestor(P, Y)	ancestor(X, Y) :- ancestor(Z, Y), parent(X, Z)	1
parent(X, _EX3)	parent(molly_weasley, ginny_weasley)	1
parent(P, _EX5)	parent(arthur_weasley, percy_weasley)	1
house(hufflepuff, P)	house(hufflepuff, nymphadora_tonks)	1
member_of(_EX5, death_eaters)	member_of(severus_snape, death_eaters)	1
enemy(P, _EX2)	enemy(quirinus_quirrell, harry_potter)	1
member_of(X, dumbledores_army)	member_of(george_weasley, dumbledores_army)	1
male(_EX2)	male(charlie_weasley)	1
member_of(_EX1, dumbledores_army)	member_of(ginny_weasley, dumbledores_army)	1
enemy(X, P)	enemy(dudley_dursley, harry_potter)	1
member_of(X, death_eaters)	member_of(voldemort, death_eaters)	1
parent(Z, P)	parent(petunia_dursley, dudley_dursley)	1
parent(Z, _EX3)	parent(xenophilius_lovegood, luna_lovegood)	1
member_of(Y, dumbledores_army)	member_of(cho_chang, dumbledores_army)	1
parent(X, P)	parent(arthur_weasley, percy_weasley)	1
member_of(Y, dumbledores_army)	member_of(seamus_finnigan, dumbledores_army)	1
muggleborn(lily_potter)	muggleborn(lily_potter)	1
house(gryffindor, P)	house(gryffindor, charlie_weasley)	1
parent(X, P)	parent(molly_weasley, ginny_weasley)	1
parent(X, _EX3)	parent(ginny_weasley, albus_severus_potter)	1
parent(P, Y)	parent(molly_weasley, ron_weasley)	1
creature(Z)	creature(hedwig)	1
creature(fawkes)	creature(fawkes)	1
parent(_EX3, Y)	parent(vernon_dursley, dudley_dursley)	1
teaches(P, care_of_magical_creatures)	teaches(rubeus_hagrid, care_of_magical_creatures)	1
member_of(Y, death_eaters)	member_of(voldemort, death_eaters)	1
squib(_EX3)	squib(argus_filch)	1
magical(scabbers)	magical(scabbers)	1
member_of(X, dumbledores_army)	member_of(ron_weasley, dumbledores_army)	1
in_hufflepuff(_EX5)	in_hufflepuff(X) :- house(hufflepuff, X)	1
evil(_EX3)	evil(X) :- deatheater(X)	1
enemy(P, X)	enemy(quirinus_quirrell, ron_weasley)	1
enemy(P, X)	enemy(dolores_umbridge, ginny_weasley)	1
parent(X, _EX3)	parent(hermione_granger, hugo_weasley)	1
pure_blood(arthur_weasley)	pure_blood(arthur_weasley)	1
squib(_EX4)	squib(argus_filch)	1
squib(_EX1)	squib(arabella_figg)	1
house(gryffindor, _EX1)	house(gryffindor, colin_creevey)	1
descendant(P, arthur_weasley)	descendant(X, Y) :- ancestor(Y, X)	1
pure_blood(P)	pure_blood(lucius_malfoy)	1
pure_blood(P)	pure_blood(bellatrix_lestrange)	1
parent(ginny_weasley, _EX5)	parent(ginny_weasley, lily_luna_potter)	1
ancestor(harry_potter, Z)	ancestor(X, Y) :- parent(X, Y)	1
parent(Z, P)	parent(harry_potter, lily_luna_potter)	1
enemy(P, harry_potter)	enemy(quirinus_quirrell, harry_potter)	1
member_of(P, dumbledores_army)	member_of(george_weasley, dumbledores_army)	1
parent(P, Z)	parent(petunia_dursley, dudley_dursley)	1
parent(P, Z)	parent(harry_potter, james_sirius_potter)	1
parent(P, _EX4)	parent(vernon_dursley, dudley_dursley)	1
member_of(parvati_patil, dumbledores_army)	member_of(parvati_patil, dumbledores_army)	1
magical_creature(P)	magical_creature(X) :- creature(X), magical(X)	1
pure_blood(_EX2)	pure_blood(arthur_weasley)	1
male(_EX2)	male(newt_scamander)	1
parent(P, _EX5)	parent(frank_longbottom, neville_longbottom)	1
house(slytherin, _EX2)	house(slytherin, lucius_malfoy)	1
enemy(P, Z)	enemy(quirinus_quirrell, hermione_granger)	1
male(_EX2)	male(gilderoy_lockhart)	1
parent(_EX2, P)	parent(harry_potter, lily_luna_potter)	1
deatheater(_EX0)	deatheater(X) :- member_of(X, death_eaters)	1
parent(_EX2, Z)	parent(xenophilius_lovegood, luna_lovegood)	1
ancestor(Z, _EX3)	ancestor(X, Y) :- parent(X, Y)	1
parent(ginny_weasley, P)	parent(ginny_weasley, james_sirius_potter)	1
parent(P, _EX4)	parent(harry_potter, lily_luna_potter)	1
enemy(P, _EX2)	enemy(petunia_dursley, harry_potter)	1
enemy(P, _EX2)	enemy(voldemort, rubeus_hagrid)	1
parent(_EX2, Z)	parent(petunia_dursley, dudley_dursley)	1
enemy(P, _EX2)	enemy(peter_pettigrew, sirius_black)	1
pure_blood(_EX2)	pure_blood(charlie_weasley)	1
enemy(P, harry_potter)	enemy(voldemort, harry_potter)	1
parent(X, P)	parent(arthur_weasley, bill_weasley)	1
parent(P, X)	parent(ron_weasley, rose_weasley)	1
parent(ginny_weasley, Y)	parent(ginny_weasley, lily_luna_potter)	1
wizard(P)	wizard(X) :- male(X), pure_blood(X)	1
enemy(P, Z)	enemy(petunia_dursley, harry_potter)	1
magical_pet(X, P)	magical_pet(X, Y) :- magical_creature(Y), owns(X, Y)	1
muggleborn(hermione_granger)	muggleborn(hermione_granger)	1
parent(_EX2, Z)	parent(molly_weasley, george_weasley)	1
parent(P, Y)	parent(molly_weasley, charlie_weasley)	1
enemy(P, _EX2)	enemy(X, Y) :- member_of(X, order_of_the_phoenix), member_of(Y, death_eaters)	1
enemy(P, Z)	enemy(bellatrix_lestrange, neville_longbottom)	1
parent(_EX2, Z)	parent(molly_weasley, bill_weasley)	1
member_of(_EX0, order_of_the_phoenix)	member_of(severus_snape, order_of_the_phoenix)	1
parent(P, _EX4)	parent(molly_weasley, george_weasley)	1
female(_EX0)	female(ginny_weasley)	1
member_of(P, order_of_the_phoenix)	member_of(molly_weasley, order_of_the_phoenix)	1
male(P)	male(remus_lupin)	1
squib(_EX3)	squib(argus_filch)	1
teaches(P, X)	teaches(dolores_umbridge, defense_against_the_dark_arts)	1
squib(arabella_figg)	squib(arabella_figg)	1
member_of(peter_pettigrew, death_eaters)	member_of(peter_pettigrew, death_eaters)	1
parent(ginny_weasley, Z)	parent(ginny_weasley, albus_severus_potter)	1
house(slytherin, _EX5)	house(slytherin, vincent_crabbe)	1
parent(Z, _EX3)	parent(molly_weasley, george_weasley)	1
member_of(_EX0, death_eaters)	member_of(lucius_malfoy, death_eaters)	1
parent(P, X)	parent(molly_weasley, george_weasley)	1
parent(P, _EX4)	parent(ginny_weasley, albus_severus_potter)	1
parent(P, Z)	parent(molly_weasley, ginny_weasley)	1
parent(harry_potter, P)	parent(harry_potter, lily_luna_potter)	1
parent(X, P)	parent(arthur_weasley, ginny_weasley)	1
parent(P, X)	parent(frank_longbottom, neville_longbottom)	1
deatheater(_EX0)	deatheater(X) :- member_of(X, death_eaters)	1
male(_EX2)	male(godric_gryffindor)	1
enemy(P, X)	enemy(X, Y) :- member_of(X, order_of_the_phoenix), member_of(Y, death_eaters)	1
hates(Y, _EX0)	hates(X, Y) :- deatheater(X), muggleborn(Y)	1
destroyed(P, Y)	destroyed(harry_potter, tom_riddles_diary)	1
member_of(_EX1, death_eaters)	member_of(narcissa_malfoy, death_eaters)	1
parent(P, Z)	parent(harry_potter, james_sirius_potter)	1
parent(_EX3, Y)	parent(james_potter, harry_potter)	1
enemy(P, X)	enemy(vernon_dursley, harry_potter)	1
male(P)	male(george_weasley)	1
male(P)	male(lucius_malfoy)	1
pure_blood(P)	pure_blood(bellatrix_lestrange)	1
parent(P, _EX4)	parent(lucius_malfoy, draco_malfoy)	1
parent(P, _EX3)	parent(ginny_weasley, james_sirius_potter)	1
member_of(_EX1, dumbledores_army)	member_of(colin_creevey, dumbledores_army)	1
enemy(_EX1, hermione_granger)	enemy(dolores_umbridge, hermione_granger)	1
muggle(_EX1)	muggle(vernon_dursley)	1
parent(X, P)	parent(harry_potter, james_sirius_potter)	1
enemy(P, Z)	enemy(draco_malfoy, harry_potter)	1
male(charlie_weasley)	male(charlie_weasley)	1
enemy(P, X)	enemy(dolores_umbridge, harry_potter)	1
member_of(X, order_of_the_phoenix)	member_of(severus_snape, order_of_the_phoenix)	1
parent(P, _EX5)	parent(ginny_weasley, albus_severus_potter)	1
parent(ron_weasley, _EX5)	parent(ron_weasley, rose_weasley)	1
member_of(X, dumbledores_army)	member_of(george_weasley, dumbledores_army)	1
magical(P)	magical(crookshanks)	1
house(slytherin, P)	house(slytherin, vincent_crabbe)	1
muggleborn(_EX4)	muggleborn(myrtle_warren)	1
house(gryffindor, _EX1)	house(gryffindor, charlie_weasley)	1
parent(harry_potter, Z4)	parent(harry_potter, ron_weasley)	0
parent(rose_weasley, Z9)	parent(rose_weasley, alice_longbottom)	0
parent(albus_severus_potter, Z4)	parent(albus_severus_potter, petunia_dursley)	0
parent(lily_luna_potter, Z9)	parent(lily_luna_potter, molly_weasley)	0
parent(charlie_weasley, Z7)	parent(charlie_weasley, molly_weasley)	0
parent(percy_weasley, Z9)	parent(percy_weasley, xenophilius_lovegood)	0
ancestor(james_sirius_potter, _EX4)	ancestor(X, Y) :- ancestor(Z, Y), parent(X, Z)	0
parent(lily_luna_potter, Z4)	parent(lily_luna_potter, petunia_dursley)	0
muggleborn(X0)	muggleborn(fred_weasley)	0
ancestor(bill_weasley, Z)	ancestor(X, Y) :- parent(X, Y)	0
parent(ginny_weasley, Z3)	parent(ginny_weasley, vernon_dursley)	0
parent(percy_weasley, Z10)	parent(percy_weasley, harry_potter)	0
parent(charlie_weasley, Z11)	parent(charlie_weasley, ron_weasley)	0
parent(harry_potter, Z8)	parent(harry_potter, ginny_weasley)	0
parent(george_weasley, Z6)	parent(george_weasley, alice_longbottom)	0
parent(dudley_dursley, Z8)	parent(dudley_dursley, alice_longbottom)	0
parent(Z3, Z4)	parent(Z3, lucius_malfoy)	0
ancestor(albus_severus_potter, Z)	ancestor(X, Y) :- ancestor(Z, Y), parent(X, Z)	0
parent(percy_weasley, Z12)	parent(percy_weasley, alice_longbottom)	0
ancestor(draco_malfoy, Z)	ancestor(X, Y) :- parent(X, Y)	0
parent(percy_weasley, Z6)	parent(percy_weasley, frank_longbottom)	0
parent(harry_potter, Z9)	parent(harry_potter, narcissa_malfoy)	0
parent(harry_potter, Z9)	parent(harry_potter, vernon_dursley)	0
parent(dudley_dursley, Z7)	parent(dudley_dursley, ron_weasley)	0
parent(ginny_weasley, Z11)	parent(ginny_weasley, arthur_weasley)	0
parent(rose_weasley, Z11)	parent(rose_weasley, james_potter)	0
parent(draco_malfoy, Z4)	parent(draco_malfoy, ginny_weasley)	0
parent(draco_malfoy, Z3)	parent(draco_malfoy, frank_longbottom)	0
parent(Z1, Z2)	parent(Z1, hermione_granger)	0
ancestor(bill_weasley, neville_longbottom)	ancestor(X, Y) :- ancestor(Z, Y), parent(X, Z)	0
witch(_EX0)	witch(X) :- female(X), half_blood(X)	0
parent(fred_weasley, Z8)	parent(fred_weasley, vernon_dursley)	0
parent(fred_weasley, Z9)	parent(fred_weasley, alice_longbottom)	0
parent(luna_lovegood, Z12)	parent(luna_lovegood, molly_weasley)	0
parent(charlie_weasley, Z9)	parent(charlie_weasley, xenophilius_lovegood)	0
parent(rose_weasley, Z4)	parent(rose_weasley, ginny_weasley)	0
parent(_EX3, Z1)	parent(_EX3, petunia_dursley)	0
parent(albus_severus_potter, Z10)	parent(albus_severus_potter, frank_longbottom)	0
parent(Z8, molly_weasley)	parent(Z8, molly_weasley)	0
ancestor(charlie_weasley, _EX5)	ancestor(X, Y) :- parent(X, Y)	0
parent(neville_longbottom, Z6)	parent(neville_longbottom, alice_longbottom)	0
parent(P, Z1)	parent(P, hermione_granger)	0
parent(P, Z0)	parent(P, frank_longbottom)	0
parent(fred_weasley, Z9)	parent(fred_weasley, james_potter)	0
parent(percy_weasley, Z7)	parent(percy_weasley, ron_weasley)	0
parent(lily_luna_potter, molly_weasley)	parent(lily_luna_potter, molly_weasley)	0
parent(bill_weasley, lily_potter)	parent(bill_weasley, lily_potter)	0
pure_blood(X0)	pure_blood(pomona_sprout)	0
parent(neville_longbottom, Z3)	parent(neville_longbottom, harry_potter)	0
parent(harry_potter, Z10)	parent(harry_potter, alice_longbottom)	0
parent(charlie_weasley, Z11)	parent(charlie_weasley, arthur_weasley)	0
parent(Z4, arthur_weasley)	parent(Z4, arthur_weasley)	0
parent(lily_luna_potter, Z8)	parent(lily_luna_potter, lily_potter)	0
ancestor(neville_longbottom, P)	ancestor(X, Y) :- ancestor(Z, Y), parent(X, Z)	0
parent(charlie_weasley, Z6)	parent(charlie_weasley, ron_weasley)	0
half_blood(X0)	half_blood(quirinus_quirrell)	0
parent(hugo_weasley, Z12)	parent(hugo_weasley, vernon_dursley)	0
parent(rose_weasley, arthur_weasley)	parent(rose_weasley, arthur_weasley)	0
muggleborn(X0)	muggleborn(padma_patil)	0
parent(george_weasley, Z4)	parent(george_weasley, petunia_dursley)	0
parent(harry_potter, Z4)	parent(harry_potter, ginny_weasley)	0
muggleborn(X0)	muggleborn(lucius_malfoy)	0
parent(lily_luna_potter, Z11)	parent(lily_luna_potter, molly_weasley)	0
parent(luna_lovegood, Z12)	parent(luna_lovegood, narcissa_malfoy)	0
parent(draco_malfoy, Z9)	parent(draco_malfoy, lucius_malfoy)	0
parent(george_weasley, Z4)	parent(george_weasley, lucius_malfoy)	0
parent(rose_weasley, Z9)	parent(rose_weasley, harry_potter)	0
parent(Z2, Z3)	parent(Z2, xenophilius_lovegood)	0
parent(fred_weasley, Z9)	parent(fred_weasley, ginny_weasley)	0
ancestor(hugo_weasley, P)	ancestor(X, Y) :- parent(X, Y)	0
parent(P, Z1)	parent(P, arthur_weasley)	0
parent(fred_weasley, Z7)	parent(fred_weasley, hermione_granger)	0
parent(bill_weasley, Z3)	parent(bill_weasley, alice_longbottom)	0
muggleborn(X0)	muggleborn(sybill_trelawney)	0
ancestor(harry_potter, neville_longbottom)	ancestor(X, Y) :- ancestor(Z, Y), parent(X, Z)	0
parent(james_sirius_potter, Z4)	parent(james_sirius_potter, frank_longbottom)	0
parent(hugo_weasley, Z11)	parent(hugo_weasley, ron_weasley)	0
parent(lily_luna_potter, Z12)	parent(lily_luna_potter, ginny_weasley)	0
parent(ginny_weasley, Z11)	parent(ginny_weasley, ginny_weasley)	0
parent(bill_weasley, Z11)	parent(bill_weasley, lucius_malfoy)	0
pure_blood(X0)	pure_blood(nagini)	0
parent(george_weasley, Z7)	parent(george_weasley, hermione_granger)	0
parent(james_sirius_potter, Z6)	parent(james_sirius_potter, narcissa_malfoy)	0
parent(bill_weasley, Z7)	parent(bill_weasley, alice_longbottom)	0
parent(neville_longbottom, Z6)	parent(neville_longbottom, hermione_granger)	0
parent(albus_severus_potter, Z8)	parent(albus_severus_potter, james_potter)	0
half_blood(X0)	half_blood(salazar_slytherin)	0
parent(charlie_weasley, Z3)	parent(charlie_weasley, hermione_granger)	0
parent(neville_longbottom, Z11)	parent(neville_longbottom, alice_longbottom)	0
parent(charlie_weasley, Z4)	parent(charlie_weasley, ginny_weasley)	0
ancestor(dudley_dursley, _EX5)	ancestor(X, Y) :- ancestor(Z, Y), parent(X, Z)	0
parent(albus_severus_potter, james_potter)	parent(albus_severus_potter, james_potter)	0
parent(Z9, Z10)	parent(Z9, xenophilius_lovegood)	0
parent(ron_weasley, Z7)	parent(ron_weasley, narcissa_malfoy)	0
parent(ron_weasley, Z11)	parent(ron_weasley, james_potter)	0
parent(dudley_dursley, Z10)	parent(dudley_dursley, xenophilius_lovegood)	0
parent(luna_lovegood, Z3)	parent(luna_lovegood, ginny_weasley)	0
parent(bill_weasley, Z10)	parent(bill_weasley, arthur_weasley)	0
parent(ron_weasley, Z9)	parent(ron_weasley, frank_longbottom)	0
parent(luna_lovegood, Z10)	parent(luna_lovegood, alice_longbottom)	0
parent(harry_potter, Z2)	parent(harry_potter, frank_longbottom)	0
parent(hugo_weasley, Z11)	parent(hugo_weasley, petunia_dursley)	0
muggleborn(X0)	muggleborn(alice_longbottom)	0
parent(rose_weasley, Z4)	parent(rose_weasley, harry_potter)	0
parent(percy_weasley, Z12)	parent(percy_weasley, hermione_granger)	0
parent(ginny_weasley, Z9)	parent(ginny_weasley, petunia_dursley)	0
parent(Z6, Z7)	parent(Z6, vernon_dursley)	0
parent(neville_longbottom, Z10)	parent(neville_longbottom, lucius_malfoy)	0
ancestor(lily_luna_potter, Y)	ancestor(X, Y) :- parent(X, Y)	0
parent(charlie_weasley, Z3)	parent(charlie_weasley, xenophilius_lovegood)	0
parent(albus_severus_potter, Z2)	parent(albus_severus_potter, lily_potter)	0
parent(lily_luna_potter, Z9)	parent(lily_luna_potter, petunia_dursley)	0
parent(charlie_weasley, Z11)	parent(charlie_weasley, hermione_granger)	0
parent(bill_weasley, Z4)	parent(bill_weasley, xenophilius_lovegood)	0
ancestor(ginny_weasley, Y)	ancestor(X, Y) :- parent(X, Y)	0
parent(james_sirius_potter, Z10)	parent(james_sirius_potter, ron_weasley)	0
parent(draco_malfoy, Z8)	parent(draco_malfoy, alice_longbottom)	0
parent(dudley_dursley, Z9)	parent(dudley_dursley, alice_longbottom)	0
parent(dudley_dursley, Z12)	parent(dudley_dursley, petunia_dursley)	0
parent(Z8, Z9)	parent(Z8, vernon_dursley)	0
parent(ginny_weasley, Z9)	parent(ginny_weasley, ginny_weasley)	0
parent(albus_severus_potter, Z8)	parent(albus_severus_potter, petunia_dursley)	0
parent(percy_weasley, Z11)	parent(percy_weasley, lily_potter)	0
parent(bill_weasley, Z2)	parent(bill_weasley, ginny_weasley)	0
parent(neville_longbottom, Z3)	parent(neville_longbottom, xenophilius_lovegood)	0
parent(neville_longbottom, Z10)	parent(neville_longbottom, james_potter)	0
parent(harry_potter, Z9)	parent(harry_potter, james_potter)	0
ancestor(hugo_weasley, X)	ancestor(X, Y) :- ancestor(Z, Y), parent(X, Z)	0
enemy(_EX1, hermione_granger)	enemy(X, Y) :- member_of(X, order_of_the_phoenix), member_of(Y, death_eaters)	0
parent(charlie_weasley, Z10)	parent(charlie_weasley, alice_longbottom)	0
parent(ron_weasley, Z12)	parent(ron_weasley, lucius_malfoy)	0
parent(rose_weasley, Z6)	parent(rose_weasley, arthur_weasley)	0
parent(hugo_weasley, Z2)	parent(hugo_weasley, vernon_dursley)	0
parent(charlie_weasley, Z11)	parent(charlie_weasley, xenophilius_lovegood)	0
parent(ron_weasley, Z7)	parent(ron_weasley, arthur_weasley)	0
parent(Z10, Z11)	parent(Z10, molly_weasley)	0
parent(dudley_dursley, Z4)	parent(dudley_dursley, alice_longbottom)	0
parent(harry_potter, Z10)	parent(harry_potter, lily_potter)	0
parent(james_sirius_potter, Z12)	parent(james_sirius_potter, james_potter)	0
half_blood(X0)	half_blood(ron_weasley)	0
parent(lily_luna_potter, Z4)	parent(lily_luna_potter, lily_potter)	0
ancestor(charlie_weasley, _EX4)	ancestor(X, Y) :- parent(X, Y)	0
ancestor(rose_weasley, james_sirius_potter)	ancestor(X, Y) :- ancestor(Z, Y), parent(X, Z)	0
parent(luna_lovegood, Z8)	parent(luna_lovegood, james_potter)	0
parent(albus_severus_potter, Z12)	parent(albus_severus_potter, narcissa_malfoy)	0
parent(percy_weasley, Z7)	parent(percy_weasley, frank_longbottom)	0
ancestor(hugo_weasley, _EX4)	ancestor(X, Y) :- ancestor(Z, Y), parent(X, Z)	0
half_blood(X0)	half_blood(lily_luna_potter)	0
parent(rose_weasley, Z7)	parent(rose_weasley, vernon_dursley)	0
parent(ginny_weasley, Z3)	parent(ginny_weasley, hermione_granger)	0
parent(lily_luna_potter, Z12)	parent(lily_luna_potter, ron_weasley)	0
parent(george_weasley, Z12)	parent(george_weasley, lucius_malfoy)	0
parent(draco_malfoy, Z9)	parent(draco_malfoy, ginny_weasley)	0
parent(harry_potter, Z11)	parent(harry_potter, vernon_dursley)	0
parent(lily_luna_potter, Z7)	parent(lily_luna_potter, james_potter)	0
parent(ginny_weasley, Z2)	parent(ginny_weasley, lily_potter)	0
parent(ron_weasley, Z10)	parent(ron_weasley, james_potter)	0
parent(percy_weasley, Z3)	parent(percy_weasley, arthur_weasley)	0
parent(Z10, Z11)	parent(Z10, narcissa_malfoy)	0
parent(luna_lovegood, Z12)	parent(luna_lovegood, xenophilius_lovegood)	0
parent(george_weasley, Z11)	parent(george_weasley, xenophilius_lovegood)	0
parent(james_sirius_potter, Z7)	parent(james_sirius_potter, ginny_weasley)	0
parent(harry_potter, Z6)	parent(harry_potter, frank_longbottom)	0
parent(bill_weasley, Z4)	parent(bill_weasley, molly_weasley)	0
parent(dudley_dursley, lily_potter)	parent(dudley_dursley, lily_potter)	0
parent(bill_weasley, Z9)	parent(bill_weasley, hermione_granger)	0
parent(lily_luna_potter, Z8)	parent(lily_luna_potter, xenophilius_lovegood)	0
parent(albus_severus_potter, Z9)	parent(albus_severus_potter, narcissa_malfoy)	0
ancestor(draco_malfoy, james_sirius_potter)	ancestor(X, Y) :- ancestor(Z, Y), parent(X, Z)	0
parent(percy_weasley, Z10)	parent(percy_weasley, xenophilius_lovegood)	0
ancestor(fred_weasley, Y)	ancestor(X, Y) :- parent(X, Y)	0
hates(_EX4, arabella_figg)	hates(X, Y) :- deatheater(X), muggleborn(Y)	0
parent(james_sirius_potter, Z12)	parent(james_sirius_potter, frank_longbottom)	0
parent(ginny_weasley, Z12)	parent(ginny_weasley, xenophilius_lovegood)	0
parent(james_sirius_potter, Z12)	parent(james_sirius_potter, ginny_weasley)	0
parent(Z10, Z11)	parent(Z10, alice_longbottom)	0
parent(Z8, Z9)	parent(Z8, james_potter)	0
parent(james_sirius_potter, Z9)	parent(james_sirius_potter, lily_potter)	0
ancestor(P, Z)	ancestor(X, Y) :- ancestor(Z, Y), parent(X, Z)	0
parent(charlie_weasley, Z12)	parent(charlie_weasley, lucius_malfoy)	0
parent(ginny_weasley, Z7)	parent(ginny_weasley, narcissa_malfoy)	0
parent(charlie_weasley, Z12)	parent(charlie_weasley, alice_longbottom)	0
parent(ron_weasley, Z11)	parent(ron_weasley, vernon_dursley)	0
parent(bill_weasley, Z8)	parent(bill_weasley, alice_longbottom)	0
parent(lily_luna_potter, Z7)	parent(lily_luna_potter, molly_weasley)	0
parent(lily_luna_potter, Z11)	parent(lily_luna_potter, petunia_dursley)	0
half_blood(X0)	half_blood(lucius_malfoy)	0
ancestor(albus_severus_potter, Z)	ancestor(X, Y) :- parent(X, Y)	0
ancestor(neville_longbottom, _EX3)	ancestor(X, Y) :- ancestor(Z, Y), parent(X, Z)	0
parent(ron_weasley, Z10)	parent(ron_weasley, alice_longbottom)	0
parent(fred_weasley, Z9)	parent(fred_weasley, arthur_weasley)	0
parent(percy_weasley, Z2)	parent(percy_weasley, narcissa_malfoy)	0
parent(luna_lovegood, Z11)	parent(luna_lovegood, narcissa_malfoy)	0
parent(luna_lovegood, Z10)	parent(luna_lovegood, ron_weasley)	0
ancestor(bill_weasley, neville_longbottom)	ancestor(X, Y) :- parent(X, Y)	0
ancestor(fred_weasley, Z)	ancestor(X, Y) :- parent(X, Y)	0
parent(james_sirius_potter, Z6)	parent(james_sirius_potter, petunia_dursley)	0
parent(draco_malfoy, Z12)	parent(draco_malfoy, vernon_dursley)	0
parent(Z5, Z6)	parent(Z5, frank_longbottom)	0
parent(james_sirius_potter, Z8)	parent(james_sirius_potter, lucius_malfoy)	0
parent(charlie_weasley, Z10)	parent(charlie_weasley, hermione_granger)	0
parent(rose_weasley, Z6)	parent(rose_weasley, ginny_weasley)	0
parent(albus_severus_potter, Z4)	parent(albus_severus_potter, frank_longbottom)	0
ancestor(james_sirius_potter, X)	ancestor(X, Y) :- ancestor(Z, Y), parent(X, Z)	0
parent(neville_longbottom, Z8)	parent(neville_longbottom, molly_weasley)	0
parent(george_weasley, Z9)	parent(george_weasley, vernon_dursley)	0
parent(percy_weasley, Z12)	parent(percy_weasley, harry_potter)	0
parent(george_weasley, Z10)	parent(george_weasley, xenophilius_lovegood)	0
descendant(P, arthur_weasley)	descendant(X, Y) :- ancestor(Y, X)	0
ancestor(albus_severus_potter, _EX5)	ancestor(X, Y) :- ancestor(Z, Y), parent(X, Z)	0
parent(albus_severus_potter, Z12)	parent(albus_severus_potter, lily_potter)	0
parent(james_sirius_potter, Z8)	parent(james_sirius_potter, ron_weasley)	0
parent(neville_longbottom, Z9)	parent(neville_longbottom, james_potter)	0
parent(harry_potter, Z2)	parent(harry_potter, lucius_malfoy)	0
parent(neville_longbottom, Z2)	parent(neville_longbottom, lily_potter)	0
parent(harry_potter, Z3)	parent(harry_potter, petunia_dursley)	0
ancestor(albus_severus_potter, P)	ancestor(X, Y) :- ancestor(Z, Y), parent(X, Z)	0
parent(percy_weasley, Z3)	parent(percy_weasley, james_potter)	0
parent(ron_weasley, Z9)	parent(ron_weasley, xenophilius_lovegood)	0
parent(neville_longbottom, Z6)	parent(neville_longbottom, ron_weasley)	0
ancestor(harry_potter, Z)	ancestor(X, Y) :- parent(X, Y)	0
parent(rose_weasley, Z6)	parent(rose_weasley, lily_potter)	0
parent(dudley_dursley, Z11)	parent(dudley_dursley, narcissa_malfoy)	0
parent(james_sirius_potter, Z7)	parent(james_sirius_potter, harry_potter)	0
parent(draco_malfoy, Z3)	parent(draco_malfoy, james_potter)	0
parent(dudley_dursley, Z3)	parent(dudley_dursley, petunia_dursley)	0
ancestor(neville_longbottom, P)	ancestor(X, Y) :- parent(X, Y)	0
half_blood(X0)	half_blood(hugo_weasley)	0
parent(rose_weasley, Z7)	parent(rose_weasley, harry_potter)	0
parent(neville_longbottom, Z7)	parent(neville_longbottom, lily_potter)	0
parent(james_sirius_potter, Z4)	parent(james_sirius_potter, lily_potter)	0
parent(percy_weasley, lily_potter)	parent(percy_weasley, lily_potter)	0
parent(draco_malfoy, Z7)	parent(draco_malfoy, lily_potter)	0
parent(Z7, Z8)	parent(Z7, petunia_dursley)	0
parent(neville_longbottom, Z12)	parent(neville_longbottom, lily_potter)	0
parent(Z2, Z3)	parent(Z2, alice_longbottom)	0
parent(P, Z1)	parent(P, lucius_malfoy)	0
parent(fred_weasley, Z7)	parent(fred_weasley, xenophilius_lovegood)	0
parent(james_sirius_potter, Z6)	parent(james_sirius_potter, xenophilius_lovegood)	0
ancestor(luna_lovegood, james_sirius_potter)	ancestor(X, Y) :- ancestor(Z, Y), parent(X, Z)	0
parent(ron_weasley, Z10)	parent(ron_weasley, vernon_dursley)	0
parent(lily_luna_potter, arthur_weasley)	parent(lily_luna_potter, arthur_weasley)	0
parent(draco_malfoy, Z3)	parent(draco_malfoy, arthur_weasley)	0
parent(dudley_dursley, Z11)	parent(dudley_dursley, petunia_dursley)	0
parent(Z1, Z2)	parent(Z1, xenophilius_lovegood)	0
parent(hugo_weasley, Z2)	parent(hugo_weasley, lily_potter)	0
parent(george_weasley, Z12)	parent(george_weasley, james_potter)	0
parent(hugo_weasley, Z6)	parent(hugo_weasley, molly_weasley)	0
parent(dudley_dursley, Z11)	parent(dudley_dursley, ron_weasley)	0
parent(ron_weasley, Z11)	parent(ron_weasley, hermione_granger)	0
half_blood(X0)	half_blood(rubeus_hagrid)	0
parent(lily_luna_potter, Z9)	parent(lily_luna_potter, lily_potter)	0
muggleborn(X0)	muggleborn(fleur_delacour)	0
parent(luna_lovegood, Z10)	parent(luna_lovegood, harry_potter)	0
parent(james_sirius_potter, Z4)	parent(james_sirius_potter, vernon_dursley)	0
parent(Z9, molly_weasley)	parent(Z9, molly_weasley)	0
parent(dudley_dursley, Z8)	parent(dudley_dursley, lucius_malfoy)	0
parent(rose_weasley, Z4)	parent(rose_weasley, hermione_granger)	0
parent(lily_luna_potter, Z10)	parent(lily_luna_potter, arthur_weasley)	0
parent(percy_weasley, Z11)	parent(percy_weasley, molly_weasley)	0
parent(Z9, Z10)	parent(Z9, lily_potter)	0
parent(Z7, Z8)	parent(Z7, lily_potter)	0
parent(lily_luna_potter, Z12)	parent(lily_luna_potter, petunia_dursley)	0
parent(harry_potter, Z12)	parent(harry_potter, narcissa_malfoy)	0
parent(ron_weasley, Z12)	parent(ron_weasley, ron_weasley)	0
parent(lily_luna_potter, Z3)	parent(lily_luna_potter, arthur_weasley)	0
parent(neville_longbottom, Z2)	parent(neville_longbottom, arthur_weasley)	0
parent(ron_weasley, Z3)	parent(ron_weasley, frank_longbottom)	0
ancestor(percy_weasley, james_sirius_potter)	ancestor(X, Y) :- parent(X, Y)	0
parent(fred_weasley, Z3)	parent(fred_weasley, ginny_weasley)	0
parent(rose_weasley, Z9)	parent(rose_weasley, petunia_dursley)	0
parent(harry_potter, Z11)	parent(harry_potter, james_potter)	0
parent(dudley_dursley, Z2)	parent(dudley_dursley, petunia_dursley)	0
parent(charlie_weasley, Z9)	parent(charlie_weasley, narcissa_malfoy)	0
parent(george_weasley, Z8)	parent(george_weasley, hermione_granger)	0
parent(harry_potter, Z10)	parent(harry_potter, ginny_weasley)	0
ancestor(lily_luna_potter, Z)	ancestor(X, Y) :- parent(X, Y)	0
ancestor(dudley_dursley, _EX5)	ancestor(X, Y) :- parent(X, Y)	0
parent(albus_severus_potter, Z10)	parent(albus_severus_potter, narcissa_malfoy)	0
parent(percy_weasley, Z3)	parent(percy_weasley, narcissa_malfoy)	0
parent(draco_malfoy, Z8)	parent(draco_malfoy, vernon_dursley)	0
parent(Z8, Z9)	parent(Z8, petunia_dursley)	0
parent(lily_luna_potter, Z3)	parent(lily_luna_potter, hermione_granger)	0
parent(james_sirius_potter, Z9)	parent(james_sirius_potter, james_potter)	0
ancestor(harry_potter, _EX4)	ancestor(X, Y) :- ancestor(Z, Y), parent(X, Z)	0
parent(dudley_dursley, Z8)	parent(dudley_dursley, ron_weasley)	0
parent(ron_weasley, Z9)	parent(ron_weasley, lily_potter)	0
parent(charlie_weasley, Z7)	parent(charlie_weasley, xenophilius_lovegood)	0
parent(dudley_dursley, Z7)	parent(dudley_dursley, hermione_granger)	0
parent(george_weasley, Z8)	parent(george_weasley, james_potter)	0
parent(Z6, arthur_weasley)	parent(Z6, arthur_weasley)	0
parent(draco_malfoy, Z3)	parent(draco_malfoy, narcissa_malfoy)	0
parent(fred_weasley, molly_weasley)	parent(fred_weasley, molly_weasley)	0
ancestor(luna_lovegood, X)	ancestor(X, Y) :- parent(X, Y)	0
parent(draco_malfoy, Z6)	parent(draco_malfoy, petunia_dursley)	0
half_blood(X0)	half_blood(gregory_goyle)	0
parent(charlie_weasley, Z7)	parent(charlie_weasley, ginny_weasley)	0
parent(draco_malfoy, Z2)	parent(draco_malfoy, james_potter)	0
member_of(Y0, death_eaters)	member_of(parvati_patil, death_eaters)	0
parent(lily_luna_potter, Z10)	parent(lily_luna_potter, lucius_malfoy)	0
parent(harry_potter, Z11)	parent(harry_potter, hermione_granger)	0
parent(luna_lovegood, Z10)	parent(luna_lovegood, vernon_dursley)	0
parent(percy_weasley, Z6)	parent(percy_weasley, ginny_weasley)	0
parent(harry_potter, Z11)	parent(harry_potter, alice_longbottom)	0
parent(ron_weasley, Z12)	parent(ron_weasley, lily_potter)	0
parent(bill_weasley, Z3)	parent(bill_weasley, vernon_dursley)	0
parent(lily_luna_potter, Z7)	parent(lily_luna_potter, petunia_dursley)	0
ancestor(hugo_weasley, X)	ancestor(X, Y) :- parent(X, Y)	0
ancestor(albus_severus_potter, james_sirius_potter)	ancestor(X, Y) :- ancestor(Z, Y), parent(X, Z)	0
parent(draco_malfoy, Z7)	parent(draco_malfoy, vernon_dursley)	0
parent(george_weasley, Z12)	parent(george_weasley, harry_potter)	0
parent(ron_weasley, Z10)	parent(ron_weasley, hermione_granger)	0
parent(luna_lovegood, Z8)	parent(luna_lovegood, ron_weasley)	0
parent(fred_weasley, Z11)	parent(fred_weasley, ron_weasley)	0
parent(albus_severus_potter, Z12)	parent(albus_severus_potter, molly_weasley)	0
parent(neville_longbottom, Z11)	parent(neville_longbottom, lucius_malfoy)	0
parent(ron_weasley, Z12)	parent(ron_weasley, vernon_dursley)	0
parent(james_sirius_potter, Z11)	parent(james_sirius_potter, molly_weasley)	0
ancestor(albus_severus_potter, Y)	ancestor(X, Y) :- ancestor(Z, Y), parent(X, Z)	0
parent(james_sirius_potter, Z9)	parent(james_sirius_potter, frank_longbottom)	0
parent(james_sirius_potter, Z9)	parent(james_sirius_potter, ginny_weasley)	0
parent(neville_longbottom, Z2)	parent(neville_longbottom, james_potter)	0
ancestor(rose_weasley, james_sirius_potter)	ancestor(X, Y) :- parent(X, Y)	0
parent(charlie_weasley, Z12)	parent(charlie_weasley, petunia_dursley)	0
parent(harry_potter, Z2)	parent(harry_potter, lily_potter)	0
parent(Z3, Z4)	parent(Z3, narcissa_malfoy)	0
parent(harry_potter, Z8)	parent(harry_potter, lucius_malfoy)	0
parent(draco_malfoy, Z10)	parent(draco_malfoy, alice_longbottom)	0
parent(neville_longbottom, Z3)	parent(neville_longbottom, arthur_weasley)	0
parent(harry_potter, arthur_weasley)	parent(harry_potter, arthur_weasley)	0
parent(dudley_dursley, Z3)	parent(dudley_dursley, vernon_dursley)	0
enemy(lucius_malfoy, P)	enemy(X, Y) :- member_of(X, order_of_the_phoenix), member_of(Y, death_eaters)	0
parent(neville_longbottom, arthur_weasley)	parent(neville_longbottom, arthur_weasley)	0
parent(Z11, Z12)	parent(Z11, lily_potter)	0
parent(george_weasley, Z4)	parent(george_weasley, vernon_dursley)	0
parent(rose_weasley, Z12)	parent(rose_weasley, xenophilius_lovegood)	0
ancestor(arthur_weasley, P)	ancestor(X, Y) :- ancestor(Z, Y), parent(X, Z)	0
parent(harry_potter, Z8)	parent(harry_potter, alice_longbottom)	0
parent(ron_weasley, Z11)	parent(ron_weasley, arthur_weasley)	0
parent(hugo_weasley, Z4)	parent(hugo_weasley, frank_longbottom)	0
parent(ginny_weasley, Z8)	parent(ginny_weasley, ron_weasley)	0
parent(ginny_weasley, Z7)	parent(ginny_weasley, alice_longbottom)	0
ancestor(P, Y)	ancestor(X, Y) :- parent(X, Y)	0
parent(albus_severus_potter, Z10)	parent(albus_severus_potter, lily_potter)	0
ancestor(james_sirius_potter, Y)	ancestor(X, Y) :- parent(X, Y)	0
parent(james_sirius_potter, Z12)	parent(james_sirius_potter, vernon_dursley)	0
parent(Z3, Z4)	parent(Z3, xenophilius_lovegood)	0
parent(Z3, molly_weasley)	parent(Z3, molly_weasley)	0
parent(fred_weasley, Z3)	parent(fred_weasley, harry_potter)	0
ancestor(lily_luna_potter, X)	ancestor(X, Y) :- ancestor(Z, Y), parent(X, Z)	0
parent(james_sirius_potter, Z6)	parent(james_sirius_potter, lucius_malfoy)	0
parent(percy_weasley, Z8)	parent(percy_weasley, hermione_granger)	0
parent(fred_weasley, Z7)	parent(fred_weasley, james_potter)	0
parent(bill_weasley, Z10)	parent(bill_weasley, petunia_dursley)	0
parent(dudley_dursley, Z9)	parent(dudley_dursley, lucius_malfoy)	0
parent(draco_malfoy, Z2)	parent(draco_malfoy, narcissa_malfoy)	0
parent(james_sirius_potter, Z4)	parent(james_sirius_potter, narcissa_malfoy)	0
parent(neville_longbottom, Z10)	parent(neville_longbottom, vernon_dursley)	0
parent(ron_weasley, Z10)	parent(ron_weasley, narcissa_malfoy)	0
parent(dudley_dursley, Z10)	parent(dudley_dursley, harry_potter)	0
parent(dudley_dursley, Z2)	parent(dudley_dursley, vernon_dursley)	0
ancestor(neville_longbottom, _EX3)	ancestor(X, Y) :- parent(X, Y)	0
parent(james_sirius_potter, Z6)	parent(james_sirius_potter, ron_weasley)	0
half_blood(X0)	half_blood(cho_chang)	0
parent(lily_luna_potter, Z11)	parent(lily_luna_potter, ron_weasley)	0
parent(james_sirius_potter, Z5)	parent(james_sirius_potter, molly_weasley)	0
parent(lily_luna_potter, Z9)	parent(lily_luna_potter, xenophilius_lovegood)	0
ancestor(lily_luna_potter, neville_longbottom)	ancestor(X, Y) :- parent(X, Y)	0
parent(hugo_weasley, Z7)	parent(hugo_weasley, ginny_weasley)	0
parent(bill_weasley, Z9)	parent(bill_weasley, ron_weasley)	0
parent(harry_potter, Z10)	parent(harry_potter, xenophilius_lovegood)	0
parent(harry_potter, Z4)	parent(harry_potter, lucius_malfoy)	0
parent(hugo_weasley, Z6)	parent(hugo_weasley, alice_longbottom)	0
parent(Z1, Z2)	parent(Z1, james_potter)	0
parent(dudley_dursley, Z4)	parent(dudley_dursley, lucius_malfoy)	0
parent(albus_severus_potter, Z7)	parent(albus_severus_potter, harry_potter)	0
magical(X0)	magical(hedwig)	0
parent(luna_lovegood, Z3)	parent(luna_lovegood, harry_potter)	0
parent(draco_malfoy, Z6)	parent(draco_malfoy, hermione_granger)	0
parent(rose_weasley, Z7)	parent(rose_weasley, hermione_granger)	0
half_blood(X0)	half_blood(filius_flitwick)	0
pure_blood(X0)	pure_blood(minerva_mccgonagall)	0
parent(dudley_dursley, Z4)	parent(dudley_dursley, narcissa_malfoy)	0
enemy(arthur_weasley, Y)	enemy(X, Y) :- member_of(X, death_eaters), member_of(Y, dumbledores_army)	0
ancestor(draco_malfoy, neville_longbottom)	ancestor(X, Y) :- ancestor(Z, Y), parent(X, Z)	0
ancestor(ginny_weasley, X)	ancestor(X, Y) :- ancestor(Z, Y), parent(X, Z)	0
parent(dudley_dursley, Z12)	parent(dudley_dursley, hermione_granger)	0
parent(dudley_dursley, Z9)	parent(dudley_dursley, ron_weasley)	0
parent(albus_severus_potter, Z9)	parent(albus_severus_potter, ron_weasley)	0
parent(hugo_weasley, Z4)	parent(hugo_weasley, ginny_weasley)	0
parent(george_weasley, Z12)	parent(george_weasley, lily_potter)	0
ancestor(bill_weasley, _EX3)	ancestor(X, Y) :- parent(X, Y)	0
ancestor(albus_severus_potter, P)	ancestor(X, Y) :- parent(X, Y)	0
parent(draco_malfoy, Z9)	parent(draco_malfoy, hermione_granger)	0
parent(ron_weasley, Z10)	parent(ron_weasley, arthur_weasley)	0
parent(luna_lovegood, Z11)	parent(luna_lovegood, frank_longbottom)	0
parent(james_sirius_potter, Z10)	parent(james_sirius_potter, lily_potter)	0
parent(hugo_weasley, Z12)	parent(hugo_weasley, narcissa_malfoy)	0
parent(bill_weasley, Z9)	parent(bill_weasley, molly_weasley)	0
parent(george_weasley, Z7)	parent(george_weasley, narcissa_malfoy)	0
parent(bill_weasley, Z4)	parent(bill_weasley, arthur_weasley)	0
parent(draco_malfoy, Z3)	parent(draco_malfoy, lucius_malfoy)	0
parent(dudley_dursley, Z4)	parent(dudley_dursley, ron_weasley)	0
parent(dudley_dursley, Z10)	parent(dudley_dursley, ginny_weasley)	0
parent(bill_weasley, Z8)	parent(bill_weasley, lucius_malfoy)	0
parent(neville_longbottom, Z2)	parent(neville_longbottom, molly_weasley)	0
parent(ginny_weasley, Z12)	parent(ginny_weasley, alice_longbottom)	0
parent(charlie_weasley, Z8)	parent(charlie_weasley, harry_potter)	0
wizard(arthur_weasley)	wizard(X) :- male(X), muggleborn(X)	0
parent(bill_weasley, Z10)	parent(bill_weasley, frank_longbottom)	0
parent(fred_weasley, Z2)	parent(fred_weasley, lily_potter)	0
parent(Z11, Z12)	parent(Z11, molly_weasley)	0
parent(ginny_weasley, Z6)	parent(ginny_weasley, hermione_granger)	0
parent(_EX3, Z1)	parent(_EX3, frank_longbottom)	0
parent(james_sirius_potter, Z7)	parent(james_sirius_potter, lucius_malfoy)	0
parent(james_sirius_potter, Z10)	parent(james_sirius_potter, vernon_dursley)	0
parent(draco_malfoy, Z11)	parent(draco_malfoy, alice_longbottom)	0
parent(george_weasley, Z12)	parent(george_weasley, ron_weasley)	0
parent(charlie_weasley, Z9)	parent(charlie_weasley, molly_weasley)	0
parent(ginny_weasley, Z9)	parent(ginny_weasley, narcissa_malfoy)	0
parent(fred_weasley, Z12)	parent(fred_weasley, narcissa_malfoy)	0
parent(dudley_dursley, Z10)	parent(dudley_dursley, arthur_weasley)	0
parent(albus_severus_potter, Z12)	parent(albus_severus_potter, ginny_weasley)	0
parent(george_weasley, Z5)	parent(george_weasley, hermione_granger)	0
parent(luna_lovegood, Z8)	parent(luna_lovegood, lily_potter)	0
parent(harry_potter, Z8)	parent(harry_potter, lily_potter)	0
parent(Z8, Z9)	parent(Z8, alice_longbottom)	0
parent(hugo_weasley, Z7)	parent(hugo_weasley, hermione_granger)	0
parent(rose_weasley, Z6)	parent(rose_weasley, hermione_granger)	0
parent(albus_severus_potter, Z12)	parent(albus_severus_potter, hermione_granger)	0
parent(hugo_weasley, Z11)	parent(hugo_weasley, lily_potter)	0
parent(hugo_weasley, Z10)	parent(hugo_weasley, harry_potter)	0
descendant(_EX5, ginny_weasley)	descendant(X, Y) :- ancestor(Y, X)	0
parent(albus_severus_potter, Z10)	parent(albus_severus_potter, molly_weasley)	0
parent(bill_weasley, Z12)	parent(bill_weasley, vernon_dursley)	0
half_blood(X0)	half_blood(james_potter)	0
parent(hugo_weasley, Z6)	parent(hugo_weasley, lily_potter)	0
parent(lily_luna_potter, Z7)	parent(lily_luna_potter, lily_potter)	0
parent(george_weasley, Z5)	parent(george_weasley, vernon_dursley)	0
parent(charlie_weasley, Z8)	parent(charlie_weasley, vernon_dursley)	0
muggleborn(X0)	muggleborn(arthur_weasley)	0
parent(albus_severus_potter, Z4)	parent(albus_severus_potter, narcissa_malfoy)	0
parent(bill_weasley, Z11)	parent(bill_weasley, james_potter)	0
parent(draco_malfoy, Z12)	parent(draco_malfoy, frank_longbottom)	0
parent(albus_severus_potter, Z9)	parent(albus_severus_potter, ginny_weasley)	0
parent(charlie_weasley, Z3)	parent(charlie_weasley, harry_potter)	0
ancestor(albus_severus_potter, _EX4)	ancestor(X, Y) :- ancestor(Z, Y), parent(X, Z)	0
parent(charlie_weasley, Z2)	parent(charlie_weasley, ron_weasley)	0
parent(albus_severus_potter, Z9)	parent(albus_severus_potter, alice_longbottom)	0
parent(albus_severus_potter, Z2)	parent(albus_severus_potter, arthur_weasley)	0
parent(albus_severus_potter, Z9)	parent(albus_severus_potter, hermione_granger)	0
ancestor(harry_potter, _EX4)	ancestor(X, Y) :- parent(X, Y)	0
parent(hugo_weasley, Z9)	parent(hugo_weasley, james_potter)	0
ancestor(james_sirius_potter, _EX4)	ancestor(X, Y) :- parent(X, Y)	0
parent(ron_weasley, Z4)	parent(ron_weasley, ron_weasley)	0
parent(ron_weasley, Z12)	parent(ron_weasley, arthur_weasley)	0
parent(Z2, Z3)	parent(Z2, hermione_granger)	0
parent(harry_potter, Z10)	parent(harry_potter, harry_potter)	0
parent(james_sirius_potter, Z3)	parent(james_sirius_potter, molly_weasley)	0
parent(bill_weasley, Z11)	parent(bill_weasley, molly_weasley)	0
parent(charlie_weasley, Z11)	parent(charlie_weasley, harry_potter)	0
parent(percy_weasley, Z8)	parent(percy_weasley, ron_weasley)	0
parent(ron_weasley, Z10)	parent(ron_weasley, ron_weasley)	0
parent(hugo_weasley, Z2)	parent(hugo_weasley, narcissa_malfoy)	0
parent(fred_weasley, Z12)	parent(fred_weasley, molly_weasley)	0
parent(bill_weasley, Z11)	parent(bill_weasley, ginny_weasley)	0
parent(neville_longbottom, Z10)	parent(neville_longbottom, harry_potter)	0
parent(percy_weasley, Z11)	parent(percy_weasley, arthur_weasley)	0
parent(charlie_weasley, Z3)	parent(charlie_weasley, vernon_dursley)	0
parent(george_weasley, Z9)	parent(george_weasley, hermione_granger)	0
parent(ron_weasley, Z4)	parent(ron_weasley, molly_weasley)	0
parent(dudley_dursley, Z10)	parent(dudley_dursley, hermione_granger)	0
parent(james_sirius_potter, Z9)	parent(james_sirius_potter, vernon_dursley)	0
parent(percy_weasley, Z7)	parent(percy_weasley, petunia_dursley)	0
parent(harry_potter, Z10)	parent(harry_potter, petunia_dursley)	0
parent(neville_longbottom, Z9)	parent(neville_longbottom, lucius_malfoy)	0
half_blood(X0)	half_blood(bill_weasley)	0
parent(ginny_weasley, Z11)	parent(ginny_weasley, ron_weasley)	0
muggleborn(X0)	muggleborn(petunia_dursley)	0
parent(Z1, molly_weasley)	parent(Z1, molly_weasley)	0
ancestor(bill_weasley, P)	ancestor(X, Y) :- ancestor(Z, Y), parent(X, Z)	0
ancestor(albus_severus_potter, Y)	ancestor(X, Y) :- parent(X, Y)	0
muggleborn(X0)	muggleborn(salazar_slytherin)	0
half_blood(X0)	half_blood(lily_potter)	0
parent(harry_potter, Z8)	parent(harry_potter, molly_weasley)	0
parent(charlie_weasley, Z8)	parent(charlie_weasley, ron_weasley)	0
parent(hugo_weasley, Z10)	parent(hugo_weasley, james_potter)	0
parent(draco_malfoy, Z6)	parent(draco_malfoy, frank_longbottom)	0
half_blood(X0)	half_blood(padma_patil)	0
parent(hugo_weasley, Z4)	parent(hugo_weasley, lucius_malfoy)	0
parent(james_sirius_potter, Z8)	parent(james_sirius_potter, lily_potter)	0
male(X0)	male(lily_potter)	0
parent(luna_lovegood, Z2)	parent(luna_lovegood, arthur_weasley)	0
ancestor(fred_weasley, neville_longbottom)	ancestor(X, Y) :- ancestor(Z, Y), parent(X, Z)	0
parent(george_weasley, Z6)	parent(george_weasley, frank_longbottom)	0
parent(charlie_weasley, Z11)	parent(charlie_weasley, vernon_dursley)	0
parent(lily_luna_potter, Z12)	parent(lily_luna_potter, lucius_malfoy)	0
parent(percy_weasley, Z6)	parent(percy_weasley, james_potter)	0
male(X0)	male(myrtle_warren)	0
parent(luna_lovegood, Z2)	parent(luna_lovegood, petunia_dursley)	0
parent(Z11, Z12)	parent(Z11, frank_longbottom)	0
parent(james_sirius_potter, Z12)	parent(james_sirius_potter, alice_longbottom)	0
parent(james_sirius_potter, Z3)	parent(james_sirius_potter, alice_longbottom)	0
parent(draco_malfoy, Z10)	parent(draco_malfoy, ginny_weasley)	0
half_blood(X0)	half_blood(vernon_dursley)	0
parent(percy_weasley, Z6)	parent(percy_weasley, lucius_malfoy)	0
parent(charlie_weasley, Z6)	parent(charlie_weasley, harry_potter)	0
parent(dudley_dursley, Z11)	parent(dudley_dursley, hermione_granger)	0
parent(bill_weasley, Z11)	parent(bill_weasley, frank_longbottom)	0
ancestor(albus_severus_potter, X)	ancestor(X, Y) :- ancestor(Z, Y), parent(X, Z)	0
parent(harry_potter, Z2)	parent(harry_potter, alice_longbottom)	0
parent(albus_severus_potter, Z4)	parent(albus_severus_potter, lily_potter)	0
parent(harry_potter, Z9)	parent(harry_potter, ginny_weasley)	0
parent(draco_malfoy, Z2)	parent(draco_malfoy, lily_potter)	0
parent(george_weasley, Z12)	parent(george_weasley, molly_weasley)	0
parent(james_sirius_potter, Z11)	parent(james_sirius_potter, james_potter)	0
parent(james_sirius_potter, Z4)	parent(james_sirius_potter, arthur_weasley)	0
parent(hugo_weasley, Z12)	parent(hugo_weasley, petunia_dursley)	0
half_blood(X0)	half_blood(cormac_mclaggen)	0
parent(hugo_weasley, Z9)	parent(hugo_weasley, vernon_dursley)	0
parent(draco_malfoy, Z12)	parent(draco_malfoy, petunia_dursley)	0
parent(ron_weasley, Z3)	parent(ron_weasley, ginny_weasley)	0
muggleborn(X0)	muggleborn(remus_lupin)	0
parent(james_sirius_potter, Z10)	parent(james_sirius_potter, ginny_weasley)	0
parent(bill_weasley, Z2)	parent(bill_weasley, xenophilius_lovegood)	0
parent(fred_weasley, Z11)	parent(fred_weasley, lily_potter)	0
parent(ginny_weasley, Z2)	parent(ginny_weasley, molly_weasley)	0
parent(percy_weasley, Z4)	parent(percy_weasley, alice_longbottom)	0
enemy(P, peter_pettigrew)	enemy(X, Y) :- member_of(X, death_eaters), member_of(Y, dumbledores_army)	0
parent(rose_weasley, Z7)	parent(rose_weasley, lucius_malfoy)	0
parent(charlie_weasley, Z6)	parent(charlie_weasley, lily_potter)	0
muggleborn(X0)	muggleborn(regulus_black)	0
half_blood(X0)	half_blood(newt_scamander)	0
parent(hugo_weasley, Z8)	parent(hugo_weasley, frank_longbottom)	0
parent(neville_longbottom, Z12)	parent(neville_longbottom, harry_potter)	0
parent(neville_longbottom, Z12)	parent(neville_longbottom, petunia_dursley)	0
ancestor(rose_weasley, Y)	ancestor(X, Y) :- ancestor(Z, Y), parent(X, Z)	0
parent(neville_longbottom, Z10)	parent(neville_longbottom, xenophilius_lovegood)	0
parent(ginny_weasley, Z2)	parent(ginny_weasley, james_potter)	0
ancestor(george_weasley, _EX3)	ancestor(X, Y) :- ancestor(Z, Y), parent(X, Z)	0
parent(albus_severus_potter, Z10)	parent(albus_severus_potter, ginny_weasley)	0
parent(harry_potter, Z2)	parent(harry_potter, xenophilius_lovegood)	0
parent(charlie_weasley, Z2)	parent(charlie_weasley, hermione_granger)	0
ancestor(george_weasley, _EX4)	ancestor(X, Y) :- ancestor(Z, Y), parent(X, Z)	0
parent(dudley_dursley, Z7)	parent(dudley_dursley, frank_longbottom)	0
parent(luna_lovegood, Z12)	parent(luna_lovegood, frank_longbottom)	0
parent(albus_severus_potter, Z10)	parent(albus_severus_potter, hermione_granger)	0
parent(bill_weasley, Z2)	parent(bill_weasley, vernon_dursley)	0
parent(charlie_weasley, Z10)	parent(charlie_weasley, harry_potter)	0
ancestor(ginny_weasley, X)	ancestor(X, Y) :- parent(X, Y)	0
ancestor(draco_malfoy, _EX5)	ancestor(X, Y) :- parent(X, Y)	0
parent(ginny_weasley, Z7)	parent(ginny_weasley, arthur_weasley)	0
ancestor(rose_weasley, neville_longbottom)	ancestor(X, Y) :- ancestor(Z, Y), parent(X, Z)	0
parent(fred_weasley, Z8)	parent(fred_weasley, ron_weasley)	0
parent(neville_longbottom, Z3)	parent(neville_longbottom, lily_potter)	0
parent(fred_weasley, Z11)	parent(fred_weasley, hermione_granger)	0
parent(percy_weasley, Z8)	parent(percy_weasley, frank_longbottom)	0
parent(lily_luna_potter, Z3)	parent(lily_luna_potter, frank_longbottom)	0
ancestor(bill_weasley, Y)	ancestor(X, Y) :- parent(X, Y)	0
parent(Z0, molly_weasley)	parent(Z0, molly_weasley)	0
parent(albus_severus_potter, Z8)	parent(albus_severus_potter, narcissa_malfoy)	0
parent(rose_weasley, Z8)	parent(rose_weasley, petunia_dursley)	0
parent(hugo_weasley, Z2)	parent(hugo_weasley, ron_weasley)	0
parent(james_sirius_potter, Z4)	parent(james_sirius_potter, hermione_granger)	0
parent(george_weasley, Z8)	parent(george_weasley, narcissa_malfoy)	0
parent(james_sirius_potter, Z5)	parent(james_sirius_potter, james_potter)	0
parent(neville_longbottom, Z8)	parent(neville_longbottom, frank_longbottom)	0
parent(harry_potter, Z0)	parent(harry_potter, hermione_granger)	0
parent(draco_malfoy, Z10)	parent(draco_malfoy, ron_weasley)	0
parent(draco_malfoy, Z6)	parent(draco_malfoy, molly_weasley)	0
parent(percy_weasley, Z10)	parent(percy_weasley, hermione_granger)	0
parent(rose_weasley, Z11)	parent(rose_weasley, hermione_granger)	0
parent(fred_weasley, Z10)	parent(fred_weasley, frank_longbottom)	0
parent(charlie_weasley, Z10)	parent(charlie_weasley, vernon_dursley)	0
parent(hugo_weasley, Z8)	parent(hugo_weasley, ginny_weasley)	0
parent(percy_weasley, Z11)	parent(percy_weasley, narcissa_malfoy)	0
parent(george_weasley, Z7)	parent(george_weasley, harry_potter)	0
parent(fred_weasley, Z11)	parent(fred_weasley, vernon_dursley)	0
parent(charlie_weasley, Z8)	parent(charlie_weasley, hermione_granger)	0
parent(rose_weasley, Z9)	parent(rose_weasley, arthur_weasley)	0
parent(bill_weasley, Z10)	parent(bill_weasley, hermione_granger)	0
parent(ron_weasley, Z8)	parent(ron_weasley, ginny_weasley)	0
parent(draco_malfoy, Z11)	parent(draco_malfoy, ginny_weasley)	0
parent(ginny_weasley, Z7)	parent(ginny_weasley, frank_longbottom)	0
parent(draco_malfoy, Z9)	parent(draco_malfoy, molly_weasley)	0
ancestor(hugo_weasley, _EX4)	ancestor(X, Y) :- parent(X, Y)	0
half_blood(X0)	half_blood(parvati_patil)	0
parent(fred_weasley, Z2)	parent(fred_weasley, xenophilius_lovegood)	0
parent(draco_malfoy, Z12)	parent(draco_malfoy, hermione_granger)	0
parent(albus_severus_potter, Z4)	parent(albus_severus_potter, molly_weasley)	0
parent(harry_potter, Z3)	parent(harry_potter, ron_weasley)	0
ancestor(charlie_weasley, neville_longbottom)	ancestor(X, Y) :- parent(X, Y)	0
parent(bill_weasley, Z9)	parent(bill_weasley, alice_longbottom)	0
parent(fred_weasley, Z11)	parent(fred_weasley, lucius_malfoy)	0
parent(ginny_weasley, Z8)	parent(ginny_weasley, james_potter)	0
parent(james_sirius_potter, Z7)	parent(james_sirius_potter, alice_longbottom)	0
parent(dudley_dursley, Z3)	parent(dudley_dursley, james_potter)	0
parent(george_weasley, Z9)	parent(george_weasley, arthur_weasley)	0
parent(percy_weasley, Z6)	parent(percy_weasley, lily_potter)	0
parent(harry_potter, Z8)	parent(harry_potter, ron_weasley)	0
parent(albus_severus_potter, Z3)	parent(albus_severus_potter, harry_potter)	0
parent(albus_severus_potter, Z8)	parent(albus_severus_potter, harry_potter)	0
wizard(arthur_weasley)	wizard(X) :- male(X), half_blood(X)	0
parent(james_sirius_potter, Z8)	parent(james_sirius_potter, frank_longbottom)	0
parent(lily_luna_potter, Z8)	parent(lily_luna_potter, ron_weasley)	0
parent(draco_malfoy, Z7)	parent(draco_malfoy, petunia_dursley)	0
parent(ginny_weasley, Z12)	parent(ginny_weasley, arthur_weasley)	0
parent(george_weasley, arthur_weasley)	parent(george_weasley, arthur_weasley)	0
ancestor(charlie_weasley, P)	ancestor(X, Y) :- parent(X, Y)	0
ancestor(george_weasley, _EX5)	ancestor(X, Y) :- parent(X, Y)	0
parent(draco_malfoy, Z2)	parent(draco_malfoy, petunia_dursley)	0
parent(ron_weasley, Z2)	parent(ron_weasley, ginny_weasley)	0
parent(luna_lovegood, Z10)	parent(luna_lovegood, hermione_granger)	0
parent(P, arthur_weasley)	parent(P, arthur_weasley)	0
half_blood(X0)	half_blood(alastor_moody)	0
parent(percy_weasley, Z7)	parent(percy_weasley, lucius_malfoy)	0
parent(harry_potter, Z3)	parent(harry_potter, narcissa_malfoy)	0
ancestor(hugo_weasley, _EX5)	ancestor(X, Y) :- ancestor(Z, Y), parent(X, Z)	0
parent(james_sirius_potter, Z9)	parent(james_sirius_potter, alice_longbottom)	0
parent(harry_potter, Z3)	parent(harry_potter, xenophilius_lovegood)	0
parent(lily_luna_potter, Z9)	parent(lily_luna_potter, james_potter)	0
parent(james_sirius_potter, Z6)	parent(james_sirius_potter, lily_potter)	0
parent(albus_severus_potter, lily_potter)	parent(albus_severus_potter, lily_potter)	0
parent(harry_potter, Z2)	parent(harry_potter, harry_potter)	0
parent(charlie_weasley, Z2)	parent(charlie_weasley, lily_potter)	0
parent(dudley_dursley, Z9)	parent(dudley_dursley, hermione_granger)	0
parent(hugo_weasley, Z8)	parent(hugo_weasley, hermione_granger)	0
parent(ginny_weasley, Z4)	parent(ginny_weasley, harry_potter)	0
parent(dudley_dursley, Z12)	parent(dudley_dursley, frank_longbottom)	0
parent(albus_severus_potter, Z12)	parent(albus_severus_potter, petunia_dursley)	0
parent(luna_lovegood, Z10)	parent(luna_lovegood, ginny_weasley)	0
parent(dudley_dursley, Z2)	parent(dudley_dursley, james_potter)	0
parent(harry_potter, Z8)	parent(harry_potter, xenophilius_lovegood)	0
parent(ron_weasley, Z12)	parent(ron_weasley, frank_longbottom)	0
parent(hugo_weasley, Z11)	parent(hugo_weasley, ginny_weasley)	0
half_blood(X0)	half_blood(horace_slughorn)	0
parent(percy_weasley, Z3)	parent(percy_weasley, xenophilius_lovegood)	0
parent(hugo_weasley, Z6)	parent(hugo_weasley, narcissa_malfoy)	0
parent(luna_lovegood, Z9)	parent(luna_lovegood, hermione_granger)	0
parent(albus_severus_potter, Z4)	parent(albus_severus_potter, ron_weasley)	0
parent(neville_longbottom, Z8)	parent(neville_longbottom, narcissa_malfoy)	0
parent(harry_potter, Z4)	parent(harry_potter, alice_longbottom)	0
parent(hugo_weasley, Z9)	parent(hugo_weasley, alice_longbottom)	0
parent(lily_luna_potter, Z11)	parent(lily_luna_potter, arthur_weasley)	0
pure_blood(X0)	pure_blood(alice_longbottom)	0
parent(neville_longbottom, Z11)	parent(neville_longbottom, harry_potter)	0
parent(rose_weasley, Z9)	parent(rose_weasley, ginny_weasley)	0
parent(draco_malfoy, Z8)	parent(draco_malfoy, xenophilius_lovegood)	0
parent(luna_lovegood, Z9)	parent(luna_lovegood, alice_longbottom)	0
muggleborn(X0)	muggleborn(peter_pettigrew)	0
parent(neville_longbottom, Z11)	parent(neville_longbottom, petunia_dursley)	0
parent(charlie_weasley, Z8)	parent(charlie_weasley, james_potter)	0
muggleborn(X0)	muggleborn(cedric_diggory)	0
parent(albus_severus_potter, Z9)	parent(albus_severus_potter, petunia_dursley)	0
parent(fred_weasley, arthur_weasley)	parent(fred_weasley, arthur_weasley)	0
enemy(arthur_weasley, _EX5)	enemy(X, Y) :- member_of(X, death_eaters), member_of(Y, dumbledores_army)	0
parent(charlie_weasley, Z6)	parent(charlie_weasley, lucius_malfoy)	0
parent(rose_weasley, Z6)	parent(rose_weasley, james_potter)	0
parent(ginny_weasley, Z10)	parent(ginny_weasley, xenophilius_lovegood)	0
parent(george_weasley, Z11)	parent(george_weasley, arthur_weasley)	0
parent(neville_longbottom, Z8)	parent(neville_longbottom, hermione_granger)	0
parent(ron_weasley, Z12)	parent(ron_weasley, petunia_dursley)	0
parent(luna_lovegood, Z9)	parent(luna_lovegood, ginny_weasley)	0
half_blood(X0)	half_blood(fred_weasley)	0
parent(dudley_dursley, Z10)	parent(dudley_dursley, lily_potter)	0
ancestor(albus_severus_potter, X)	ancestor(X, Y) :- parent(X, Y)	0
parent(bill_weasley, Z11)	parent(bill_weasley, alice_longbottom)	0
parent(rose_weasley, Z9)	parent(rose_weasley, lily_potter)	0
parent(draco_malfoy, Z9)	parent(draco_malfoy, ron_weasley)	0
parent(percy_weasley, Z9)	parent(percy_weasley, molly_weasley)	0
parent(ron_weasley, Z6)	parent(ron_weasley, alice_longbottom)	0
parent(lily_luna_potter, Z11)	parent(lily_luna_potter, hermione_granger)	0
parent(Z6, Z7)	parent(Z6, lucius_malfoy)	0
ancestor(charlie_weasley, _EX3)	ancestor(X, Y) :- parent(X, Y)	0
parent(george_weasley, Z10)	parent(george_weasley, narcissa_malfoy)	0
parent(lily_luna_potter, Z8)	parent(lily_luna_potter, lucius_malfoy)	0
parent(hugo_weasley, Z8)	parent(hugo_weasley, lucius_malfoy)	0
witch(narcissa_malfoy)	witch(X) :- female(X), half_blood(X)	0
parent(george_weasley, Z8)	parent(george_weasley, frank_longbottom)	0
ancestor(james_sirius_potter, _EX5)	ancestor(X, Y) :- ancestor(Z, Y), parent(X, Z)	0
ancestor(dudley_dursley, james_sirius_potter)	ancestor(X, Y) :- parent(X, Y)	0
parent(james_sirius_potter, Z7)	parent(james_sirius_potter, ron_weasley)	0
parent(lily_luna_potter, Z8)	parent(lily_luna_potter, frank_longbottom)	0
male(X0)	male(siruis_black)	0
parent(hugo_weasley, Z4)	parent(hugo_weasley, molly_weasley)	0
parent(draco_malfoy, Z6)	parent(draco_malfoy, arthur_weasley)	0
parent(harry_potter, Z2)	parent(harry_potter, arthur_weasley)	0
parent(rose_weasley, lily_potter)	parent(rose_weasley, lily_potter)	0
parent(draco_malfoy, Z2)	parent(draco_malfoy, hermione_granger)	0
parent(harry_potter, Z0)	parent(harry_potter, molly_weasley)	0
parent(P, Z0)	parent(P, alice_longbottom)	0
parent(harry_potter, Z9)	parent(harry_potter, harry_potter)	0
parent(charlie_weasley, Z9)	parent(charlie_weasley, ginny_weasley)	0
parent(ron_weasley, Z3)	parent(ron_weasley, lily_potter)	0
ancestor(rose_weasley, Y)	ancestor(X, Y) :- parent(X, Y)	0
parent(fred_weasley, Z2)	parent(fred_weasley, james_potter)	0
parent(albus_severus_potter, Z2)	parent(albus_severus_potter, narcissa_malfoy)	0
parent(draco_malfoy, Z12)	parent(draco_malfoy, alice_longbottom)	0
parent(luna_lovegood, Z11)	parent(luna_lovegood, james_potter)	0
parent(albus_severus_potter, Z4)	parent(albus_severus_potter, ginny_weasley)	0
ancestor(george_weasley, _EX4)	ancestor(X, Y) :- parent(X, Y)	0
parent(rose_weasley, Z4)	parent(rose_weasley, lily_potter)	0
ancestor(neville_longbottom, _EX4)	ancestor(X, Y) :- parent(X, Y)	0
parent(ginny_weasley, arthur_weasley)	parent(ginny_weasley, arthur_weasley)	0
parent(ron_weasley, Z7)	parent(ron_weasley, xenophilius_lovegood)	0
parent(albus_severus_potter, Z4)	parent(albus_severus_potter, alice_longbottom)	0
parent(fred_weasley, Z11)	parent(fred_weasley, xenophilius_lovegood)	0
parent(albus_severus_potter, Z4)	parent(albus_severus_potter, hermione_granger)	0
parent(george_weasley, Z5)	parent(george_weasley, james_potter)	0
parent(neville_longbottom, Z9)	parent(neville_longbottom, vernon_dursley)	0
parent(harry_potter, Z9)	parent(harry_potter, petunia_dursley)	0
parent(neville_longbottom, Z2)	parent(neville_longbottom, xenophilius_lovegood)	0
parent(james_sirius_potter, Z9)	parent(james_sirius_potter, xenophilius_lovegood)	0
parent(albus_severus_potter, Z8)	parent(albus_severus_potter, molly_weasley)	0
parent(hugo_weasley, Z10)	parent(hugo_weasley, molly_weasley)	0
half_blood(X0)	half_blood(hermione_granger)	0
parent(ron_weasley, Z11)	parent(ron_weasley, lucius_malfoy)	0
parent(neville_longbottom, Z10)	parent(neville_longbottom, arthur_weasley)	0
parent(fred_weasley, Z3)	parent(fred_weasley, lucius_malfoy)	0
parent(rose_weasley, Z11)	parent(rose_weasley, lucius_malfoy)	0
parent(george_weasley, Z4)	parent(george_weasley, arthur_weasley)	0
parent(draco_malfoy, Z4)	parent(draco_malfoy, lily_potter)	0
muggleborn(X0)	muggleborn(pomona_sprout)	0
parent(ron_weasley, Z7)	parent(ron_weasley, ron_weasley)	0
ancestor(draco_malfoy, _EX4)	ancestor(X, Y) :- ancestor(Z, Y), parent(X, Z)	0
parent(ginny_weasley, Z11)	parent(ginny_weasley, molly_weasley)	0
parent(dudley_dursley, Z10)	parent(dudley_dursley, frank_longbottom)	0
parent(hugo_weasley, Z9)	parent(hugo_weasley, frank_longbottom)	0
parent(Z4, molly_weasley)	parent(Z4, molly_weasley)	0
parent(fred_weasley, Z2)	parent(fred_weasley, ginny_weasley)	0
parent(percy_weasley, Z7)	parent(percy_weasley, lily_potter)	0
parent(percy_weasley, Z6)	parent(percy_weasley, molly_weasley)	0
parent(harry_potter, Z8)	parent(harry_potter, harry_potter)	0
parent(rose_weasley, Z7)	parent(rose_weasley, arthur_weasley)	0
parent(dudley_dursley, Z12)	parent(dudley_dursley, vernon_dursley)	0
parent(ron_weasley, Z8)	parent(ron_weasley, lucius_malfoy)	0
ancestor(percy_weasley, james_sirius_potter)	ancestor(X, Y) :- ancestor(Z, Y), parent(X, Z)	0
ancestor(albus_severus_potter, james_sirius_potter)	ancestor(X, Y) :- parent(X, Y)	0
parent(draco_malfoy, Z3)	parent(draco_malfoy, alice_longbottom)	0
parent(lily_luna_potter, james_potter)	parent(lily_luna_potter, james_potter)	0
parent(albus_severus_potter, Z2)	parent(albus_severus_potter, frank_longbottom)	0
parent(percy_weasley, Z12)	parent(percy_weasley, ron_weasley)	0
parent(hugo_weasley, Z11)	parent(hugo_weasley, lucius_malfoy)	0
parent(albus_severus_potter, Z8)	parent(albus_severus_potter, arthur_weasley)	0
parent(draco_malfoy, Z7)	parent(draco_malfoy, arthur_weasley)	0
parent(ron_weasley, Z6)	parent(ron_weasley, molly_weasley)	0
parent(george_weasley, Z8)	parent(george_weasley, xenophilius_lovegood)	0
ancestor(fred_weasley, _EX3)	ancestor(X, Y) :- ancestor(Z, Y), parent(X, Z)	0
parent(ginny_weasley, Z3)	parent(ginny_weasley, lucius_malfoy)	0
parent(dudley_dursley, Z12)	parent(dudley_dursley, lucius_malfoy)	0
ancestor(neville_longbottom, james_sirius_potter)	ancestor(X, Y) :- ancestor(Z, Y), parent(X, Z)	0
parent(dudley_dursley, Z7)	parent(dudley_dursley, lily_potter)	0
muggleborn(X0)	muggleborn(cormac_mclaggen)	0
parent(Z1, Z2)	parent(Z1, molly_weasley)	0
parent(ron_weasley, Z12)	parent(ron_weasley, xenophilius_lovegood)	0
parent(Z6, Z7)	parent(Z6, james_potter)	0
parent(james_sirius_potter, Z6)	parent(james_sirius_potter, frank_longbottom)	0
half_blood(X0)	half_blood(rowena_ravenclaw)	0
parent(james_sirius_potter, Z6)	parent(james_sirius_potter, ginny_weasley)	0
parent(Z4, Z5)	parent(Z4, vernon_dursley)	0
parent(dudley_dursley, Z11)	parent(dudley_dursley, frank_longbottom)	0
parent(charlie_weasley, Z10)	parent(charlie_weasley, ron_weasley)	0
parent(albus_severus_potter, Z10)	parent(albus_severus_potter, petunia_dursley)	0
parent(george_weasley, Z9)	parent(george_weasley, james_potter)	0
parent(dudley_dursley, Z12)	parent(dudley_dursley, molly_weasley)	0
parent(lily_luna_potter, Z4)	parent(lily_luna_potter, vernon_dursley)	0
parent(fred_weasley, Z8)	parent(fred_weasley, lily_potter)	0
parent(Z8, Z9)	parent(Z8, narcissa_malfoy)	0
parent(james_sirius_potter, Z8)	parent(james_sirius_potter, arthur_weasley)	0
parent(harry_potter, Z6)	parent(harry_potter, ginny_weasley)	0
half_blood(X0)	half_blood(dolores_umbridge)	0
parent(ron_weasley, Z7)	parent(ron_weasley, lily_potter)	0
ancestor(rose_weasley, _EX5)	ancestor(X, Y) :- ancestor(Z, Y), parent(X, Z)	0
muggleborn(X0)	muggleborn(minerva_mccgonagall)	0
parent(hugo_weasley, Z4)	parent(hugo_weasley, vernon_dursley)	0
parent(Z7, Z8)	parent(Z7, lucius_malfoy)	0
parent(luna_lovegood, Z2)	parent(luna_lovegood, lily_potter)	0
parent(ron_weasley, Z2)	parent(ron_weasley, lucius_malfoy)	0
parent(james_sirius_potter, Z3)	parent(james_sirius_potter, arthur_weasley)	0
parent(ginny_weasley, Z8)	parent(ginny_weasley, lucius_malfoy)	0
parent(james_sirius_potter, Z8)	parent(james_sirius_potter, vernon_dursley)	0
ancestor(harry_potter, P)	ancestor(X, Y) :- parent(X, Y)	0
parent(charlie_weasley, Z3)	parent(charlie_weasley, ginny_weasley)	0
ancestor(bill_weasley, _EX5)	ancestor(X, Y) :- ancestor(Z, Y), parent(X, Z)	0
parent(bill_weasley, Z10)	parent(bill_weasley, ron_weasley)	0
ancestor(lily_luna_potter, _EX3)	ancestor(X, Y) :- ancestor(Z, Y), parent(X, Z)	0
ancestor(fred_weasley, _EX5)	ancestor(X, Y) :- parent(X, Y)	0
parent(ginny_weasley, Z3)	parent(ginny_weasley, harry_potter)	0
parent(charlie_weasley, Z3)	parent(charlie_weasley, narcissa_malfoy)	0
ancestor(lily_luna_potter, X)	ancestor(X, Y) :- parent(X, Y)	0
parent(james_sirius_potter, Z7)	parent(james_sirius_potter, james_potter)	0
parent(luna_lovegood, Z9)	parent(luna_lovegood, arthur_weasley)	0
parent(charlie_weasley, Z12)	parent(charlie_weasley, molly_weasley)	0
parent(bill_weasley, Z3)	parent(bill_weasley, petunia_dursley)	0
parent(george_weasley, Z11)	parent(george_weasley, vernon_dursley)	0
parent(lily_luna_potter, Z7)	parent(lily_luna_potter, hermione_granger)	0
parent(ginny_weasley, Z6)	parent(ginny_weasley, vernon_dursley)	0
parent(ginny_weasley, Z3)	parent(ginny_weasley, arthur_weasley)	0
parent(george_weasley, lily_potter)	parent(george_weasley, lily_potter)	0
muggleborn(X0)	muggleborn(ron_weasley)	0
male(X0)	male(ginny_weasley)	0
parent(fred_weasley, Z6)	parent(fred_weasley, alice_longbottom)	0
ancestor(percy_weasley, P)	ancestor(X, Y) :- parent(X, Y)	0
parent(percy_weasley, Z11)	parent(percy_weasley, petunia_dursley)	0
parent(Z6, james_potter)	parent(Z6, james_potter)	0
parent(fred_weasley, Z8)	parent(fred_weasley, james_potter)	0
parent(fred_weasley, Z11)	parent(fred_weasley, petunia_dursley)	0
parent(neville_longbottom, Z12)	parent(neville_longbottom, arthur_weasley)	0
parent(luna_lovegood, Z8)	parent(luna_lovegood, petunia_dursley)	0
parent(james_sirius_potter, Z5)	parent(james_sirius_potter, xenophilius_lovegood)	0
ancestor(hugo_weasley, _EX5)	ancestor(X, Y) :- parent(X, Y)	0
parent(luna_lovegood, Z10)	parent(luna_lovegood, xenophilius_lovegood)	0
parent(draco_malfoy, Z4)	parent(draco_malfoy, vernon_dursley)	0
parent(neville_longbottom, Z8)	parent(neville_longbottom, ron_weasley)	0
parent(charlie_weasley, Z10)	parent(charlie_weasley, arthur_weasley)	0
parent(harry_potter, Z8)	parent(harry_potter, arthur_weasley)	0
parent(charlie_weasley, Z11)	parent(charlie_weasley, ginny_weasley)	0
ancestor(P, _EX4)	ancestor(X, Y) :- ancestor(Z, Y), parent(X, Z)	0
parent(fred_weasley, Z8)	parent(fred_weasley, hermione_granger)	0
pure_blood(X0)	pure_blood(hermione_granger)	0
parent(george_weasley, Z10)	parent(george_weasley, frank_longbottom)	0
parent(fred_weasley, Z11)	parent(fred_weasley, alice_longbottom)	0
parent(harry_potter, Z9)	parent(harry_potter, lucius_malfoy)	0
parent(george_weasley, Z8)	parent(george_weasley, ginny_weasley)	0
parent(Z3, Z4)	parent(Z3, frank_longbottom)	0
parent(charlie_weasley, Z11)	parent(charlie_weasley, narcissa_malfoy)	0
parent(bill_weasley, Z11)	parent(bill_weasley, harry_potter)	0
parent(george_weasley, Z12)	parent(george_weasley, arthur_weasley)	0
parent(bill_weasley, molly_weasley)	parent(bill_weasley, molly_weasley)	0
parent(draco_malfoy, Z2)	parent(draco_malfoy, alice_longbottom)	0
parent(bill_weasley, Z10)	parent(bill_weasley, molly_weasley)	0
muggleborn(X0)	muggleborn(percy_weasley)	0
parent(rose_weasley, Z7)	parent(rose_weasley, ginny_weasley)	0
parent(luna_lovegood, Z12)	parent(luna_lovegood, lucius_malfoy)	0
parent(hugo_weasley, lily_potter)	parent(hugo_weasley, lily_potter)	0
parent(fred_weasley, Z2)	parent(fred_weasley, harry_potter)	0
parent(james_sirius_potter, Z8)	parent(james_sirius_potter, hermione_granger)	0
muggleborn(X0)	muggleborn(ginny_weasley)	0
parent(rose_weasley, Z6)	parent(rose_weasley, ron_weasley)	0
ancestor(draco_malfoy, neville_longbottom)	ancestor(X, Y) :- parent(X, Y)	0
parent(fred_weasley, Z11)	parent(fred_weasley, james_potter)	0
parent(george_weasley, Z9)	parent(george_weasley, harry_potter)	0
ancestor(george_weasley, james_sirius_potter)	ancestor(X, Y) :- ancestor(Z, Y), parent(X, Z)	0
parent(neville_longbottom, Z6)	parent(neville_longbottom, ginny_weasley)	0
parent(ron_weasley, Z4)	parent(ron_weasley, harry_potter)	0
parent(neville_longbottom, Z9)	parent(neville_longbottom, harry_potter)	0
ancestor(percy_weasley, neville_longbottom)	ancestor(X, Y) :- ancestor(Z, Y), parent(X, Z)	0
parent(james_sirius_potter, Z3)	parent(james_sirius_potter, hermione_granger)	0
parent(percy_weasley, Z8)	parent(percy_weasley, ginny_weasley)	0
parent(fred_weasley, Z9)	parent(fred_weasley, frank_longbottom)	0
parent(george_weasley, Z8)	parent(george_weasley, molly_weasley)	0
parent(neville_longbottom, Z9)	parent(neville_longbottom, petunia_dursley)	0
parent(rose_weasley, Z7)	parent(rose_weasley, lily_potter)	0
ancestor(dudley_dursley, neville_longbottom)	ancestor(X, Y) :- ancestor(Z, Y), parent(X, Z)	0
parent(lily_luna_potter, Z10)	parent(lily_luna_potter, frank_longbottom)	0
enemy(X, parvati_patil)	enemy(X, Y) :- member_of(X, order_of_the_phoenix), member_of(Y, death_eaters)	0
ancestor(charlie_weasley, Z)	ancestor(X, Y) :- parent(X, Y)	0
parent(rose_weasley, Z12)	parent(rose_weasley, hermione_granger)	0
ancestor(hugo_weasley, _EX3)	ancestor(X, Y) :- parent(X, Y)	0
ancestor(charlie_weasley, Y)	ancestor(X, Y) :- ancestor(Z, Y), parent(X, Z)	0
parent(hugo_weasley, Z12)	parent(hugo_weasley, hermione_granger)	0
parent(draco_malfoy, Z6)	parent(draco_malfoy, harry_potter)	0
muggleborn(X0)	muggleborn(james_potter)	0
parent(percy_weasley, Z6)	parent(percy_weasley, vernon_dursley)	0
parent(charlie_weasley, Z12)	parent(charlie_weasley, lily_potter)	0
parent(ginny_weasley, Z10)	parent(ginny_weasley, ron_weasley)	0
parent(draco_malfoy, Z4)	parent(draco_malfoy, petunia_dursley)	0
ancestor(dudley_dursley, Y)	ancestor(X, Y) :- ancestor(Z, Y), parent(X, Z)	0
parent(hugo_weasley, Z9)	parent(hugo_weasley, narcissa_malfoy)	0
parent(bill_weasley, Z3)	parent(bill_weasley, frank_longbottom)	0
parent(percy_weasley, Z12)	parent(percy_weasley, frank_longbottom)	0
parent(ron_weasley, Z4)	parent(ron_weasley, frank_longbottom)	0
parent(luna_lovegood, Z9)	parent(luna_lovegood, vernon_dursley)	0
parent(dudley_dursley, Z10)	parent(dudley_dursley, lucius_malfoy)	0
parent(percy_weasley, Z2)	parent(percy_weasley, hermione_granger)	0
parent(charlie_weasley, Z6)	parent(charlie_weasley, narcissa_malfoy)	0
parent(neville_longbottom, molly_weasley)	parent(neville_longbottom, molly_weasley)	0
parent(ron_weasley, Z6)	parent(ron_weasley, james_potter)	0
ancestor(lily_luna_potter, neville_longbottom)	ancestor(X, Y) :- ancestor(Z, Y), parent(X, Z)	0
parent(neville_longbottom, Z12)	parent(neville_longbottom, james_potter)	0
parent(fred_weasley, Z8)	parent(fred_weasley, lucius_malfoy)	0
parent(Z9, Z10)	parent(Z9, molly_weasley)	0
parent(harry_potter, Z10)	parent(harry_potter, ron_weasley)	0
parent(draco_malfoy, Z9)	parent(draco_malfoy, harry_potter)	0
ancestor(ron_weasley, Z)	ancestor(X, Y) :- ancestor(Z, Y), parent(X, Z)	0
parent(Z7, arthur_weasley)	parent(Z7, arthur_weasley)	0
ancestor(albus_severus_potter, neville_longbottom)	ancestor(X, Y) :- parent(X, Y)	0
parent(luna_lovegood, Z12)	parent(luna_lovegood, lily_potter)	0
parent(draco_malfoy, Z10)	parent(draco_malfoy, xenophilius_lovegood)	0
parent(neville_longbottom, Z2)	parent(neville_longbottom, hermione_granger)	0
ancestor(dudley_dursley, _EX3)	ancestor(X, Y) :- parent(X, Y)	0
parent(albus_severus_potter, Z11)	parent(albus_severus_potter, narcissa_malfoy)	0
parent(percy_weasley, Z7)	parent(percy_weasley, molly_weasley)	0
parent(bill_weasley, Z3)	parent(bill_weasley, lily_potter)	0
parent(fred_weasley, Z3)	parent(fred_weasley, narcissa_malfoy)	0
parent(ginny_weasley, Z8)	parent(ginny_weasley, molly_weasley)	0
parent(ron_weasley, Z8)	parent(ron_weasley, ron_weasley)	0
parent(luna_lovegood, Z11)	parent(luna_lovegood, ron_weasley)	0
parent(ron_weasley, Z11)	parent(ron_weasley, molly_weasley)	0
parent(ron_weasley, Z9)	parent(ron_weasley, james_potter)	0
parent(rose_weasley, Z11)	parent(rose_weasley, molly_weasley)	0
parent(charlie_weasley, Z8)	parent(charlie_weasley, frank_longbottom)	0
parent(ron_weasley, Z4)	parent(ron_weasley, petunia_dursley)	0
parent(neville_longbottom, Z8)	parent(neville_longbottom, vernon_dursley)	0
parent(dudley_dursley, Z3)	parent(dudley_dursley, molly_weasley)	0
parent(dudley_dursley, Z11)	parent(dudley_dursley, lucius_malfoy)	0
parent(dudley_dursley, Z10)	parent(dudley_dursley, ron_weasley)	0
parent(lily_luna_potter, Z9)	parent(lily_luna_potter, lucius_malfoy)	0
parent(george_weasley, Z8)	parent(george_weasley, alice_longbottom)	0
pure_blood(X0)	pure_blood(nymphadora_tonks)	0
parent(george_weasley, Z9)	parent(george_weasley, petunia_dursley)	0
parent(ginny_weasley, Z12)	parent(ginny_weasley, petunia_dursley)	0
ancestor(lily_luna_potter, _EX5)	ancestor(X, Y) :- ancestor(Z, Y), parent(X, Z)	0
parent(charlie_weasley, Z10)	parent(charlie_weasley, xenophilius_lovegood)	0
parent(hugo_weasley, Z12)	parent(hugo_weasley, lucius_malfoy)	0
parent(george_weasley, james_potter)	parent(george_weasley, james_potter)	0
parent(charlie_weasley, Z2)	parent(charlie_weasley, harry_potter)	0
parent(draco_malfoy, Z12)	parent(draco_malfoy, ginny_weasley)	0
parent(neville_longbottom, Z11)	parent(neville_longbottom, lily_potter)	0
parent(lily_luna_potter, Z10)	parent(lily_luna_potter, ron_weasley)	0
parent(hugo_weasley, Z8)	parent(hugo_weasley, arthur_weasley)	0
parent(james_sirius_potter, Z12)	parent(james_sirius_potter, narcissa_malfoy)	0
parent(luna_lovegood, molly_weasley)	parent(luna_lovegood, molly_weasley)	0
parent(percy_weasley, Z9)	parent(percy_weasley, ginny_weasley)	0
parent(charlie_weasley, Z10)	parent(charlie_weasley, ginny_weasley)	0
parent(percy_weasley, Z11)	parent(percy_weasley, alice_longbottom)	0
ancestor(_EX2, Z)	ancestor(X, Y) :- ancestor(Z, Y), parent(X, Z)	0
parent(ginny_weasley, Z7)	parent(ginny_weasley, lily_potter)	0
parent(percy_weasley, Z9)	parent(percy_weasley, arthur_weasley)	0
muggleborn(X0)	muggleborn(gregory_goyle)	0
parent(percy_weasley, Z11)	parent(percy_weasley, ron_weasley)	0
parent(dudley_dursley, Z9)	parent(dudley_dursley, frank_longbottom)	0
muggleborn(X0)	muggleborn(godric_gryffindor)	0
parent(neville_longbottom, Z9)	parent(neville_longbottom, xenophilius_lovegood)	0
parent(bill_weasley, Z7)	parent(bill_weasley, hermione_granger)	0
parent(ron_weasley, Z2)	parent(ron_weasley, ron_weasley)	0
parent(ginny_weasley, Z6)	parent(ginny_weasley, harry_potter)	0
muggleborn(X0)	muggleborn(dudley_dursley)	0
parent(luna_lovegood, Z8)	parent(luna_lovegood, xenophilius_lovegood)	0
parent(ron_weasley, Z9)	parent(ron_weasley, alice_longbottom)	0
parent(dudley_dursley, Z2)	parent(dudley_dursley, molly_weasley)	0
parent(draco_malfoy, Z7)	parent(draco_malfoy, lucius_malfoy)	0
parent(charlie_weasley, Z3)	parent(charlie_weasley, frank_longbottom)	0
parent(_EX3, Z1)	parent(_EX3, arthur_weasley)	0
ancestor(harry_potter, Y)	ancestor(X, Y) :- ancestor(Z, Y), parent(X, Z)	0
parent(ron_weasley, Z8)	parent(ron_weasley, lily_potter)	0
parent(harry_potter, Z9)	parent(harry_potter, lily_potter)	0
parent(george_weasley, Z9)	parent(george_weasley, lily_potter)	0
parent(lily_luna_potter, Z11)	parent(lily_luna_potter, narcissa_malfoy)	0
half_blood(X0)	half_blood(rose_weasley)	0
parent(P, Z1)	parent(P, narcissa_malfoy)	0
parent(fred_weasley, Z3)	parent(fred_weasley, molly_weasley)	0
parent(charlie_weasley, Z2)	parent(charlie_weasley, alice_longbottom)	0
parent(harry_potter, Z12)	parent(harry_potter, vernon_dursley)	0
parent(james_sirius_potter, Z6)	parent(james_sirius_potter, arthur_weasley)	0
parent(draco_malfoy, Z3)	parent(draco_malfoy, molly_weasley)	0
parent(bill_weasley, Z12)	parent(bill_weasley, james_potter)	0
parent(fred_weasley, Z12)	parent(fred_weasley, vernon_dursley)	0
parent(albus_severus_potter, Z2)	parent(albus_severus_potter, ron_weasley)	0
parent(ron_weasley, Z8)	parent(ron_weasley, hermione_granger)	0
parent(james_sirius_potter, Z5)	parent(james_sirius_potter, ron_weasley)	0
parent(james_sirius_potter, Z5)	parent(james_sirius_potter, alice_longbottom)	0
parent(Z2, Z3)	parent(Z2, james_potter)	0
parent(hugo_weasley, Z4)	parent(hugo_weasley, harry_potter)	0
parent(george_weasley, Z10)	parent(george_weasley, ginny_weasley)	0
ancestor(fred_weasley, _EX3)	ancestor(X, Y) :- parent(X, Y)	0
parent(james_sirius_potter, Z6)	parent(james_sirius_potter, vernon_dursley)	0
ancestor(neville_longbottom, james_sirius_potter)	ancestor(X, Y) :- parent(X, Y)	0
parent(rose_weasley, Z10)	parent(rose_weasley, petunia_dursley)	0
parent(draco_malfoy, Z12)	parent(draco_malfoy, arthur_weasley)	0
parent(neville_longbottom, Z11)	parent(neville_longbottom, arthur_weasley)	0
pure_blood(X0)	pure_blood(petunia_dursley)	0
parent(ron_weasley, Z10)	parent(ron_weasley, molly_weasley)	0
parent(charlie_weasley, Z11)	parent(charlie_weasley, frank_longbottom)	0
enemy(lucius_malfoy, Z)	enemy(X, Y) :- member_of(X, order_of_the_phoenix), member_of(Y, death_eaters)	0
parent(Z4, Z5)	parent(Z4, james_potter)	0
parent(charlie_weasley, Z4)	parent(charlie_weasley, harry_potter)	0
ancestor(rose_weasley, _EX5)	ancestor(X, Y) :- parent(X, Y)	0
parent(bill_weasley, Z12)	parent(bill_weasley, ginny_weasley)	0
parent(george_weasley, Z4)	parent(george_weasley, harry_potter)	0
parent(harry_potter, Z6)	parent(harry_potter, vernon_dursley)	0
magical(X0)	magical(trevor)	0
parent(george_weasley, Z10)	parent(george_weasley, molly_weasley)	0
parent(Z9, Z10)	parent(Z9, vernon_dursley)	0
ancestor(fred_weasley, _EX4)	ancestor(X, Y) :- parent(X, Y)	0
parent(rose_weasley, Z11)	parent(rose_weasley, arthur_weasley)	0
parent(rose_weasley, Z11)	parent(rose_weasley, narcissa_malfoy)	0
parent(draco_malfoy, Z11)	parent(draco_malfoy, xenophilius_lovegood)	0
ancestor(ginny_weasley, _EX4)	ancestor(X, Y) :- ancestor(Z, Y), parent(X, Z)	0
parent(ron_weasley, Z2)	parent(ron_weasley, hermione_granger)	0
male(X0)	male(hermione_granger)	0
parent(percy_weasley, Z6)	parent(percy_weasley, arthur_weasley)	0
parent(george_weasley, Z7)	parent(george_weasley, lucius_malfoy)	0
parent(draco_malfoy, Z8)	parent(draco_malfoy, ginny_weasley)	0
ancestor(hugo_weasley, Y)	ancestor(X, Y) :- ancestor(Z, Y), parent(X, Z)	0
parent(harry_potter, james_potter)	parent(harry_potter, james_potter)	0
parent(percy_weasley, Z11)	parent(percy_weasley, xenophilius_lovegood)	0
parent(hugo_weasley, Z7)	parent(hugo_weasley, james_potter)	0
parent(ron_weasley, Z11)	parent(ron_weasley, narcissa_malfoy)	0
parent(Z9, arthur_weasley)	parent(Z9, arthur_weasley)	0
parent(draco_malfoy, Z9)	parent(draco_malfoy, xenophilius_lovegood)	0
parent(lily_luna_potter, Z11)	parent(lily_luna_potter, frank_longbottom)	0
parent(fred_weasley, Z10)	parent(fred_weasley, narcissa_malfoy)	0
parent(percy_weasley, Z2)	parent(percy_weasley, ron_weasley)	0
parent(Z8, Z9)	parent(Z8, lucius_malfoy)	0
parent(percy_weasley, Z7)	parent(percy_weasley, vernon_dursley)	0
ancestor(harry_potter, _EX5)	ancestor(X, Y) :- ancestor(Z, Y), parent(X, Z)	0
parent(bill_weasley, Z8)	parent(bill_weasley, lily_potter)	0
parent(james_sirius_potter, Z6)	parent(james_sirius_potter, hermione_granger)	0
parent(harry_potter, Z4)	parent(harry_potter, xenophilius_lovegood)	0
parent(harry_potter, Z6)	parent(harry_potter, harry_potter)	0
parent(Z7, Z8)	parent(Z7, alice_longbottom)	0
parent(fred_weasley, Z11)	parent(fred_weasley, arthur_weasley)	0
parent(harry_potter, Z9)	parent(harry_potter, molly_weasley)	0
parent(hugo_weasley, Z8)	parent(hugo_weasley, vernon_dursley)	0
parent(luna_lovegood, Z10)	parent(luna_lovegood, james_potter)	0
ancestor(P, _EX4)	ancestor(X, Y) :- parent(X, Y)	0
ancestor(luna_lovegood, Y)	ancestor(X, Y) :- ancestor(Z, Y), parent(X, Z)	0
parent(Z4, lily_potter)	parent(Z4, lily_potter)	0
parent(ron_weasley, Z9)	parent(ron_weasley, molly_weasley)	0
parent(albus_severus_potter, Z7)	parent(albus_severus_potter, ron_weasley)	0
parent(albus_severus_potter, Z2)	parent(albus_severus_potter, alice_longbottom)	0
parent(bill_weasley, Z12)	parent(bill_weasley, frank_longbottom)	0
parent(neville_longbottom, Z11)	parent(neville_longbottom, james_potter)	0
parent(luna_lovegood, Z11)	parent(luna_lovegood, lily_potter)	0
parent(hugo_weasley, Z4)	parent(hugo_weasley, james_potter)	0
parent(harry_potter, Z6)	parent(harry_potter, petunia_dursley)	0
parent(neville_longbottom, Z8)	parent(neville_longbottom, harry_potter)	0
parent(james_sirius_potter, Z7)	parent(james_sirius_potter, vernon_dursley)	0
parent(fred_weasley, Z7)	parent(fred_weasley, harry_potter)	0
parent(luna_lovegood, Z10)	parent(luna_lovegood, narcissa_malfoy)	0
parent(draco_malfoy, Z7)	parent(draco_malfoy, ginny_weasley)	0
parent(neville_longbottom, Z2)	parent(neville_longbottom, ron_weasley)	0
parent(draco_malfoy, Z2)	parent(draco_malfoy, ginny_weasley)	0
ancestor(draco_malfoy, _EX3)	ancestor(X, Y) :- parent(X, Y)	0
parent(Z5, Z6)	parent(Z5, arthur_weasley)	0
parent(lily_luna_potter, Z7)	parent(lily_luna_potter, ron_weasley)	0
parent(bill_weasley, Z12)	parent(bill_weasley, lily_potter)	0
parent(ginny_weasley, Z7)	parent(ginny_weasley, james_potter)	0
parent(draco_malfoy, Z3)	parent(draco_malfoy, ron_weasley)	0
parent(percy_weasley, Z9)	parent(percy_weasley, narcissa_malfoy)	0
parent(rose_weasley, Z4)	parent(rose_weasley, frank_longbottom)	0
ancestor(charlie_weasley, Y)	ancestor(X, Y) :- parent(X, Y)	0
ancestor(dudley_dursley, _EX4)	ancestor(X, Y) :- parent(X, Y)	0
parent(ron_weasley, Z8)	parent(ron_weasley, petunia_dursley)	0
ancestor(ron_weasley, Y)	ancestor(X, Y) :- parent(X, Y)	0
parent(dudley_dursley, Z8)	parent(dudley_dursley, lily_potter)	0
ancestor(dudley_dursley, Y)	ancestor(X, Y) :- parent(X, Y)	0
parent(ron_weasley, Z9)	parent(ron_weasley, hermione_granger)	0
parent(Z7, Z8)	parent(Z7, arthur_weasley)	0
parent(luna_lovegood, Z9)	parent(luna_lovegood, narcissa_malfoy)	0
parent(P, Z1)	parent(P, vernon_dursley)	0
male(X0)	male(bellatrix_lestrange)	0
ancestor(neville_longbottom, neville_longbottom)	ancestor(X, Y) :- parent(X, Y)	0
parent(lily_luna_potter, Z12)	parent(lily_luna_potter, vernon_dursley)	0
parent(ginny_weasley, james_potter)	parent(ginny_weasley, james_potter)	0
parent(rose_weasley, Z11)	parent(rose_weasley, ginny_weasley)	0
parent(neville_longbottom, Z9)	parent(neville_longbottom, narcissa_malfoy)	0
ancestor(albus_severus_potter, _EX3)	ancestor(X, Y) :- parent(X, Y)	0
ancestor(luna_lovegood, P)	ancestor(X, Y) :- parent(X, Y)	0
parent(bill_weasley, Z10)	parent(bill_weasley, alice_longbottom)	0
ancestor(ron_weasley, Z)	ancestor(X, Y) :- parent(X, Y)	0
parent(draco_malfoy, Z2)	parent(draco_malfoy, arthur_weasley)	0
parent(Z0, Z1)	parent(Z0, frank_longbottom)	0
parent(james_sirius_potter, Z8)	parent(james_sirius_potter, xenophilius_lovegood)	0
muggleborn(X0)	muggleborn(frank_longbottom)	0
parent(lily_luna_potter, Z12)	parent(lily_luna_potter, frank_longbottom)	0
muggleborn(X0)	muggleborn(lily_luna_potter)	0
male(X0)	male(luna_lovegood)	0
parent(george_weasley, molly_weasley)	parent(george_weasley, molly_weasley)	0
parent(percy_weasley, Z4)	parent(percy_weasley, ginny_weasley)	0
parent(bill_weasley, Z12)	parent(bill_weasley, narcissa_malfoy)	0
parent(percy_weasley, Z8)	parent(percy_weasley, lucius_malfoy)	0
parent(draco_malfoy, Z4)	parent(draco_malfoy, frank_longbottom)	0
parent(percy_weasley, Z12)	parent(percy_weasley, molly_weasley)	0
parent(rose_weasley, Z11)	parent(rose_weasley, lily_potter)	0
parent(neville_longbottom, Z9)	parent(neville_longbottom, hermione_granger)	0
parent(harry_potter, Z11)	parent(harry_potter, lily_potter)	0
parent(albus_severus_potter, Z7)	parent(albus_severus_potter, alice_longbottom)	0
parent(harry_potter, Z3)	parent(harry_potter, hermione_granger)	0
parent(Z10, Z11)	parent(Z10, lily_potter)	0
parent(charlie_weasley, Z2)	parent(charlie_weasley, petunia_dursley)	0
ancestor(fred_weasley, X)	ancestor(X, Y) :- parent(X, Y)	0
parent(Z0, Z1)	parent(Z0, alice_longbottom)	0
parent(james_sirius_potter, Z5)	parent(james_sirius_potter, frank_longbottom)	0
parent(george_weasley, Z7)	parent(george_weasley, james_potter)	0
parent(harry_potter, Z6)	parent(harry_potter, james_potter)	0
parent(fred_weasley, Z8)	parent(fred_weasley, frank_longbottom)	0
parent(neville_longbottom, Z3)	parent(neville_longbottom, ron_weasley)	0
parent(neville_longbottom, Z9)	parent(neville_longbottom, lily_potter)	0
parent(harry_potter, Z8)	parent(harry_potter, hermione_granger)	0
parent(fred_weasley, Z8)	parent(fred_weasley, alice_longbottom)	0
parent(albus_severus_potter, Z10)	parent(albus_severus_potter, xenophilius_lovegood)	0
parent(percy_weasley, Z10)	parent(percy_weasley, ginny_weasley)	0
muggleborn(X0)	muggleborn(sirius_black)	0
parent(neville_longbottom, Z4)	parent(neville_longbottom, alice_longbottom)	0
parent(charlie_weasley, Z7)	parent(charlie_weasley, hermione_granger)	0
parent(luna_lovegood, Z8)	parent(luna_lovegood, arthur_weasley)	0
half_blood(X0)	half_blood(draco_malfoy)	0
parent(rose_weasley, Z12)	parent(rose_weasley, arthur_weasley)	0
parent(neville_longbottom, Z11)	parent(neville_longbottom, molly_weasley)	0
parent(bill_weasley, Z4)	parent(bill_weasley, ron_weasley)	0
descendant(X, P)	descendant(X, Y) :- ancestor(Y, X)	0
parent(lily_luna_potter, Z7)	parent(lily_luna_potter, frank_longbottom)	0
parent(charlie_weasley, Z7)	parent(charlie_weasley, frank_longbottom)	0
ancestor(harry_potter, Y)	ancestor(X, Y) :- parent(X, Y)	0
parent(harry_potter, Z4)	parent(harry_potter, petunia_dursley)	0
parent(percy_weasley, Z7)	parent(percy_weasley, ginny_weasley)	0
parent(bill_weasley, Z7)	parent(bill_weasley, xenophilius_lovegood)	0
half_blood(X0)	half_blood(charlie_weasley)	0
parent(albus_severus_potter, Z11)	parent(albus_severus_potter, ron_weasley)	0
parent(Z9, Z10)	parent(Z9, petunia_dursley)	0
parent(hugo_weasley, Z9)	parent(hugo_weasley, xenophilius_lovegood)	0
parent(rose_weasley, Z12)	parent(rose_weasley, james_potter)	0
parent(percy_weasley, Z11)	parent(percy_weasley, harry_potter)	0
parent(draco_malfoy, Z12)	parent(draco_malfoy, lucius_malfoy)	0
parent(percy_weasley, Z7)	parent(percy_weasley, arthur_weasley)	0
parent(Z3, Z4)	parent(Z3, james_potter)	0
parent(bill_weasley, Z7)	parent(bill_weasley, arthur_weasley)	0
parent(ron_weasley, Z12)	parent(ron_weasley, narcissa_malfoy)	0
parent(charlie_weasley, Z8)	parent(charlie_weasley, petunia_dursley)	0
parent(george_weasley, Z9)	parent(george_weasley, alice_longbottom)	0
parent(rose_weasley, molly_weasley)	parent(rose_weasley, molly_weasley)	0
ancestor(lily_luna_potter, _EX4)	ancestor(X, Y) :- ancestor(Z, Y), parent(X, Z)	0
parent(rose_weasley, Z8)	parent(rose_weasley, molly_weasley)	0
parent(neville_longbottom, Z9)	parent(neville_longbottom, arthur_weasley)	0
parent(fred_weasley, Z3)	parent(fred_weasley, arthur_weasley)	0
parent(hugo_weasley, Z9)	parent(hugo_weasley, arthur_weasley)	0
ancestor(charlie_weasley, james_sirius_potter)	ancestor(X, Y) :- parent(X, Y)	0
parent(harry_potter, Z9)	parent(harry_potter, alice_longbottom)	0
parent(neville_longbottom, Z3)	parent(neville_longbottom, frank_longbottom)	0
parent(harry_potter, Z9)	parent(harry_potter, ron_weasley)	0
ancestor(percy_weasley, _EX5)	ancestor(X, Y) :- parent(X, Y)	0
ancestor(neville_longbottom, _EX5)	ancestor(X, Y) :- ancestor(Z, Y), parent(X, Z)	0
parent(fred_weasley, Z8)	parent(fred_weasley, ginny_weasley)	0
parent(hugo_weasley, Z4)	parent(hugo_weasley, narcissa_malfoy)	0
parent(ginny_weasley, Z10)	parent(ginny_weasley, harry_potter)	0
parent(draco_malfoy, Z3)	parent(draco_malfoy, lily_potter)	0
parent(ron_weasley, Z6)	parent(ron_weasley, harry_potter)	0
parent(ginny_weasley, Z3)	parent(ginny_weasley, frank_longbottom)	0
parent(ron_weasley, Z4)	parent(ron_weasley, ginny_weasley)	0
parent(charlie_weasley, arthur_weasley)	parent(charlie_weasley, arthur_weasley)	0
parent(draco_malfoy, Z8)	parent(draco_malfoy, petunia_dursley)	0
parent(neville_longbottom, Z12)	parent(neville_longbottom, lucius_malfoy)	0
parent(george_weasley, Z4)	parent(george_weasley, hermione_granger)	0
parent(lily_luna_potter, Z9)	parent(lily_luna_potter, frank_longbottom)	0
ancestor(bill_weasley, X)	ancestor(X, Y) :- ancestor(Z, Y), parent(X, Z)	0
parent(hugo_weasley, Z8)	parent(hugo_weasley, harry_potter)	0
parent(neville_longbottom, Z2)	parent(neville_longbottom, narcissa_malfoy)	0
parent(luna_lovegood, Z3)	parent(luna_lovegood, ron_weasley)	0
parent(hugo_weasley, Z2)	parent(hugo_weasley, ginny_weasley)	0
descendant(_EX4, james_potter)	descendant(X, Y) :- ancestor(Y, X)	0
parent(harry_potter, Z4)	parent(harry_potter, arthur_weasley)	0
parent(neville_longbottom, Z6)	parent(neville_longbottom, harry_potter)	0
parent(fred_weasley, Z7)	parent(fred_weasley, frank_longbottom)	0
parent(dudley_dursley, Z2)	parent(dudley_dursley, harry_potter)	0
parent(fred_weasley, Z2)	parent(fred_weasley, petunia_dursley)	0
parent(george_weasley, Z8)	parent(george_weasley, lucius_malfoy)	0
parent(harry_potter, Z3)	parent(harry_potter, molly_weasley)	0
parent(bill_weasley, Z7)	parent(bill_weasley, ginny_weasley)	0
parent(neville_longbottom, Z6)	parent(neville_longbottom, petunia_dursley)	0
parent(bill_weasley, Z2)	parent(bill_weasley, harry_potter)	0
ancestor(rose_weasley, P)	ancestor(X, Y) :- ancestor(Z, Y), parent(X, Z)	0
parent(albus_severus_potter, Z12)	parent(albus_severus_potter, harry_potter)	0
parent(percy_weasley, Z3)	parent(percy_weasley, frank_longbottom)	0
parent(harry_potter, Z9)	parent(harry_potter, xenophilius_lovegood)	0
ancestor(ron_weasley, X)	ancestor(X, Y) :- ancestor(Z, Y), parent(X, Z)	0
parent(lily_luna_potter, Z8)	parent(lily_luna_potter, alice_longbottom)	0
parent(albus_severus_potter, Z11)	parent(albus_severus_potter, alice_longbottom)	0
parent(Z8, Z9)	parent(Z8, xenophilius_lovegood)	0
parent(rose_weasley, Z12)	parent(rose_weasley, ginny_weasley)	0
parent(neville_longbottom, Z8)	parent(neville_longbottom, alice_longbottom)	0
parent(ginny_weasley, molly_weasley)	parent(ginny_weasley, molly_weasley)	0
ancestor(james_sirius_potter, Z)	ancestor(X, Y) :- ancestor(Z, Y), parent(X, Z)	0
parent(james_sirius_potter, Z10)	parent(james_sirius_potter, james_potter)	0
parent(charlie_weasley, lily_potter)	parent(charlie_weasley, lily_potter)	0
parent(percy_weasley, Z8)	parent(percy_weasley, lily_potter)	0
parent(neville_longbottom, Z10)	parent(neville_longbottom, molly_weasley)	0
parent(Z1, Z2)	parent(Z1, narcissa_malfoy)	0
parent(dudley_dursley, Z11)	parent(dudley_dursley, ginny_weasley)	0
parent(rose_weasley, Z9)	parent(rose_weasley, hermione_granger)	0
parent(albus_severus_potter, Z9)	parent(albus_severus_potter, harry_potter)	0
parent(draco_malfoy, molly_weasley)	parent(draco_malfoy, molly_weasley)	0
parent(albus_severus_potter, Z9)	parent(albus_severus_potter, james_potter)	0
parent(rose_weasley, Z12)	parent(rose_weasley, lily_potter)	0
parent(rose_weasley, Z4)	parent(rose_weasley, james_potter)	0
parent(harry_potter, Z10)	parent(harry_potter, narcissa_malfoy)	0
parent(dudley_dursley, Z11)	parent(dudley_dursley, molly_weasley)	0
parent(percy_weasley, Z3)	parent(percy_weasley, lucius_malfoy)	0
parent(harry_potter, Z11)	parent(harry_potter, ginny_weasley)	0
parent(albus_severus_potter, Z7)	parent(albus_severus_potter, arthur_weasley)	0
ancestor(james_potter, _EX4)	ancestor(X, Y) :- ancestor(Z, Y), parent(X, Z)	0
ancestor(luna_lovegood, _EX4)	ancestor(X, Y) :- ancestor(Z, Y), parent(X, Z)	0
ancestor(bill_weasley, _EX4)	ancestor(X, Y) :- ancestor(Z, Y), parent(X, Z)	0
parent(ron_weasley, Z4)	parent(ron_weasley, vernon_dursley)	0
parent(albus_severus_potter, Z2)	parent(albus_severus_potter, lucius_malfoy)	0
parent(rose_weasley, Z10)	parent(rose_weasley, molly_weasley)	0
ancestor(james_sirius_potter, X)	ancestor(X, Y) :- parent(X, Y)	0
parent(rose_weasley, Z6)	parent(rose_weasley, frank_longbottom)	0
parent(rose_weasley, james_potter)	parent(rose_weasley, james_potter)	0
parent(hugo_weasley, Z8)	parent(hugo_weasley, james_potter)	0
parent(george_weasley, Z7)	parent(george_weasley, frank_longbottom)	0
parent(Z7, molly_weasley)	parent(Z7, molly_weasley)	0
ancestor(james_sirius_potter, _EX3)	ancestor(X, Y) :- ancestor(Z, Y), parent(X, Z)	0
parent(hugo_weasley, Z2)	parent(hugo_weasley, hermione_granger)	0
parent(neville_longbottom, Z3)	parent(neville_longbottom, narcissa_malfoy)	0
ancestor(dudley_dursley, james_sirius_potter)	ancestor(X, Y) :- ancestor(Z, Y), parent(X, Z)	0
parent(ginny_weasley, Z12)	parent(ginny_weasley, narcissa_malfoy)	0
parent(george_weasley, Z11)	parent(george_weasley, petunia_dursley)	0
parent(percy_weasley, Z11)	parent(percy_weasley, james_potter)	0
parent(hugo_weasley, Z4)	parent(hugo_weasley, alice_longbottom)	0
parent(ginny_weasley, Z9)	parent(ginny_weasley, vernon_dursley)	0
parent(P, Z1)	parent(P, molly_weasley)	0
parent(dudley_dursley, Z4)	parent(dudley_dursley, frank_longbottom)	0
parent(albus_severus_potter, Z9)	parent(albus_severus_potter, vernon_dursley)	0
parent(percy_weasley, Z7)	parent(percy_weasley, narcissa_malfoy)	0
parent(ginny_weasley, Z11)	parent(ginny_weasley, alice_longbottom)	0
parent(charlie_weasley, Z12)	parent(charlie_weasley, hermione_granger)	0
parent(draco_malfoy, Z8)	parent(draco_malfoy, hermione_granger)	0
parent(james_sirius_potter, Z5)	parent(james_sirius_potter, lily_potter)	0
parent(harry_potter, lily_potter)	parent(harry_potter, lily_potter)	0
parent(draco_malfoy, Z4)	parent(draco_malfoy, hermione_granger)	0
parent(ron_weasley, Z3)	parent(ron_weasley, lucius_malfoy)	0
parent(neville_longbottom, Z3)	parent(neville_longbottom, hermione_granger)	0
parent(dudley_dursley, james_potter)	parent(dudley_dursley, james_potter)	0
parent(draco_malfoy, Z10)	parent(draco_malfoy, lily_potter)	0
parent(dudley_dursley, Z7)	parent(dudley_dursley, james_potter)	0
ancestor(ron_weasley, _EX4)	ancestor(X, Y) :- ancestor(Z, Y), parent(X, Z)	0
parent(luna_lovegood, Z9)	parent(luna_lovegood, frank_longbottom)	0
parent(james_sirius_potter, Z3)	parent(james_sirius_potter, harry_potter)	0
parent(fred_weasley, Z2)	parent(fred_weasley, lucius_malfoy)	0
parent(lily_luna_potter, Z8)	parent(lily_luna_potter, ginny_weasley)	0
parent(fred_weasley, Z9)	parent(fred_weasley, narcissa_malfoy)	0
ancestor(ginny_weasley, P)	ancestor(X, Y) :- ancestor(Z, Y), parent(X, Z)	0
parent(harry_potter, Z0)	parent(harry_potter, lucius_malfoy)	0
parent(percy_weasley, Z10)	parent(percy_weasley, ron_weasley)	0
parent(fred_weasley, Z8)	parent(fred_weasley, arthur_weasley)	0
parent(percy_weasley, Z9)	parent(percy_weasley, petunia_dursley)	0
parent(Z10, Z11)	parent(Z10, hermione_granger)	0
parent(draco_malfoy, Z7)	parent(draco_malfoy, hermione_granger)	0
parent(luna_lovegood, Z2)	parent(luna_lovegood, james_potter)	0
parent(albus_severus_potter, Z3)	parent(albus_severus_potter, ron_weasley)	0
ancestor(hugo_weasley, neville_longbottom)	ancestor(X, Y) :- ancestor(Z, Y), parent(X, Z)	0
parent(ron_weasley, Z11)	parent(ron_weasley, harry_potter)	0
parent(lily_luna_potter, Z4)	parent(lily_luna_potter, alice_longbottom)	0
parent(hugo_weasley, Z2)	parent(hugo_weasley, lucius_malfoy)	0
parent(Z4, james_potter)	parent(Z4, james_potter)	0
ancestor(ginny_weasley, Z)	ancestor(X, Y) :- ancestor(Z, Y), parent(X, Z)	0
parent(percy_weasley, Z7)	parent(percy_weasley, alice_longbottom)	0
parent(albus_severus_potter, Z7)	parent(albus_severus_potter, lucius_malfoy)	0
parent(charlie_weasley, Z8)	parent(charlie_weasley, lucius_malfoy)	0
half_blood(X0)	half_blood(alice_longbottom)	0
parent(charlie_weasley, Z2)	parent(charlie_weasley, narcissa_malfoy)	0
parent(hugo_weasley, Z10)	parent(hugo_weasley, ron_weasley)	0
parent(draco_malfoy, Z4)	parent(draco_malfoy, james_potter)	0
parent(neville_longbottom, Z9)	parent(neville_longbottom, molly_weasley)	0
parent(_EX3, Z1)	parent(_EX3, hermione_granger)	0
parent(lily_luna_potter, Z2)	parent(lily_luna_potter, molly_weasley)	0
parent(george_weasley, Z12)	parent(george_weasley, xenophilius_lovegood)	0
parent(george_weasley, Z5)	parent(george_weasley, ginny_weasley)	0
parent(bill_weasley, Z10)	parent(bill_weasley, lucius_malfoy)	0
parent(luna_lovegood, Z12)	parent(luna_lovegood, petunia_dursley)	0
parent(rose_weasley, Z8)	parent(rose_weasley, ginny_weasley)	0
parent(Z9, lily_potter)	parent(Z9, lily_potter)	0
parent(ron_weasley, Z8)	parent(ron_weasley, harry_potter)	0
parent(draco_malfoy, Z2)	parent(draco_malfoy, vernon_dursley)	0
parent(Z4, Z5)	parent(Z4, petunia_dursley)	0
parent(percy_weasley, james_potter)	parent(percy_weasley, james_potter)	0
muggleborn(X0)	muggleborn(nagini)	0
parent(hugo_weasley, Z11)	parent(hugo_weasley, james_potter)	0
parent(dudley_dursley, Z12)	parent(dudley_dursley, alice_longbottom)	0
parent(ron_weasley, Z11)	parent(ron_weasley, frank_longbottom)	0
parent(ginny_weasley, Z3)	parent(ginny_weasley, ron_weasley)	0
parent(Z8, arthur_weasley)	parent(Z8, arthur_weasley)	0
parent(draco_malfoy, Z4)	parent(draco_malfoy, arthur_weasley)	0
parent(percy_weasley, Z12)	parent(percy_weasley, ginny_weasley)	0
parent(rose_weasley, Z10)	parent(rose_weasley, arthur_weasley)	0
parent(albus_severus_potter, Z10)	parent(albus_severus_potter, harry_potter)	0
parent(charlie_weasley, Z6)	parent(charlie_weasley, vernon_dursley)	0
parent(percy_weasley, Z12)	parent(percy_weasley, arthur_weasley)	0
half_blood(X0)	half_blood(nymphadora_tonks)	0
parent(Z5, Z6)	parent(Z5, molly_weasley)	0
parent(ginny_weasley, Z7)	parent(ginny_weasley, molly_weasley)	0
parent(james_sirius_potter, Z11)	parent(james_sirius_potter, narcissa_malfoy)	0
parent(neville_longbottom, Z12)	parent(neville_longbottom, xenophilius_lovegood)	0
parent(rose_weasley, Z10)	parent(rose_weasley, james_potter)	0
parent(hugo_weasley, Z8)	parent(hugo_weasley, ron_weasley)	0
parent(charlie_weasley, Z3)	parent(charlie_weasley, lucius_malfoy)	0
parent(rose_weasley, Z7)	parent(rose_weasley, narcissa_malfoy)	0
parent(ron_weasley, Z6)	parent(ron_weasley, lucius_malfoy)	0
parent(draco_malfoy, Z10)	parent(draco_malfoy, vernon_dursley)	0
ancestor(percy_weasley, neville_longbottom)	ancestor(X, Y) :- parent(X, Y)	0
parent(ron_weasley, Z2)	parent(ron_weasley, harry_potter)	0
parent(percy_weasley, Z8)	parent(percy_weasley, molly_weasley)	0
parent(ginny_weasley, Z7)	parent(ginny_weasley, ginny_weasley)	0
parent(rose_weasley, Z9)	parent(rose_weasley, ron_weasley)	0
parent(rose_weasley, Z7)	parent(rose_weasley, james_potter)	0
parent(bill_weasley, Z2)	parent(bill_weasley, hermione_granger)	0
witch(narcissa_malfoy)	witch(X) :- female(X), muggleborn(X)	0
parent(ron_weasley, Z10)	parent(ron_weasley, harry_potter)	0
parent(percy_weasley, Z6)	parent(percy_weasley, petunia_dursley)	0
parent(albus_severus_potter, Z4)	parent(albus_severus_potter, arthur_weasley)	0
half_blood(X0)	half_blood(james_sirius_potter)	0
parent(ginny_weasley, Z10)	parent(ginny_weasley, lucius_malfoy)	0
parent(dudley_dursley, Z9)	parent(dudley_dursley, ginny_weasley)	0
parent(ron_weasley, Z4)	parent(ron_weasley, narcissa_malfoy)	0
parent(draco_malfoy, Z3)	parent(draco_malfoy, xenophilius_lovegood)	0
ancestor(P, Z)	ancestor(X, Y) :- parent(X, Y)	0
parent(neville_longbottom, Z4)	parent(neville_longbottom, frank_longbottom)	0
parent(Z9, Z10)	parent(Z9, lucius_malfoy)	0
parent(bill_weasley, Z12)	parent(bill_weasley, harry_potter)	0
parent(charlie_weasley, Z11)	parent(charlie_weasley, lucius_malfoy)	0
parent(albus_severus_potter, Z9)	parent(albus_severus_potter, arthur_weasley)	0
parent(harry_potter, Z9)	parent(harry_potter, arthur_weasley)	0
parent(hugo_weasley, Z9)	parent(hugo_weasley, hermione_granger)	0
parent(draco_malfoy, Z11)	parent(draco_malfoy, harry_potter)	0
ancestor(hugo_weasley, P)	ancestor(X, Y) :- ancestor(Z, Y), parent(X, Z)	0
parent(draco_malfoy, Z4)	parent(draco_malfoy, narcissa_malfoy)	0
parent(hugo_weasley, Z10)	parent(hugo_weasley, frank_longbottom)	0
ancestor(percy_weasley, _EX3)	ancestor(X, Y) :- ancestor(Z, Y), parent(X, Z)	0
parent(Z8, Z9)	parent(Z8, hermione_granger)	0
ancestor(luna_lovegood, Z)	ancestor(X, Y) :- ancestor(Z, Y), parent(X, Z)	0
parent(ginny_weasley, Z9)	parent(ginny_weasley, harry_potter)	0
parent(dudley_dursley, Z4)	parent(dudley_dursley, ginny_weasley)	0
parent(ron_weasley, Z3)	parent(ron_weasley, xenophilius_lovegood)	0
parent(rose_weasley, Z9)	parent(rose_weasley, lucius_malfoy)	0
parent(dudley_dursley, Z12)	parent(dudley_dursley, james_potter)	0
ancestor(ron_weasley, X)	ancestor(X, Y) :- parent(X, Y)	0
parent(rose_weasley, Z9)	parent(rose_weasley, xenophilius_lovegood)	0
parent(ginny_weasley, Z9)	parent(ginny_weasley, arthur_weasley)	0
parent(luna_lovegood, lily_potter)	parent(luna_lovegood, lily_potter)	0
parent(hugo_weasley, Z6)	parent(hugo_weasley, ginny_weasley)	0
parent(percy_weasley, Z10)	parent(percy_weasley, frank_longbottom)	0
parent(james_sirius_potter, Z5)	parent(james_sirius_potter, narcissa_malfoy)	0
parent(draco_malfoy, Z10)	parent(draco_malfoy, petunia_dursley)	0
ancestor(james_sirius_potter, Z)	ancestor(X, Y) :- parent(X, Y)	0
parent(ginny_weasley, Z11)	parent(ginny_weasley, narcissa_malfoy)	0
parent(dudley_dursley, Z4)	parent(dudley_dursley, molly_weasley)	0
parent(percy_weasley, Z9)	parent(percy_weasley, alice_longbottom)	0
parent(ron_weasley, Z4)	parent(ron_weasley, arthur_weasley)	0
pure_blood(X0)	pure_blood(lily_luna_potter)	0
ancestor(albus_severus_potter, _EX5)	ancestor(X, Y) :- parent(X, Y)	0
parent(rose_weasley, Z6)	parent(rose_weasley, narcissa_malfoy)	0
parent(george_weasley, Z7)	parent(george_weasley, molly_weasley)	0
parent(percy_weasley, Z9)	parent(percy_weasley, ron_weasley)	0
parent(hugo_weasley, Z9)	parent(hugo_weasley, harry_potter)	0
parent(neville_longbottom, Z3)	parent(neville_longbottom, vernon_dursley)	0
parent(charlie_weasley, Z9)	parent(charlie_weasley, vernon_dursley)	0
parent(ginny_weasley, Z12)	parent(ginny_weasley, molly_weasley)	0
parent(rose_weasley, Z10)	parent(rose_weasley, ginny_weasley)	0
parent(harry_potter, Z12)	parent(harry_potter, hermione_granger)	0
parent(Z2, Z3)	parent(Z2, petunia_dursley)	0
parent(charlie_weasley, Z6)	parent(charlie_weasley, alice_longbottom)	0
parent(albus_severus_potter, Z11)	parent(albus_severus_potter, lucius_malfoy)	0
pure_blood(X0)	pure_blood(padma_patil)	0
parent(lily_luna_potter, Z9)	parent(lily_luna_potter, alice_longbottom)	0
parent(james_sirius_potter, Z11)	parent(james_sirius_potter, harry_potter)	0
parent(ron_weasley, Z9)	parent(ron_weasley, harry_potter)	0
half_blood(X0)	half_blood(regulus_black)	0
ancestor(luna_lovegood, _EX4)	ancestor(X, Y) :- parent(X, Y)	0
ancestor(bill_weasley, _EX4)	ancestor(X, Y) :- parent(X, Y)	0
parent(george_weasley, Z9)	parent(george_weasley, lucius_malfoy)	0
parent(hugo_weasley, Z4)	parent(hugo_weasley, xenophilius_lovegood)	0
ancestor(ginny_weasley, neville_longbottom)	ancestor(X, Y) :- ancestor(Z, Y), parent(X, Z)	0
parent(bill_weasley, Z12)	parent(bill_weasley, xenophilius_lovegood)	0
parent(Z9, Z10)	parent(Z9, narcissa_malfoy)	0
parent(luna_lovegood, Z11)	parent(luna_lovegood, molly_weasley)	0
parent(ginny_weasley, Z12)	parent(ginny_weasley, james_potter)	0
parent(rose_weasley, Z10)	parent(rose_weasley, lily_potter)	0
parent(fred_weasley, Z3)	parent(fred_weasley, hermione_granger)	0
parent(draco_malfoy, Z6)	parent(draco_malfoy, james_potter)	0
parent(_EX3, Z1)	parent(_EX3, james_potter)	0
parent(rose_weasley, Z4)	parent(rose_weasley, molly_weasley)	0
parent(ginny_weasley, Z9)	parent(ginny_weasley, frank_longbottom)	0
parent(Z3, Z4)	parent(Z3, lily_potter)	0
parent(Z8, james_potter)	parent(Z8, james_potter)	0
parent(dudley_dursley, Z3)	parent(dudley_dursley, alice_longbottom)	0
parent(Z3, arthur_weasley)	parent(Z3, arthur_weasley)	0
parent(hugo_weasley, Z4)	parent(hugo_weasley, arthur_weasley)	0
parent(luna_lovegood, Z11)	parent(luna_lovegood, arthur_weasley)	0
parent(neville_longbottom, Z12)	parent(neville_longbottom, vernon_dursley)	0
ancestor(P, james_sirius_potter)	ancestor(X, Y) :- ancestor(Z, Y), parent(X, Z)	0
parent(harry_potter, Z11)	parent(harry_potter, harry_potter)	0
parent(draco_malfoy, Z9)	parent(draco_malfoy, james_potter)	0
parent(draco_malfoy, Z11)	parent(draco_malfoy, vernon_dursley)	0
parent(luna_lovegood, Z11)	parent(luna_lovegood, petunia_dursley)	0
parent(ron_weasley, Z7)	parent(ron_weasley, james_potter)	0
muggleborn(X0)	muggleborn(neville_longbottom)	0
parent(hugo_weasley, Z11)	parent(hugo_weasley, hermione_granger)	0
parent(harry_potter, Z6)	parent(harry_potter, ron_weasley)	0
ancestor(neville_longbottom, Y)	ancestor(X, Y) :- ancestor(Z, Y), parent(X, Z)	0
parent(_EX3, Z1)	parent(_EX3, vernon_dursley)	0
parent(luna_lovegood, james_potter)	parent(luna_lovegood, james_potter)	0
parent(fred_weasley, Z3)	parent(fred_weasley, vernon_dursley)	0
muggleborn(X0)	muggleborn(severus_snape)	0
parent(hugo_weasley, Z6)	parent(hugo_weasley, hermione_granger)	0
half_blood(X0)	half_blood(ginny_weasley)	0
parent(percy_weasley, Z4)	parent(percy_weasley, harry_potter)	0
parent(fred_weasley, Z10)	parent(fred_weasley, harry_potter)	0
parent(ginny_weasley, Z10)	parent(ginny_weasley, petunia_dursley)	0
parent(harry_potter, Z2)	parent(harry_potter, ginny_weasley)	0
parent(harry_potter, Z11)	parent(harry_potter, petunia_dursley)	0
parent(charlie_weasley, Z10)	parent(charlie_weasley, lucius_malfoy)	0
parent(luna_lovegood, Z12)	parent(luna_lovegood, alice_longbottom)	0
muggleborn(X0)	muggleborn(rose_weasley)	0
parent(charlie_weasley, Z9)	parent(charlie_weasley, ron_weasley)	0
parent(ron_weasley, Z3)	parent(ron_weasley, vernon_dursley)	0
parent(percy_weasley, Z6)	parent(percy_weasley, alice_longbottom)	0
parent(hugo_weasley, Z12)	parent(hugo_weasley, james_potter)	0
ancestor(harry_potter, X)	ancestor(X, Y) :- parent(X, Y)	0
parent(bill_weasley, Z11)	parent(bill_weasley, petunia_dursley)	0
parent(luna_lovegood, Z3)	parent(luna_lovegood, narcissa_malfoy)	0
parent(george_weasley, Z8)	parent(george_weasley, vernon_dursley)	0
parent(luna_lovegood, Z2)	parent(luna_lovegood, ron_weasley)	0
member_of(X0, death_eaters)	member_of(harry_potter, death_eaters)	0
ancestor(ginny_weasley, P)	ancestor(X, Y) :- parent(X, Y)	0
parent(hugo_weasley, Z8)	parent(hugo_weasley, alice_longbottom)	0
parent(dudley_dursley, Z2)	parent(dudley_dursley, alice_longbottom)	0
parent(harry_potter, Z10)	parent(harry_potter, molly_weasley)	0
parent(bill_weasley, Z9)	parent(bill_weasley, lily_potter)	0
parent(charlie_weasley, Z2)	parent(charlie_weasley, molly_weasley)	0
parent(albus_severus_potter, Z10)	parent(albus_severus_potter, arthur_weasley)	0
parent(neville_longbottom, Z11)	parent(neville_longbottom, xenophilius_lovegood)	0
parent(fred_weasley, Z2)	parent(fred_weasley, molly_weasley)	0
ancestor(hugo_weasley, neville_longbottom)	ancestor(X, Y) :- parent(X, Y)	0
parent(james_sirius_potter, Z12)	parent(james_sirius_potter, molly_weasley)	0
parent(dudley_dursley, Z12)	parent(dudley_dursley, xenophilius_lovegood)	0
parent(draco_malfoy, Z8)	parent(draco_malfoy, molly_weasley)	0
parent(neville_longbottom, Z3)	parent(neville_longbottom, molly_weasley)	0
parent(ron_weasley, Z7)	parent(ron_weasley, alice_longbottom)	0
ancestor(james_sirius_potter, james_sirius_potter)	ancestor(X, Y) :- ancestor(Z, Y), parent(X, Z)	0
parent(neville_longbottom, Z8)	parent(neville_longbottom, ginny_weasley)	0
parent(draco_malfoy, Z6)	parent(draco_malfoy, narcissa_malfoy)	0
parent(ginny_weasley, Z10)	parent(ginny_weasley, hermione_granger)	0
parent(P, Z1)	parent(P, xenophilius_lovegood)	0
parent(lily_luna_potter, Z9)	parent(lily_luna_potter, ginny_weasley)	0
parent(charlie_weasley, Z7)	parent(charlie_weasley, harry_potter)	0
parent(albus_severus_potter, Z3)	parent(albus_severus_potter, arthur_weasley)	0
parent(ron_weasley, Z12)	parent(ron_weasley, james_potter)	0
parent(ginny_weasley, Z3)	parent(ginny_weasley, lily_potter)	0
parent(luna_lovegood, Z11)	parent(luna_lovegood, vernon_dursley)	0
ancestor(fred_weasley, Z)	ancestor(X, Y) :- ancestor(Z, Y), parent(X, Z)	0
parent(fred_weasley, Z2)	parent(fred_weasley, alice_longbottom)	0
parent(Z1, james_potter)	parent(Z1, james_potter)	0
parent(james_sirius_potter, Z3)	parent(james_sirius_potter, narcissa_malfoy)	0
enemy(peter_pettigrew, _EX1)	enemy(X, Y) :- member_of(X, order_of_the_phoenix), member_of(Y, death_eaters)	0
parent(harry_potter, Z12)	parent(harry_potter, molly_weasley)	0
parent(lily_luna_potter, Z3)	parent(lily_luna_potter, ron_weasley)	0
parent(percy_weasley, Z7)	parent(percy_weasley, harry_potter)	0
parent(draco_malfoy, Z9)	parent(draco_malfoy, narcissa_malfoy)	0
parent(bill_weasley, Z3)	parent(bill_weasley, narcissa_malfoy)	0
parent(harry_potter, Z11)	parent(harry_potter, arthur_weasley)	0
parent(dudley_dursley, Z11)	parent(dudley_dursley, james_potter)	0
parent(draco_malfoy, Z7)	parent(draco_malfoy, molly_weasley)	0
parent(albus_severus_potter, Z4)	parent(albus_severus_potter, james_potter)	0
parent(rose_weasley, Z7)	parent(rose_weasley, ron_weasley)	0
parent(bill_weasley, Z7)	parent(bill_weasley, narcissa_malfoy)	0
parent(ron_weasley, lily_potter)	parent(ron_weasley, lily_potter)	0
ancestor(harry_potter, Z)	ancestor(X, Y) :- ancestor(Z, Y), parent(X, Z)	0
parent(lily_luna_potter, Z10)	parent(lily_luna_potter, petunia_dursley)	0
parent(fred_weasley, Z8)	parent(fred_weasley, narcissa_malfoy)	0
ancestor(draco_malfoy, Y)	ancestor(X, Y) :- ancestor(Z, Y), parent(X, Z)	0
parent(harry_potter, Z0)	parent(harry_potter, ginny_weasley)	0
enemy(_EX4, seamus_finnigan)	enemy(X, Y) :- member_of(X, order_of_the_phoenix), member_of(Y, death_eaters)	0
enemy(_EX0, draco_malfoy)	enemy(X, Y) :- member_of(X, death_eaters), member_of(Y, dumbledores_army)	0
parent(ron_weasley, Z12)	parent(ron_weasley, alice_longbottom)	0
parent(neville_longbottom, Z6)	parent(neville_longbottom, james_potter)	0
parent(hugo_weasley, Z11)	parent(hugo_weasley, alice_longbottom)	0
parent(rose_weasley, Z6)	parent(rose_weasley, alice_longbottom)	0
parent(Z11, Z12)	parent(Z11, james_potter)	0
parent(neville_longbottom, Z7)	parent(neville_longbottom, arthur_weasley)	0
half_blood(X0)	half_blood(molly_weasley)	0
parent(bill_weasley, Z11)	parent(bill_weasley, lily_potter)	0
parent(rose_weasley, Z8)	parent(rose_weasley, hermione_granger)	0
parent(neville_longbottom, Z6)	parent(neville_longbottom, narcissa_malfoy)	0
parent(bill_weasley, Z2)	parent(bill_weasley, arthur_weasley)	0
ancestor(fred_weasley, neville_longbottom)	ancestor(X, Y) :- parent(X, Y)	0
parent(dudley_dursley, Z8)	parent(dudley_dursley, james_potter)	0
parent(albus_severus_potter, Z4)	parent(albus_severus_potter, vernon_dursley)	0
ancestor(luna_lovegood, _EX5)	ancestor(X, Y) :- ancestor(Z, Y), parent(X, Z)	0
parent(hugo_weasley, james_potter)	parent(hugo_weasley, james_potter)	0
parent(luna_lovegood, Z9)	parent(luna_lovegood, harry_potter)	0
parent(fred_weasley, Z11)	parent(fred_weasley, narcissa_malfoy)	0
parent(rose_weasley, Z7)	parent(rose_weasley, xenophilius_lovegood)	0
parent(james_sirius_potter, Z10)	parent(james_sirius_potter, molly_weasley)	0
half_blood(X0)	half_blood(dudley_dursley)	0
parent(neville_longbottom, Z10)	parent(neville_longbottom, ron_weasley)	0
parent(dudley_dursley, Z7)	parent(dudley_dursley, molly_weasley)	0
ancestor(hugo_weasley, james_sirius_potter)	ancestor(X, Y) :- ancestor(Z, Y), parent(X, Z)	0
muggleborn(X0)	muggleborn(cho_chang)	0
parent(luna_lovegood, Z12)	parent(luna_lovegood, ron_weasley)	0
parent(luna_lovegood, Z11)	parent(luna_lovegood, xenophilius_lovegood)	0
ancestor(luna_lovegood, Z)	ancestor(X, Y) :- parent(X, Y)	0
parent(dudley_dursley, Z8)	parent(dudley_dursley, hermione_granger)	0
parent(lily_luna_potter, Z12)	parent(lily_luna_potter, alice_longbottom)	0
parent(lily_luna_potter, Z9)	parent(lily_luna_potter, ron_weasley)	0
parent(percy_weasley, Z11)	parent(percy_weasley, lucius_malfoy)	0
parent(hugo_weasley, Z9)	parent(hugo_weasley, ron_weasley)	0
parent(albus_severus_potter, Z3)	parent(albus_severus_potter, lucius_malfoy)	0
parent(charlie_weasley, Z9)	parent(charlie_weasley, hermione_granger)	0
parent(draco_malfoy, Z2)	parent(draco_malfoy, frank_longbottom)	0
parent(charlie_weasley, Z6)	parent(charlie_weasley, arthur_weasley)	0
half_blood(X0)	half_blood(sybill_trelawney)	0
parent(james_sirius_potter, Z5)	parent(james_sirius_potter, arthur_weasley)	0
ancestor(lily_luna_potter, Z)	ancestor(X, Y) :- ancestor(Z, Y), parent(X, Z)	0
parent(hugo_weasley, Z7)	parent(hugo_weasley, molly_weasley)	0
parent(bill_weasley, Z9)	parent(bill_weasley, lucius_malfoy)	0
parent(lily_luna_potter, Z3)	parent(lily_luna_potter, vernon_dursley)	0
parent(dudley_dursley, Z7)	parent(dudley_dursley, petunia_dursley)	0
ancestor(draco_malfoy, _EX3)	ancestor(X, Y) :- ancestor(Z, Y), parent(X, Z)	0
parent(lily_luna_potter, Z2)	parent(lily_luna_potter, lily_potter)	0
parent(Z1, Z2)	parent(Z1, petunia_dursley)	0
parent(ginny_weasley, Z11)	parent(ginny_weasley, xenophilius_lovegood)	0
parent(fred_weasley, Z12)	parent(fred_weasley, frank_longbottom)	0
parent(percy_weasley, Z8)	parent(percy_weasley, arthur_weasley)	0
muggleborn(X0)	muggleborn(nymphadora_tonks)	0
parent(fred_weasley, Z8)	parent(fred_weasley, petunia_dursley)	0
parent(hugo_weasley, Z9)	parent(hugo_weasley, petunia_dursley)	0
parent(james_sirius_potter, james_potter)	parent(james_sirius_potter, james_potter)	0
parent(ron_weasley, Z9)	parent(ron_weasley, lucius_malfoy)	0
parent(fred_weasley, Z3)	parent(fred_weasley, xenophilius_lovegood)	0
parent(george_weasley, Z10)	parent(george_weasley, vernon_dursley)	0
parent(james_sirius_potter, Z10)	parent(james_sirius_potter, alice_longbottom)	0
parent(percy_weasley, Z3)	parent(percy_weasley, vernon_dursley)	0
parent(ginny_weasley, Z3)	parent(ginny_weasley, molly_weasley)	0
parent(percy_weasley, Z10)	parent(percy_weasley, molly_weasley)	0
parent(ron_weasley, Z7)	parent(ron_weasley, hermione_granger)	0
parent(luna_lovegood, Z12)	parent(luna_lovegood, arthur_weasley)	0
parent(draco_malfoy, Z10)	parent(draco_malfoy, frank_longbottom)	0
parent(ron_weasley, Z11)	parent(ron_weasley, ginny_weasley)	0
ancestor(luna_lovegood, neville_longbottom)	ancestor(X, Y) :- ancestor(Z, Y), parent(X, Z)	0
parent(harry_potter, Z0)	parent(harry_potter, ron_weasley)	0
parent(neville_longbottom, Z10)	parent(neville_longbottom, frank_longbottom)	0
parent(fred_weasley, Z7)	parent(fred_weasley, narcissa_malfoy)	0
parent(rose_weasley, Z6)	parent(rose_weasley, molly_weasley)	0
parent(neville_longbottom, Z11)	parent(neville_longbottom, narcissa_malfoy)	0
ancestor(luna_lovegood, P)	ancestor(X, Y) :- ancestor(Z, Y), parent(X, Z)	0
parent(dudley_dursley, Z11)	parent(dudley_dursley, xenophilius_lovegood)	0
parent(james_sirius_potter, Z11)	parent(james_sirius_potter, lucius_malfoy)	0
parent(ginny_weasley, Z3)	parent(ginny_weasley, james_potter)	0
ancestor(draco_malfoy, P)	ancestor(X, Y) :- ancestor(Z, Y), parent(X, Z)	0
parent(Z1, Z2)	parent(Z1, alice_longbottom)	0
enemy(harry_potter, _EX1)	enemy(X, Y) :- member_of(X, death_eaters), member_of(Y, dumbledores_army)	0
parent(lily_luna_potter, Z12)	parent(lily_luna_potter, molly_weasley)	0
parent(bill_weasley, Z8)	parent(bill_weasley, narcissa_malfoy)	0
parent(luna_lovegood, Z9)	parent(luna_lovegood, james_potter)	0
parent(james_sirius_potter, Z5)	parent(james_sirius_potter, hermione_granger)	0
parent(ron_weasley, Z3)	parent(ron_weasley, arthur_weasley)	0
parent(ginny_weasley, Z8)	parent(ginny_weasley, petunia_dursley)	0
ancestor(george_weasley, P)	ancestor(X, Y) :- ancestor(Z, Y), parent(X, Z)	0
parent(percy_weasley, Z2)	parent(percy_weasley, james_potter)	0
muggleborn(X0)	muggleborn(hugo_weasley)	0
parent(james_sirius_potter, Z9)	parent(james_sirius_potter, molly_weasley)	0
parent(hugo_weasley, Z10)	parent(hugo_weasley, petunia_dursley)	0
ancestor(P, james_sirius_potter)	ancestor(X, Y) :- parent(X, Y)	0
parent(hugo_weasley, Z11)	parent(hugo_weasley, frank_longbottom)	0
parent(neville_longbottom, Z11)	parent(neville_longbottom, hermione_granger)	0
parent(ginny_weasley, Z6)	parent(ginny_weasley, lucius_malfoy)	0
parent(hugo_weasley, Z8)	parent(hugo_weasley, xenophilius_lovegood)	0
parent(dudley_dursley, Z2)	parent(dudley_dursley, xenophilius_lovegood)	0
muggleborn(X0)	muggleborn(seamus_finnigan)	0
parent(albus_severus_potter, arthur_weasley)	parent(albus_severus_potter, arthur_weasley)	0
parent(ginny_weasley, Z8)	parent(ginny_weasley, arthur_weasley)	0
parent(harry_potter, Z0)	parent(harry_potter, xenophilius_lovegood)	0
half_blood(X0)	half_blood(nagini)	0
parent(hugo_weasley, Z4)	parent(hugo_weasley, lily_potter)	0
ancestor(albus_severus_potter, _EX4)	ancestor(X, Y) :- parent(X, Y)	0
parent(_EX3, Z1)	parent(_EX3, lily_potter)	0
parent(Z2, Z3)	parent(Z2, lily_potter)	0
parent(bill_weasley, Z7)	parent(bill_weasley, vernon_dursley)	0
enemy(molly_weasley, _EX2)	enemy(X, Y) :- member_of(X, death_eaters), member_of(Y, dumbledores_army)	0
parent(Z11, Z12)	parent(Z11, xenophilius_lovegood)	0
muggleborn(X0)	muggleborn(horace_slughorn)	0
parent(Z3, Z4)	parent(Z3, petunia_dursley)	0
parent(charlie_weasley, Z9)	parent(charlie_weasley, james_potter)	0
parent(charlie_weasley, Z6)	parent(charlie_weasley, xenophilius_lovegood)	0
parent(neville_longbottom, Z10)	parent(neville_longbottom, alice_longbottom)	0
parent(ginny_weasley, Z8)	parent(ginny_weasley, hermione_granger)	0
parent(luna_lovegood, Z8)	parent(luna_lovegood, lucius_malfoy)	0
parent(dudley_dursley, Z9)	parent(dudley_dursley, james_potter)	0
parent(Z6, Z7)	parent(Z6, lily_potter)	0
parent(harry_potter, Z3)	parent(harry_potter, vernon_dursley)	0
parent(luna_lovegood, Z12)	parent(luna_lovegood, vernon_dursley)	0
parent(ron_weasley, Z10)	parent(ron_weasley, ginny_weasley)	0
parent(draco_malfoy, Z6)	parent(draco_malfoy, lily_potter)	0
parent(charlie_weasley, Z7)	parent(charlie_weasley, petunia_dursley)	0
parent(charlie_weasley, Z6)	parent(charlie_weasley, ginny_weasley)	0
parent(Z1, Z2)	parent(Z1, lucius_malfoy)	0
parent(charlie_weasley, Z12)	parent(charlie_weasley, vernon_dursley)	0
parent(percy_weasley, Z6)	parent(percy_weasley, harry_potter)	0
parent(draco_malfoy, Z12)	parent(draco_malfoy, james_potter)	0
parent(george_weasley, Z7)	parent(george_weasley, ginny_weasley)	0
parent(lily_luna_potter, Z10)	parent(lily_luna_potter, harry_potter)	0
muggleborn(X0)	muggleborn(harry_potter)	0
parent(percy_weasley, Z7)	parent(percy_weasley, xenophilius_lovegood)	0
parent(fred_weasley, Z2)	parent(fred_weasley, arthur_weasley)	0
parent(dudley_dursley, Z4)	parent(dudley_dursley, james_potter)	0
parent(ginny_weasley, Z8)	parent(ginny_weasley, frank_longbottom)	0
parent(P, Z0)	parent(P, lily_potter)	0
parent(ron_weasley, Z8)	parent(ron_weasley, vernon_dursley)	0
parent(fred_weasley, Z3)	parent(fred_weasley, petunia_dursley)	0
parent(charlie_weasley, Z2)	parent(charlie_weasley, arthur_weasley)	0
parent(harry_potter, Z2)	parent(harry_potter, petunia_dursley)	0
parent(dudley_dursley, Z4)	parent(dudley_dursley, hermione_granger)	0
parent(dudley_dursley, Z6)	parent(dudley_dursley, frank_longbottom)	0
parent(Z1, Z2)	parent(Z1, lily_potter)	0
parent(draco_malfoy, Z12)	parent(draco_malfoy, harry_potter)	0
ancestor(dudley_dursley, P)	ancestor(X, Y) :- ancestor(Z, Y), parent(X, Z)	0
parent(lily_luna_potter, Z7)	parent(lily_luna_potter, ginny_weasley)	0
parent(harry_potter, Z12)	parent(harry_potter, frank_longbottom)	0
parent(ginny_weasley, Z12)	parent(ginny_weasley, frank_longbottom)	0
ancestor(percy_weasley, _EX5)	ancestor(X, Y) :- ancestor(Z, Y), parent(X, Z)	0
parent(harry_potter, Z8)	parent(harry_potter, frank_longbottom)	0
ancestor(ginny_weasley, _EX5)	ancestor(X, Y) :- ancestor(Z, Y), parent(X, Z)	0
parent(neville_longbottom, Z10)	parent(neville_longbottom, narcissa_malfoy)	0
parent(george_weasley, Z9)	parent(george_weasley, ron_weasley)	0
parent(fred_weasley, Z11)	parent(fred_weasley, harry_potter)	0
parent(ron_weasley, Z6)	parent(ron_weasley, arthur_weasley)	0
parent(ron_weasley, Z3)	parent(ron_weasley, ron_weasley)	0
parent(draco_malfoy, Z11)	parent(draco_malfoy, frank_longbottom)	0
parent(hugo_weasley, Z11)	parent(hugo_weasley, xenophilius_lovegood)	0
parent(bill_weasley, Z4)	parent(bill_weasley, james_potter)	0
parent(hugo_weasley, Z8)	parent(hugo_weasley, lily_potter)	0
parent(luna_lovegood, Z10)	parent(luna_lovegood, molly_weasley)	0
pure_blood(X0)	pure_blood(rowena_ravenclaw)	0
parent(rose_weasley, Z8)	parent(rose_weasley, lucius_malfoy)	0
parent(Z7, Z8)	parent(Z7, molly_weasley)	0
parent(fred_weasley, Z3)	parent(fred_weasley, james_potter)	0
ancestor(draco_malfoy, Y)	ancestor(X, Y) :- parent(X, Y)	0
parent(neville_longbottom, Z10)	parent(neville_longbottom, hermione_granger)	0
parent(charlie_weasley, Z8)	parent(charlie_weasley, lily_potter)	0
parent(percy_weasley, Z9)	parent(percy_weasley, james_potter)	0
parent(hugo_weasley, Z11)	parent(hugo_weasley, arthur_weasley)	0
parent(Z5, Z6)	parent(Z5, james_potter)	0
parent(ron_weasley, Z2)	parent(ron_weasley, vernon_dursley)	0
parent(ginny_weasley, Z12)	parent(ginny_weasley, ginny_weasley)	0
parent(bill_weasley, Z12)	parent(bill_weasley, arthur_weasley)	0
parent(ginny_weasley, Z6)	parent(ginny_weasley, molly_weasley)	0
parent(fred_weasley, Z8)	parent(fred_weasley, xenophilius_lovegood)	0
parent(charlie_weasley, Z7)	parent(charlie_weasley, ron_weasley)	0
ancestor(james_sirius_potter, _EX3)	ancestor(X, Y) :- parent(X, Y)	0
half_blood(X0)	half_blood(bellatrix_lestrange)	0
parent(bill_weasley, Z4)	parent(bill_weasley, ginny_weasley)	0
parent(albus_severus_potter, Z7)	parent(albus_severus_potter, xenophilius_lovegood)	0
ancestor(luna_lovegood, _EX5)	ancestor(X, Y) :- parent(X, Y)	0
parent(rose_weasley, Z9)	parent(rose_weasley, frank_longbottom)	0
parent(james_potter, arthur_weasley)	parent(james_potter, arthur_weasley)	0
parent(charlie_weasley, Z3)	parent(charlie_weasley, james_potter)	0
parent(P, Z1)	parent(P, frank_longbottom)	0
ancestor(hugo_weasley, james_sirius_potter)	ancestor(X, Y) :- parent(X, Y)	0
parent(lily_luna_potter, Z4)	parent(lily_luna_potter, xenophilius_lovegood)	0
parent(harry_potter, Z0)	parent(harry_potter, harry_potter)	0
parent(rose_weasley, Z11)	parent(rose_weasley, ron_weasley)	0
parent(harry_potter, Z4)	parent(harry_potter, frank_longbottom)	0
ancestor(george_weasley, _EX3)	ancestor(X, Y) :- parent(X, Y)	0
ancestor(neville_longbottom, X)	ancestor(X, Y) :- ancestor(Z, Y), parent(X, Z)	0
parent(james_sirius_potter, Z11)	parent(james_sirius_potter, petunia_dursley)	0
parent(ron_weasley, Z4)	parent(ron_weasley, alice_longbottom)	0
parent(ginny_weasley, Z9)	parent(ginny_weasley, lily_potter)	0
parent(Z3, Z4)	parent(Z3, hermione_granger)	0
parent(fred_weasley, Z9)	parent(fred_weasley, lily_potter)	0
parent(charlie_weasley, Z11)	parent(charlie_weasley, james_potter)	0
parent(george_weasley, Z5)	parent(george_weasley, narcissa_malfoy)	0
parent(Z3, Z4)	parent(Z3, alice_longbottom)	0
ancestor(rose_weasley, neville_longbottom)	ancestor(X, Y) :- parent(X, Y)	0
parent(fred_weasley, Z12)	parent(fred_weasley, petunia_dursley)	0
parent(albus_severus_potter, Z11)	parent(albus_severus_potter, ginny_weasley)	0
parent(neville_longbottom, Z11)	parent(neville_longbottom, ron_weasley)	0
parent(draco_malfoy, Z8)	parent(draco_malfoy, harry_potter)	0
parent(albus_severus_potter, Z2)	parent(albus_severus_potter, molly_weasley)	0
muggleborn(X0)	muggleborn(narcissa_malfoy)	0
parent(hugo_weasley, Z12)	parent(hugo_weasley, frank_longbottom)	0
parent(albus_severus_potter, Z11)	parent(albus_severus_potter, hermione_granger)	0
parent(harry_potter, Z3)	parent(harry_potter, james_potter)	0
parent(james_sirius_potter, Z3)	parent(james_sirius_potter, lucius_malfoy)	0
parent(draco_malfoy, Z10)	parent(draco_malfoy, hermione_granger)	0
parent(Z6, molly_weasley)	parent(Z6, molly_weasley)	0
parent(george_weasley, Z11)	parent(george_weasley, alice_longbottom)	0
parent(ginny_weasley, Z11)	parent(ginny_weasley, petunia_dursley)	0
parent(rose_weasley, Z11)	parent(rose_weasley, xenophilius_lovegood)	0
parent(fred_weasley, lily_potter)	parent(fred_weasley, lily_potter)	0
parent(ron_weasley, Z6)	parent(ron_weasley, ron_weasley)	0
parent(dudley_dursley, Z10)	parent(dudley_dursley, petunia_dursley)	0
parent(neville_longbottom, Z3)	parent(neville_longbottom, alice_longbottom)	0
parent(charlie_weasley, Z2)	parent(charlie_weasley, ginny_weasley)	0
muggleborn(X0)	muggleborn(bellatrix_lestrange)	0
parent(bill_weasley, Z3)	parent(bill_weasley, harry_potter)	0
ancestor(luna_lovegood, neville_longbottom)	ancestor(X, Y) :- parent(X, Y)	0
parent(draco_malfoy, Z11)	parent(draco_malfoy, petunia_dursley)	0
parent(fred_weasley, Z10)	parent(fred_weasley, petunia_dursley)	0
parent(james_sirius_potter, Z3)	parent(james_sirius_potter, ron_weasley)	0
parent(james_sirius_potter, Z11)	parent(james_sirius_potter, xenophilius_lovegood)	0
ancestor(percy_weasley, Y)	ancestor(X, Y) :- ancestor(Z, Y), parent(X, Z)	0
ancestor(luna_lovegood, _EX3)	ancestor(X, Y) :- ancestor(Z, Y), parent(X, Z)	0
ancestor(lily_luna_potter, james_sirius_potter)	ancestor(X, Y) :- ancestor(Z, Y), parent(X, Z)	0
parent(luna_lovegood, Z9)	parent(luna_lovegood, ron_weasley)	0
ancestor(P, _EX5)	ancestor(X, Y) :- parent(X, Y)	0
parent(bill_weasley, Z7)	parent(bill_weasley, lucius_malfoy)	0
parent(dudley_dursley, Z12)	parent(dudley_dursley, ginny_weasley)	0
ancestor(draco_malfoy, P)	ancestor(X, Y) :- parent(X, Y)	0
parent(albus_severus_potter, Z2)	parent(albus_severus_potter, harry_potter)	0
parent(draco_malfoy, Z7)	parent(draco_malfoy, harry_potter)	0
parent(hugo_weasley, Z8)	parent(hugo_weasley, molly_weasley)	0
parent(albus_severus_potter, Z2)	parent(albus_severus_potter, james_potter)	0
parent(Z2, Z3)	parent(Z2, lucius_malfoy)	0
ancestor(george_weasley, P)	ancestor(X, Y) :- parent(X, Y)	0
half_blood(X0)	half_blood(pomona_sprout)	0
ancestor(fred_weasley, james_sirius_potter)	ancestor(X, Y) :- ancestor(Z, Y), parent(X, Z)	0
ancestor(ron_weasley, _EX5)	ancestor(X, Y) :- ancestor(Z, Y), parent(X, Z)	0
parent(harry_potter, Z0)	parent(harry_potter, arthur_weasley)	0
parent(lily_luna_potter, Z11)	parent(lily_luna_potter, lily_potter)	0
parent(bill_weasley, Z2)	parent(bill_weasley, petunia_dursley)	0
parent(Z2, Z3)	parent(Z2, molly_weasley)	0
parent(neville_longbottom, Z11)	parent(neville_longbottom, frank_longbottom)	0
parent(draco_malfoy, Z10)	parent(draco_malfoy, james_potter)	0
parent(george_weasley, Z5)	parent(george_weasley, harry_potter)	0
parent(neville_longbottom, Z8)	parent(neville_longbottom, petunia_dursley)	0
parent(james_sirius_potter, Z12)	parent(james_sirius_potter, arthur_weasley)	0
parent(george_weasley, Z11)	parent(george_weasley, hermione_granger)	0
parent(luna_lovegood, Z8)	parent(luna_lovegood, molly_weasley)	0
parent(charlie_weasley, Z2)	parent(charlie_weasley, lucius_malfoy)	0
parent(fred_weasley, Z9)	parent(fred_weasley, vernon_dursley)	0
parent(hugo_weasley, Z12)	parent(hugo_weasley, ginny_weasley)	0
muggleborn(X0)	muggleborn(voldemort)	0
parent(george_weasley, Z4)	parent(george_weasley, ron_weasley)	0
parent(dudley_dursley, Z8)	parent(dudley_dursley, narcissa_malfoy)	0
parent(luna_lovegood, Z3)	parent(luna_lovegood, xenophilius_lovegood)	0
ancestor(harry_potter, P)	ancestor(X, Y) :- ancestor(Z, Y), parent(X, Z)	0
parent(Z9, james_potter)	parent(Z9, james_potter)	0
parent(draco_malfoy, Z10)	parent(draco_malfoy, arthur_weasley)	0
parent(harry_potter, Z4)	parent(harry_potter, harry_potter)	0
parent(percy_weasley, Z10)	parent(percy_weasley, arthur_weasley)	0
parent(hugo_weasley, Z2)	parent(hugo_weasley, james_potter)	0
muggleborn(X0)	muggleborn(draco_malfoy)	0
parent(albus_severus_potter, Z2)	parent(albus_severus_potter, vernon_dursley)	0
parent(Z9, Z10)	parent(Z9, alice_longbottom)	0
parent(bill_weasley, Z3)	parent(bill_weasley, xenophilius_lovegood)	0
parent(rose_weasley, Z12)	parent(rose_weasley, narcissa_malfoy)	0
parent(ron_weasley, Z8)	parent(ron_weasley, arthur_weasley)	0
parent(harry_potter, Z6)	parent(harry_potter, lucius_malfoy)	0
parent(hugo_weasley, Z4)	parent(hugo_weasley, ron_weasley)	0
parent(albus_severus_potter, Z11)	parent(albus_severus_potter, lily_potter)	0
parent(dudley_dursley, Z8)	parent(dudley_dursley, frank_longbottom)	0
parent(Z3, Z4)	parent(Z3, arthur_weasley)	0
parent(dudley_dursley, Z8)	parent(dudley_dursley, petunia_dursley)	0
parent(hugo_weasley, Z10)	parent(hugo_weasley, vernon_dursley)	0
parent(luna_lovegood, Z8)	parent(luna_lovegood, harry_potter)	0
enemy(remus_lupin, _EX1)	enemy(X, Y) :- member_of(X, death_eaters), member_of(Y, dumbledores_army)	0
parent(rose_weasley, Z11)	parent(rose_weasley, vernon_dursley)	0
parent(ron_weasley, Z3)	parent(ron_weasley, petunia_dursley)	0
parent(Z6, Z7)	parent(Z6, petunia_dursley)	0
parent(albus_severus_potter, Z12)	parent(albus_severus_potter, ron_weasley)	0
parent(charlie_weasley, Z10)	parent(charlie_weasley, james_potter)	0
parent(draco_malfoy, Z6)	parent(draco_malfoy, xenophilius_lovegood)	0
parent(Z10, Z11)	parent(Z10, xenophilius_lovegood)	0
parent(james_sirius_potter, Z7)	parent(james_sirius_potter, hermione_granger)	0
parent(lily_luna_potter, Z10)	parent(lily_luna_potter, vernon_dursley)	0
ancestor(draco_malfoy, X)	ancestor(X, Y) :- ancestor(Z, Y), parent(X, Z)	0
parent(charlie_weasley, Z12)	parent(charlie_weasley, ron_weasley)	0
parent(albus_severus_potter, Z7)	parent(albus_severus_potter, james_potter)	0
parent(charlie_weasley, Z7)	parent(charlie_weasley, narcissa_malfoy)	0
parent(dudley_dursley, Z3)	parent(dudley_dursley, harry_potter)	0
parent(albus_severus_potter, Z9)	parent(albus_severus_potter, xenophilius_lovegood)	0
parent(harry_potter, Z11)	parent(harry_potter, ron_weasley)	0
parent(rose_weasley, Z12)	parent(rose_weasley, ron_weasley)	0
parent(fred_weasley, Z8)	parent(fred_weasley, molly_weasley)	0
parent(draco_malfoy, Z11)	parent(draco_malfoy, hermione_granger)	0
parent(Z2, Z3)	parent(Z2, arthur_weasley)	0
ancestor(dudley_dursley, P)	ancestor(X, Y) :- parent(X, Y)	0
parent(george_weasley, Z10)	parent(george_weasley, hermione_granger)	0
parent(bill_weasley, Z10)	parent(bill_weasley, vernon_dursley)	0
parent(james_sirius_potter, Z12)	parent(james_sirius_potter, hermione_granger)	0
parent(_EX3, Z1)	parent(_EX3, molly_weasley)	0
parent(george_weasley, Z9)	parent(george_weasley, xenophilius_lovegood)	0
parent(harry_potter, Z4)	parent(harry_potter, narcissa_malfoy)	0
ancestor(ginny_weasley, _EX5)	ancestor(X, Y) :- parent(X, Y)	0
parent(charlie_weasley, Z9)	parent(charlie_weasley, frank_longbottom)	0
parent(ron_weasley, Z2)	parent(ron_weasley, arthur_weasley)	0
parent(draco_malfoy, Z10)	parent(draco_malfoy, narcissa_malfoy)	0
parent(dudley_dursley, Z10)	parent(dudley_dursley, vernon_dursley)	0
half_blood(X0)	half_blood(cedric_diggory)	0
parent(lily_luna_potter, Z12)	parent(lily_luna_potter, lily_potter)	0
parent(luna_lovegood, Z10)	parent(luna_lovegood, lily_potter)	0
parent(neville_longbottom, Z9)	parent(neville_longbottom, ginny_weasley)	0
parent(percy_weasley, Z2)	parent(percy_weasley, molly_weasley)	0
parent(Z0, arthur_weasley)	parent(Z0, arthur_weasley)	0
parent(bill_weasley, Z8)	parent(bill_weasley, harry_potter)	0
parent(george_weasley, Z5)	parent(george_weasley, frank_longbottom)	0
ancestor(percy_weasley, X)	ancestor(X, Y) :- ancestor(Z, Y), parent(X, Z)	0
parent(luna_lovegood, Z8)	parent(luna_lovegood, vernon_dursley)	0
parent(neville_longbottom, Z7)	parent(neville_longbottom, james_potter)	0
parent(george_weasley, Z8)	parent(george_weasley, arthur_weasley)	0
parent(rose_weasley, Z12)	parent(rose_weasley, lucius_malfoy)	0
parent(rose_weasley, Z7)	parent(rose_weasley, frank_longbottom)	0
parent(albus_severus_potter, Z7)	parent(albus_severus_potter, vernon_dursley)	0
parent(bill_weasley, Z7)	parent(bill_weasley, molly_weasley)	0
parent(fred_weasley, Z11)	parent(fred_weasley, ginny_weasley)	0
parent(charlie_weasley, Z12)	parent(charlie_weasley, arthur_weasley)	0
parent(ginny_weasley, Z3)	parent(ginny_weasley, ginny_weasley)	0
parent(dudley_dursley, Z3)	parent(dudley_dursley, ginny_weasley)	0
parent(Z6, Z7)	parent(Z6, molly_weasley)	0
parent(dudley_dursley, Z11)	parent(dudley_dursley, vernon_dursley)	0
ancestor(james_sirius_potter, _EX5)	ancestor(X, Y) :- parent(X, Y)	0
parent(Z11, Z12)	parent(Z11, petunia_dursley)	0
ancestor(dudley_dursley, neville_longbottom)	ancestor(X, Y) :- parent(X, Y)	0
parent(percy_weasley, Z7)	parent(percy_weasley, james_potter)	0
parent(james_sirius_potter, Z11)	parent(james_sirius_potter, alice_longbottom)	0
parent(albus_severus_potter, Z12)	parent(albus_severus_potter, alice_longbottom)	0
parent(hugo_weasley, molly_weasley)	parent(hugo_weasley, molly_weasley)	0
parent(james_sirius_potter, Z11)	parent(james_sirius_potter, ron_weasley)	0
parent(bill_weasley, Z10)	parent(bill_weasley, lily_potter)	0
parent(luna_lovegood, Z2)	parent(luna_lovegood, hermione_granger)	0
ancestor(neville_longbottom, Y)	ancestor(X, Y) :- parent(X, Y)	0
parent(dudley_dursley, Z3)	parent(dudley_dursley, arthur_weasley)	0
parent(percy_weasley, Z11)	parent(percy_weasley, vernon_dursley)	0
parent(hugo_weasley, Z9)	parent(hugo_weasley, lily_potter)	0
parent(lily_luna_potter, Z11)	parent(lily_luna_potter, xenophilius_lovegood)	0
half_blood(X0)	half_blood(albus_dumbledore)	0
parent(rose_weasley, Z11)	parent(rose_weasley, harry_potter)	0
parent(Z9, Z10)	parent(Z9, frank_longbottom)	0
parent(percy_weasley, Z8)	parent(percy_weasley, petunia_dursley)	0
parent(george_weasley, Z5)	parent(george_weasley, ron_weasley)	0
parent(dudley_dursley, Z9)	parent(dudley_dursley, narcissa_malfoy)	0
parent(charlie_weasley, Z9)	parent(charlie_weasley, harry_potter)	0
parent(harry_potter, Z10)	parent(harry_potter, vernon_dursley)	0
parent(james_sirius_potter, Z4)	parent(james_sirius_potter, ginny_weasley)	0
parent(lily_luna_potter, Z3)	parent(lily_luna_potter, harry_potter)	0
parent(dudley_dursley, Z9)	parent(dudley_dursley, molly_weasley)	0
parent(ron_weasley, Z9)	parent(ron_weasley, arthur_weasley)	0
parent(albus_severus_potter, Z11)	parent(albus_severus_potter, molly_weasley)	0
parent(rose_weasley, Z8)	parent(rose_weasley, arthur_weasley)	0
half_blood(X0)	half_blood(neville_longbottom)	0
parent(Z0, lily_potter)	parent(Z0, lily_potter)	0
parent(rose_weasley, Z8)	parent(rose_weasley, narcissa_malfoy)	0
parent(bill_weasley, Z9)	parent(bill_weasley, james_potter)	0
parent(neville_longbottom, Z9)	parent(neville_longbottom, ron_weasley)	0
parent(dudley_dursley, Z2)	parent(dudley_dursley, ginny_weasley)	0
parent(luna_lovegood, Z2)	parent(luna_lovegood, ginny_weasley)	0
parent(bill_weasley, Z8)	parent(bill_weasley, xenophilius_lovegood)	0
parent(charlie_weasley, Z10)	parent(charlie_weasley, narcissa_malfoy)	0
parent(ginny_weasley, Z10)	parent(ginny_weasley, alice_longbottom)	0
parent(dudley_dursley, Z8)	parent(dudley_dursley, vernon_dursley)	0
parent(Z11, Z12)	parent(Z11, narcissa_malfoy)	0
parent(dudley_dursley, Z9)	parent(dudley_dursley, petunia_dursley)	0
parent(james_sirius_potter, Z8)	parent(james_sirius_potter, molly_weasley)	0
ancestor(hugo_weasley, Z)	ancestor(X, Y) :- ancestor(Z, Y), parent(X, Z)	0
parent(draco_malfoy, arthur_weasley)	parent(draco_malfoy, arthur_weasley)	0
parent(harry_potter, Z2)	parent(harry_potter, molly_weasley)	0
ancestor(draco_malfoy, _EX4)	ancestor(X, Y) :- parent(X, Y)	0
parent(hugo_weasley, Z7)	parent(hugo_weasley, harry_potter)	0
male(X0)	male(molly_weasley)	0
half_blood(X0)	half_blood(narcissa_malfoy)	0
parent(dudley_dursley, Z2)	parent(dudley_dursley, arthur_weasley)	0
parent(fred_weasley, Z8)	parent(fred_weasley, harry_potter)	0
parent(james_sirius_potter, Z9)	parent(james_sirius_potter, arthur_weasley)	0
parent(hugo_weasley, Z10)	parent(hugo_weasley, lily_potter)	0
parent(ginny_weasley, Z6)	parent(ginny_weasley, arthur_weasley)	0
parent(fred_weasley, Z2)	parent(fred_weasley, vernon_dursley)	0
parent(albus_severus_potter, Z11)	parent(albus_severus_potter, harry_potter)	0
ancestor(lily_luna_potter, Y)	ancestor(X, Y) :- ancestor(Z, Y), parent(X, Z)	0
ancestor(luna_lovegood, _EX3)	ancestor(X, Y) :- parent(X, Y)	0
ancestor(percy_weasley, Y)	ancestor(X, Y) :- parent(X, Y)	0
parent(hugo_weasley, Z6)	parent(hugo_weasley, harry_potter)	0
ancestor(lily_luna_potter, james_sirius_potter)	ancestor(X, Y) :- parent(X, Y)	0
parent(albus_severus_potter, Z11)	parent(albus_severus_potter, james_potter)	0
ancestor(bill_weasley, james_sirius_potter)	ancestor(X, Y) :- ancestor(Z, Y), parent(X, Z)	0
parent(bill_weasley, Z9)	parent(bill_weasley, ginny_weasley)	0
parent(bill_weasley, Z8)	parent(bill_weasley, vernon_dursley)	0
parent(percy_weasley, Z3)	parent(percy_weasley, hermione_granger)	0
parent(rose_weasley, Z8)	parent(rose_weasley, ron_weasley)	0
half_blood(X0)	half_blood(xenophilius_lovegood)	0
ancestor(ginny_weasley, Y)	ancestor(X, Y) :- ancestor(Z, Y), parent(X, Z)	0
parent(draco_malfoy, Z11)	parent(draco_malfoy, narcissa_malfoy)	0
parent(draco_malfoy, Z3)	parent(draco_malfoy, ginny_weasley)	0
parent(_EX3, Z1)	parent(_EX3, alice_longbottom)	0
muggleborn(X0)	muggleborn(rubeus_hagrid)	0
parent(bill_weasley, Z12)	parent(bill_weasley, petunia_dursley)	0
parent(albus_severus_potter, Z10)	parent(albus_severus_potter, ron_weasley)	0
parent(george_weasley, Z12)	parent(george_weasley, vernon_dursley)	0
parent(fred_weasley, Z3)	parent(fred_weasley, alice_longbottom)	0
parent(neville_longbottom, Z2)	parent(neville_longbottom, ginny_weasley)	0
ancestor(fred_weasley, james_sirius_potter)	ancestor(X, Y) :- parent(X, Y)	0
ancestor(harry_potter, X)	ancestor(X, Y) :- ancestor(Z, Y), parent(X, Z)	0
parent(charlie_weasley, Z12)	parent(charlie_weasley, xenophilius_lovegood)	0
parent(lily_luna_potter, Z2)	parent(lily_luna_potter, arthur_weasley)	0
parent(neville_longbottom, Z9)	parent(neville_longbottom, frank_longbottom)	0
parent(albus_severus_potter, Z8)	parent(albus_severus_potter, xenophilius_lovegood)	0
parent(charlie_weasley, Z3)	parent(charlie_weasley, molly_weasley)	0
parent(neville_longbottom, Z12)	parent(neville_longbottom, molly_weasley)	0
parent(draco_malfoy, Z10)	parent(draco_malfoy, lucius_malfoy)	0
ancestor(ginny_weasley, _EX3)	ancestor(X, Y) :- parent(X, Y)	0
ancestor(charlie_weasley, _EX4)	ancestor(X, Y) :- ancestor(Z, Y), parent(X, Z)	0
muggleborn(X0)	muggleborn(charlie_weasley)	0
parent(charlie_weasley, Z12)	parent(charlie_weasley, ginny_weasley)	0
parent(draco_malfoy, Z9)	parent(draco_malfoy, alice_longbottom)	0
half_blood(X0)	half_blood(arthur_weasley)	0
parent(george_weasley, Z7)	parent(george_weasley, petunia_dursley)	0
parent(ginny_weasley, Z8)	parent(ginny_weasley, lily_potter)	0
parent(lily_luna_potter, Z11)	parent(lily_luna_potter, vernon_dursley)	0
parent(lily_luna_potter, Z12)	parent(lily_luna_potter, xenophilius_lovegood)	0
parent(albus_severus_potter, Z11)	parent(albus_severus_potter, petunia_dursley)	0
parent(albus_severus_potter, Z11)	parent(albus_severus_potter, vernon_dursley)	0
ancestor(bill_weasley, _EX5)	ancestor(X, Y) :- parent(X, Y)	0
parent(rose_weasley, Z8)	parent(rose_weasley, xenophilius_lovegood)	0
ancestor(lily_luna_potter, _EX3)	ancestor(X, Y) :- parent(X, Y)	0
parent(charlie_weasley, Z8)	parent(charlie_weasley, alice_longbottom)	0
parent(fred_weasley, Z3)	parent(fred_weasley, ron_weasley)	0
parent(hugo_weasley, Z12)	parent(hugo_weasley, molly_weasley)	0
parent(luna_lovegood, Z3)	parent(luna_lovegood, lily_potter)	0
parent(luna_lovegood, Z3)	parent(luna_lovegood, james_potter)	0
parent(ron_weasley, Z4)	parent(ron_weasley, xenophilius_lovegood)	0
parent(james_sirius_potter, Z9)	parent(james_sirius_potter, hermione_granger)	0
parent(ginny_weasley, Z12)	parent(ginny_weasley, lily_potter)	0
parent(Z6, Z7)	parent(Z6, hermione_granger)	0
parent(charlie_weasley, Z11)	parent(charlie_weasley, molly_weasley)	0
parent(ron_weasley, Z9)	parent(ron_weasley, ron_weasley)	0
parent(percy_weasley, Z9)	parent(percy_weasley, lucius_malfoy)	0
parent(george_weasley, Z10)	parent(george_weasley, arthur_weasley)	0
parent(dudley_dursley, Z2)	parent(dudley_dursley, hermione_granger)	0
parent(lily_luna_potter, Z4)	parent(lily_luna_potter, james_potter)	0
ancestor(charlie_weasley, X)	ancestor(X, Y) :- ancestor(Z, Y), parent(X, Z)	0
parent(james_sirius_potter, Z5)	parent(james_sirius_potter, harry_potter)	0
parent(hugo_weasley, Z6)	parent(hugo_weasley, james_potter)	0
parent(luna_lovegood, Z12)	parent(luna_lovegood, ginny_weasley)	0
parent(rose_weasley, Z10)	parent(rose_weasley, narcissa_malfoy)	0
parent(percy_weasley, Z8)	parent(percy_weasley, alice_longbottom)	0
parent(rose_weasley, Z8)	parent(rose_weasley, lily_potter)	0
parent(luna_lovegood, Z4)	parent(luna_lovegood, alice_longbottom)	0
parent(ron_weasley, Z8)	parent(ron_weasley, frank_longbottom)	0
parent(james_sirius_potter, molly_weasley)	parent(james_sirius_potter, molly_weasley)	0
parent(george_weasley, Z5)	parent(george_weasley, molly_weasley)	0
parent(draco_malfoy, james_potter)	parent(draco_malfoy, james_potter)	0
ancestor(draco_malfoy, X)	ancestor(X, Y) :- parent(X, Y)	0
ancestor(neville_longbottom, _EX4)	ancestor(X, Y) :- ancestor(Z, Y), parent(X, Z)	0
parent(harry_potter, Z10)	parent(harry_potter, james_potter)	0
parent(ginny_weasley, Z11)	parent(ginny_weasley, harry_potter)	0
parent(albus_severus_potter, Z10)	parent(albus_severus_potter, alice_longbottom)	0
parent(Z8, Z9)	parent(Z8, arthur_weasley)	0
parent(rose_weasley, Z12)	parent(rose_weasley, molly_weasley)	0
parent(draco_malfoy, Z4)	parent(draco_malfoy, molly_weasley)	0
parent(albus_severus_potter, Z12)	parent(albus_severus_potter, arthur_weasley)	0
parent(charlie_weasley, Z3)	parent(charlie_weasley, alice_longbottom)	0
half_blood(X0)	half_blood(seamus_finnigan)	0
parent(hugo_weasley, Z2)	parent(hugo_weasley, alice_longbottom)	0
parent(ginny_weasley, Z9)	parent(ginny_weasley, lucius_malfoy)	0
parent(james_sirius_potter, Z11)	parent(james_sirius_potter, frank_longbottom)	0
parent(fred_weasley, Z9)	parent(fred_weasley, petunia_dursley)	0
parent(bill_weasley, arthur_weasley)	parent(bill_weasley, arthur_weasley)	0
parent(lily_luna_potter, Z10)	parent(lily_luna_potter, alice_longbottom)	0
parent(neville_longbottom, Z8)	parent(neville_longbottom, lily_potter)	0
parent(dudley_dursley, Z9)	parent(dudley_dursley, vernon_dursley)	0
parent(neville_longbottom, Z3)	parent(neville_longbottom, ginny_weasley)	0
parent(lily_luna_potter, Z3)	parent(lily_luna_potter, alice_longbottom)	0
muggleborn(X0)	muggleborn(newt_scamander)	0
parent(charlie_weasley, Z6)	parent(charlie_weasley, molly_weasley)	0
parent(charlie_weasley, Z2)	parent(charlie_weasley, xenophilius_lovegood)	0
parent(dudley_dursley, Z4)	parent(dudley_dursley, xenophilius_lovegood)	0
parent(rose_weasley, Z10)	parent(rose_weasley, ron_weasley)	0
parent(bill_weasley, Z9)	parent(bill_weasley, narcissa_malfoy)	0
muggleborn(X0)	muggleborn(molly_weasley)	0
parent(fred_weasley, Z10)	parent(fred_weasley, molly_weasley)	0
parent(ginny_weasley, Z8)	parent(ginny_weasley, vernon_dursley)	0
parent(Z10, Z11)	parent(Z10, frank_longbottom)	0
parent(charlie_weasley, Z11)	parent(charlie_weasley, alice_longbottom)	0
parent(dudley_dursley, Z4)	parent(dudley_dursley, vernon_dursley)	0
ancestor(percy_weasley, X)	ancestor(X, Y) :- parent(X, Y)	0
parent(charlie_weasley, Z10)	parent(charlie_weasley, frank_longbottom)	0
parent(ron_weasley, Z2)	parent(ron_weasley, frank_longbottom)	0
parent(fred_weasley, Z7)	parent(fred_weasley, lily_potter)	0
parent(harry_potter, Z12)	parent(harry_potter, james_potter)	0
parent(lily_luna_potter, Z10)	parent(lily_luna_potter, james_potter)	0
parent(james_sirius_potter, Z3)	parent(james_sirius_potter, lily_potter)	0
parent(ron_weasley, Z3)	parent(ron_weasley, james_potter)	0
parent(ron_weasley, Z4)	parent(ron_weasley, lily_potter)	0
parent(james_sirius_potter, Z7)	parent(james_sirius_potter, xenophilius_lovegood)	0
male(X0)	male(narcissa_malfoy)	0
parent(ginny_weasley, Z12)	parent(ginny_weasley, vernon_dursley)	0
parent(lily_luna_potter, Z8)	parent(lily_luna_potter, harry_potter)	0
parent(ginny_weasley, Z3)	parent(ginny_weasley, alice_longbottom)	0
parent(draco_malfoy, Z11)	parent(draco_malfoy, molly_weasley)	0
parent(dudley_dursley, Z12)	parent(dudley_dursley, lily_potter)	0
parent(harry_potter, Z2)	parent(harry_potter, ron_weasley)	0
parent(rose_weasley, Z9)	parent(rose_weasley, molly_weasley)	0
parent(james_sirius_potter, Z12)	parent(james_sirius_potter, xenophilius_lovegood)	0
parent(rose_weasley, Z10)	parent(rose_weasley, lucius_malfoy)	0
parent(Z10, Z11)	parent(Z10, arthur_weasley)	0
parent(bill_weasley, Z4)	parent(bill_weasley, harry_potter)	0
muggleborn(X0)	muggleborn(alastor_moody)	0
parent(rose_weasley, Z10)	parent(rose_weasley, xenophilius_lovegood)	0
parent(percy_weasley, Z12)	parent(percy_weasley, james_potter)	0
parent(charlie_weasley, Z9)	parent(charlie_weasley, petunia_dursley)	0
parent(james_sirius_potter, Z6)	parent(james_sirius_potter, molly_weasley)	0
parent(charlie_weasley, molly_weasley)	parent(charlie_weasley, molly_weasley)	0
half_blood(X0)	half_blood(minerva_mccgonagall)	0
parent(percy_weasley, Z8)	parent(percy_weasley, xenophilius_lovegood)	0
half_blood(X0)	half_blood(albus_severus_potter)	0
parent(charlie_weasley, Z8)	parent(charlie_weasley, xenophilius_lovegood)	0
parent(lily_luna_potter, Z10)	parent(lily_luna_potter, molly_weasley)	0
parent(charlie_weasley, Z10)	parent(charlie_weasley, molly_weasley)	0
parent(ginny_weasley, Z8)	parent(ginny_weasley, alice_longbottom)	0
parent(harry_potter, Z4)	parent(harry_potter, molly_weasley)	0
parent(harry_potter, Z12)	parent(harry_potter, alice_longbottom)	0
ancestor(dudley_dursley, X)	ancestor(X, Y) :- ancestor(Z, Y), parent(X, Z)	0
parent(ron_weasley, Z3)	parent(ron_weasley, alice_longbottom)	0
parent(ron_weasley, Z7)	parent(ron_weasley, lucius_malfoy)	0
parent(percy_weasley, Z2)	parent(percy_weasley, arthur_weasley)	0
parent(Z5, Z6)	parent(Z5, xenophilius_lovegood)	0
parent(albus_severus_potter, Z7)	parent(albus_severus_potter, frank_longbottom)	0
parent(rose_weasley, Z11)	parent(rose_weasley, frank_longbottom)	0
parent(albus_severus_potter, Z12)	parent(albus_severus_potter, lucius_malfoy)	0
parent(lily_luna_potter, Z7)	parent(lily_luna_potter, lucius_malfoy)	0
parent(george_weasley, Z8)	parent(george_weasley, harry_potter)	0
ancestor(hugo_weasley, Z)	ancestor(X, Y) :- parent(X, Y)	0
parent(hugo_weasley, Z7)	parent(hugo_weasley, petunia_dursley)	0
parent(bill_weasley, Z3)	parent(bill_weasley, arthur_weasley)	0
parent(percy_weasley, Z4)	parent(percy_weasley, frank_longbottom)	0
parent(hugo_weasley, Z12)	parent(hugo_weasley, xenophilius_lovegood)	0
parent(neville_longbottom, Z11)	parent(neville_longbottom, vernon_dursley)	0
parent(george_weasley, Z11)	parent(george_weasley, james_potter)	0
parent(percy_weasley, Z9)	parent(percy_weasley, lily_potter)	0
parent(draco_malfoy, Z4)	parent(draco_malfoy, ron_weasley)	0
ancestor(james_sirius_potter, P)	ancestor(X, Y) :- parent(X, Y)	0
enemy(remus_lupin, _EX3)	enemy(X, Y) :- member_of(X, death_eaters), member_of(Y, dumbledores_army)	0
parent(neville_longbottom, Z8)	parent(neville_longbottom, lucius_malfoy)	0
parent(fred_weasley, Z7)	parent(fred_weasley, vernon_dursley)	0
parent(albus_severus_potter, Z9)	parent(albus_severus_potter, lucius_malfoy)	0
parent(george_weasley, Z11)	parent(george_weasley, narcissa_malfoy)	0
parent(ginny_weasley, Z9)	parent(ginny_weasley, molly_weasley)	0
parent(ginny_weasley, Z7)	parent(ginny_weasley, xenophilius_lovegood)	0
parent(harry_potter, Z6)	parent(harry_potter, alice_longbottom)	0
parent(ginny_weasley, Z6)	parent(ginny_weasley, ron_weasley)	0
parent(hugo_weasley, Z12)	parent(hugo_weasley, arthur_weasley)	0
ancestor(bill_weasley, james_sirius_potter)	ancestor(X, Y) :- parent(X, Y)	0
parent(Z7, Z8)	parent(Z7, frank_longbottom)	0
parent(neville_longbottom, Z8)	parent(neville_longbottom, james_potter)	0
ancestor(luna_lovegood, X)	ancestor(X, Y) :- ancestor(Z, Y), parent(X, Z)	0
parent(hugo_weasley, Z4)	parent(hugo_weasley, petunia_dursley)	0
parent(Z4, Z5)	parent(Z4, lucius_malfoy)	0
parent(ginny_weasley, Z9)	parent(ginny_weasley, james_potter)	0
pure_blood(X0)	pure_blood(rose_weasley)	0
parent(ron_weasley, Z8)	parent(ron_weasley, xenophilius_lovegood)	0
parent(albus_severus_potter, Z8)	parent(albus_severus_potter, vernon_dursley)	0
parent(albus_severus_potter, Z3)	parent(albus_severus_potter, vernon_dursley)	0
pure_blood(X0)	pure_blood(fleur_delacour)	0
parent(bill_weasley, Z7)	parent(bill_weasley, james_potter)	0
ancestor(rose_weasley, _EX3)	ancestor(X, Y) :- ancestor(Z, Y), parent(X, Z)	0
enemy(alastor_moody, severus_snape)	enemy(X, Y) :- member_of(X, death_eaters), member_of(Y, dumbledores_army)	0
parent(ron_weasley, Z9)	parent(ron_weasley, petunia_dursley)	0
parent(james_sirius_potter, Z7)	parent(james_sirius_potter, molly_weasley)	0
parent(draco_malfoy, Z6)	parent(draco_malfoy, ginny_weasley)	0
parent(george_weasley, Z7)	parent(george_weasley, xenophilius_lovegood)	0
parent(Z0, james_potter)	parent(Z0, james_potter)	0
parent(draco_malfoy, Z11)	parent(draco_malfoy, ron_weasley)	0
parent(rose_weasley, Z9)	parent(rose_weasley, narcissa_malfoy)	0
parent(ginny_weasley, Z10)	parent(ginny_weasley, arthur_weasley)	0
parent(lily_luna_potter, Z4)	parent(lily_luna_potter, harry_potter)	0
parent(ginny_weasley, Z9)	parent(ginny_weasley, hermione_granger)	0
parent(james_sirius_potter, Z3)	parent(james_sirius_potter, james_potter)	0
parent(bill_weasley, Z4)	parent(bill_weasley, vernon_dursley)	0
parent(ron_weasley, Z6)	parent(ron_weasley, ginny_weasley)	0
parent(neville_longbottom, Z6)	parent(neville_longbottom, arthur_weasley)	0
parent(george_weasley, Z8)	parent(george_weasley, petunia_dursley)	0
parent(dudley_dursley, Z10)	parent(dudley_dursley, james_potter)	0
parent(charlie_weasley, Z3)	parent(charlie_weasley, petunia_dursley)	0
parent(james_sirius_potter, Z10)	parent(james_sirius_potter, arthur_weasley)	0
ancestor(ginny_weasley, _EX4)	ancestor(X, Y) :- parent(X, Y)	0
parent(george_weasley, Z10)	parent(george_weasley, james_potter)	0
parent(ron_weasley, Z2)	parent(ron_weasley, james_potter)	0
parent(ginny_weasley, Z8)	parent(ginny_weasley, harry_potter)	0
parent(rose_weasley, Z9)	parent(rose_weasley, james_potter)	0
parent(harry_potter, Z11)	parent(harry_potter, narcissa_malfoy)	0
parent(ron_weasley, Z3)	parent(ron_weasley, molly_weasley)	0
parent(rose_weasley, Z7)	parent(rose_weasley, alice_longbottom)	0
ancestor(hugo_weasley, Y)	ancestor(X, Y) :- parent(X, Y)	0
parent(hugo_weasley, Z10)	parent(hugo_weasley, narcissa_malfoy)	0
parent(ron_weasley, Z2)	parent(ron_weasley, xenophilius_lovegood)	0
parent(george_weasley, Z11)	parent(george_weasley, harry_potter)	0
parent(ginny_weasley, lily_potter)	parent(ginny_weasley, lily_potter)	0
muggleborn(X0)	muggleborn(parvati_patil)	0
ancestor(harry_potter, _EX5)	ancestor(X, Y) :- parent(X, Y)	0
muggleborn(X0)	muggleborn(dolores_umbridge)	0
parent(ginny_weasley, Z12)	parent(ginny_weasley, harry_potter)	0
parent(george_weasley, Z4)	parent(george_weasley, james_potter)	0
ancestor(P, Y)	ancestor(X, Y) :- ancestor(Z, Y), parent(X, Z)	0
ancestor(james_sirius_potter, Y)	ancestor(X, Y) :- ancestor(Z, Y), parent(X, Z)	0
parent(harry_potter, Z12)	parent(harry_potter, lily_potter)	0
parent(james_sirius_potter, Z8)	parent(james_sirius_potter, ginny_weasley)	0
parent(hugo_weasley, Z2)	parent(hugo_weasley, xenophilius_lovegood)	0
ancestor(P, neville_longbottom)	ancestor(X, Y) :- ancestor(Z, Y), parent(X, Z)	0
parent(charlie_weasley, Z11)	parent(charlie_weasley, petunia_dursley)	0
parent(charlie_weasley, james_potter)	parent(charlie_weasley, james_potter)	0
ancestor(luna_lovegood, Y)	ancestor(X, Y) :- parent(X, Y)	0
parent(rose_weasley, Z4)	parent(rose_weasley, arthur_weasley)	0
parent(Z8, Z9)	parent(Z8, molly_weasley)	0
parent(Z1, Z2)	parent(Z1, arthur_weasley)	0
parent(james_sirius_potter, Z3)	parent(james_sirius_potter, frank_longbottom)	0
parent(albus_severus_potter, Z4)	parent(albus_severus_potter, harry_potter)	0
parent(harry_potter, Z9)	parent(harry_potter, frank_longbottom)	0
parent(james_sirius_potter, Z3)	parent(james_sirius_potter, ginny_weasley)	0
parent(ginny_weasley, Z10)	parent(ginny_weasley, frank_longbottom)	0
ancestor(neville_longbottom, X)	ancestor(X, Y) :- parent(X, Y)	0
parent(ginny_weasley, Z11)	parent(ginny_weasley, vernon_dursley)	0
parent(james_sirius_potter, Z5)	parent(james_sirius_potter, lucius_malfoy)	0
parent(ron_weasley, molly_weasley)	parent(ron_weasley, molly_weasley)	0
parent(charlie_weasley, Z7)	parent(charlie_weasley, lily_potter)	0
parent(james_sirius_potter, Z11)	parent(james_sirius_potter, vernon_dursley)	0
parent(dudley_dursley, Z7)	parent(dudley_dursley, xenophilius_lovegood)	0
parent(luna_lovegood, Z2)	parent(luna_lovegood, harry_potter)	0
parent(Z1, Z2)	parent(Z1, vernon_dursley)	0
parent(draco_malfoy, Z3)	parent(draco_malfoy, hermione_granger)	0
parent(ron_weasley, Z3)	parent(ron_weasley, hermione_granger)	0
member_of(Y0, death_eaters)	member_of(hermione_granger, death_eaters)	0
parent(james_potter, molly_weasley)	parent(james_potter, molly_weasley)	0
parent(Z5, Z6)	parent(Z5, narcissa_malfoy)	0
parent(dudley_dursley, Z7)	parent(dudley_dursley, vernon_dursley)	0
parent(fred_weasley, Z12)	parent(fred_weasley, ron_weasley)	0
parent(bill_weasley, Z7)	parent(bill_weasley, frank_longbottom)	0
parent(dudley_dursley, Z2)	parent(dudley_dursley, lily_potter)	0
parent(percy_weasley, Z8)	parent(percy_weasley, harry_potter)	0
parent(james_sirius_potter, Z10)	parent(james_sirius_potter, hermione_granger)	0
parent(percy_weasley, Z12)	parent(percy_weasley, petunia_dursley)	0
parent(harry_potter, Z6)	parent(harry_potter, lily_potter)	0
parent(ginny_weasley, Z8)	parent(ginny_weasley, narcissa_malfoy)	0
parent(bill_weasley, Z8)	parent(bill_weasley, arthur_weasley)	0
parent(charlie_weasley, Z7)	parent(charlie_weasley, arthur_weasley)	0
parent(rose_weasley, Z4)	parent(rose_weasley, ron_weasley)	0
parent(Z7, Z8)	parent(Z7, james_potter)	0
parent(luna_lovegood, Z8)	parent(luna_lovegood, hermione_granger)	0
muggleborn(X0)	muggleborn(argus_filch)	0
parent(rose_weasley, Z12)	parent(rose_weasley, frank_longbottom)	0
parent(luna_lovegood, Z10)	parent(luna_lovegood, frank_longbottom)	0
parent(george_weasley, Z10)	parent(george_weasley, harry_potter)	0
parent(albus_severus_potter, Z10)	parent(albus_severus_potter, lucius_malfoy)	0
parent(draco_malfoy, Z6)	parent(draco_malfoy, ron_weasley)	0
parent(albus_severus_potter, Z9)	parent(albus_severus_potter, frank_longbottom)	0
parent(hugo_weasley, Z11)	parent(hugo_weasley, harry_potter)	0
half_blood(X0)	half_blood(vincent_crabble)	0
parent(luna_lovegood, Z8)	parent(luna_lovegood, alice_longbottom)	0
parent(bill_weasley, Z7)	parent(bill_weasley, lily_potter)	0
parent(rose_weasley, Z12)	parent(rose_weasley, petunia_dursley)	0
parent(luna_lovegood, Z11)	parent(luna_lovegood, lucius_malfoy)	0
parent(Z9, Z10)	parent(Z9, james_potter)	0
parent(rose_weasley, Z7)	parent(rose_weasley, molly_weasley)	0
parent(fred_weasley, Z10)	parent(fred_weasley, ron_weasley)	0
ancestor(bill_weasley, _EX3)	ancestor(X, Y) :- ancestor(Z, Y), parent(X, Z)	0
parent(george_weasley, Z12)	parent(george_weasley, hermione_granger)	0
parent(ron_weasley, Z7)	parent(ron_weasley, molly_weasley)	0
ancestor(neville_longbottom, Z)	ancestor(X, Y) :- ancestor(Z, Y), parent(X, Z)	0
parent(luna_lovegood, Z8)	parent(luna_lovegood, ginny_weasley)	0
parent(james_sirius_potter, Z11)	parent(james_sirius_potter, hermione_granger)	0
parent(harry_potter, molly_weasley)	parent(harry_potter, molly_weasley)	0
parent(neville_longbottom, lily_potter)	parent(neville_longbottom, lily_potter)	0
parent(bill_weasley, Z7)	parent(bill_weasley, harry_potter)	0
parent(bill_weasley, Z2)	parent(bill_weasley, ron_weasley)	0
parent(harry_potter, Z8)	parent(harry_potter, petunia_dursley)	0
parent(draco_malfoy, Z6)	parent(draco_malfoy, alice_longbottom)	0
parent(P, Z1)	parent(P, petunia_dursley)	0
parent(george_weasley, Z11)	parent(george_weasley, frank_longbottom)	0
parent(bill_weasley, Z11)	parent(bill_weasley, hermione_granger)	0
parent(james_sirius_potter, Z12)	parent(james_sirius_potter, harry_potter)	0
parent(Z10, Z11)	parent(Z10, vernon_dursley)	0
muggleborn(X0)	muggleborn(gilderoy_lockhart)	0
parent(hugo_weasley, Z10)	parent(hugo_weasley, alice_longbottom)	0
parent(luna_lovegood, Z10)	parent(luna_lovegood, petunia_dursley)	0
parent(george_weasley, Z11)	parent(george_weasley, lily_potter)	0
parent(lily_luna_potter, Z4)	parent(lily_luna_potter, lucius_malfoy)	0
parent(ron_weasley, Z3)	parent(ron_weasley, narcissa_malfoy)	0
parent(lily_luna_potter, Z12)	parent(lily_luna_potter, james_potter)	0
parent(lily_luna_potter, Z9)	parent(lily_luna_potter, harry_potter)	0
parent(draco_malfoy, Z12)	parent(draco_malfoy, narcissa_malfoy)	0
parent(luna_lovegood, Z9)	parent(luna_lovegood, molly_weasley)	0
parent(albus_severus_potter, Z8)	parent(albus_severus_potter, ron_weasley)	0
member_of(X0, death_eaters)	member_of(remus_lupin, death_eaters)	0
half_blood(X0)	half_blood(george_weasley)	0
parent(dudley_dursley, Z2)	parent(dudley_dursley, frank_longbottom)	0
parent(bill_weasley, Z2)	parent(bill_weasley, molly_weasley)	0
parent(percy_weasley, Z11)	parent(percy_weasley, hermione_granger)	0
parent(draco_malfoy, Z8)	parent(draco_malfoy, james_potter)	0
ancestor(ron_weasley, neville_longbottom)	ancestor(X, Y) :- ancestor(Z, Y), parent(X, Z)	0
ancestor(george_weasley, neville_longbottom)	ancestor(X, Y) :- ancestor(Z, Y), parent(X, Z)	0
parent(dudley_dursley, Z12)	parent(dudley_dursley, ron_weasley)	0
parent(percy_weasley, Z9)	parent(percy_weasley, harry_potter)	0
parent(charlie_weasley, Z10)	parent(charlie_weasley, petunia_dursley)	0
ancestor(fred_weasley, P)	ancestor(X, Y) :- ancestor(Z, Y), parent(X, Z)	0
pure_blood(X0)	pure_blood(lily_potter)	0
parent(george_weasley, Z10)	parent(george_weasley, petunia_dursley)	0
parent(luna_lovegood, Z2)	parent(luna_lovegood, narcissa_malfoy)	0
ancestor(Z, Y)	ancestor(X, Y) :- ancestor(Z, Y), parent(X, Z)	0
ancestor(P, _EX3)	ancestor(X, Y) :- ancestor(Z, Y), parent(X, Z)	0
parent(ron_weasley, Z12)	parent(ron_weasley, molly_weasley)	0
parent(percy_weasley, Z10)	parent(percy_weasley, lily_potter)	0
parent(luna_lovegood, Z12)	parent(luna_lovegood, harry_potter)	0
parent(george_weasley, Z11)	parent(george_weasley, ron_weasley)	0
ancestor(P, _EX5)	ancestor(X, Y) :- ancestor(Z, Y), parent(X, Z)	0
parent(luna_lovegood, Z9)	parent(luna_lovegood, petunia_dursley)	0
ancestor(lily_luna_potter, P)	ancestor(X, Y) :- parent(X, Y)	0
muggleborn(X0)	muggleborn(george_weasley)	0
ancestor(percy_weasley, _EX4)	ancestor(X, Y) :- ancestor(Z, Y), parent(X, Z)	0
parent(rose_weasley, Z6)	parent(rose_weasley, harry_potter)	0
parent(james_sirius_potter, Z6)	parent(james_sirius_potter, james_potter)	0
parent(ginny_weasley, Z7)	parent(ginny_weasley, ron_weasley)	0
ancestor(ron_weasley, _EX3)	ancestor(X, Y) :- ancestor(Z, Y), parent(X, Z)	0
muggleborn(X0)	muggleborn(vincent_crabble)	0
parent(ginny_weasley, Z6)	parent(ginny_weasley, lily_potter)	0
parent(draco_malfoy, Z4)	parent(draco_malfoy, harry_potter)	0
parent(dudley_dursley, arthur_weasley)	parent(dudley_dursley, arthur_weasley)	0
half_blood(X0)	half_blood(gilderoy_lockhart)	0
ancestor(lily_luna_potter, _EX4)	ancestor(X, Y) :- parent(X, Y)	0
parent(percy_weasley, molly_weasley)	parent(percy_weasley, molly_weasley)	0
parent(fred_weasley, Z9)	parent(fred_weasley, molly_weasley)	0
parent(draco_malfoy, Z7)	parent(draco_malfoy, james_potter)	0
parent(Z4, Z5)	parent(Z4, narcissa_malfoy)	0
parent(charlie_weasley, Z12)	parent(charlie_weasley, harry_potter)	0
parent(hugo_weasley, Z6)	parent(hugo_weasley, frank_longbottom)	0
parent(harry_potter, Z12)	parent(harry_potter, ginny_weasley)	0
parent(bill_weasley, Z9)	parent(bill_weasley, harry_potter)	0
parent(rose_weasley, Z4)	parent(rose_weasley, petunia_dursley)	0
parent(lily_luna_potter, Z11)	parent(lily_luna_potter, ginny_weasley)	0
ancestor(dudley_dursley, Z)	ancestor(X, Y) :- ancestor(Z, Y), parent(X, Z)	0
parent(george_weasley, Z10)	parent(george_weasley, lily_potter)	0
parent(fred_weasley, james_potter)	parent(fred_weasley, james_potter)	0
muggleborn(X0)	muggleborn(albus_severus_potter)	0
parent(Z11, Z12)	parent(Z11, arthur_weasley)	0
ancestor(neville_longbottom, _EX5)	ancestor(X, Y) :- parent(X, Y)	0
ancestor(rose_weasley, _EX3)	ancestor(X, Y) :- parent(X, Y)	0
parent(charlie_weasley, Z8)	parent(charlie_weasley, narcissa_malfoy)	0
parent(rose_weasley, Z8)	parent(rose_weasley, frank_longbottom)	0
half_blood(X0)	half_blood(peter_pettigrew)	0
parent(hugo_weasley, Z7)	parent(hugo_weasley, vernon_dursley)	0
ancestor(ginny_weasley, james_sirius_potter)	ancestor(X, Y) :- ancestor(Z, Y), parent(X, Z)	0
parent(george_weasley, Z5)	parent(george_weasley, arthur_weasley)	0
parent(albus_severus_potter, Z8)	parent(albus_severus_potter, alice_longbottom)	0
ancestor(bill_weasley, X)	ancestor(X, Y) :- parent(X, Y)	0
parent(hugo_weasley, Z8)	parent(hugo_weasley, petunia_dursley)	0
parent(albus_severus_potter, Z7)	parent(albus_severus_potter, narcissa_malfoy)	0
parent(ginny_weasley, Z11)	parent(ginny_weasley, hermione_granger)	0
parent(lily_luna_potter, Z11)	parent(lily_luna_potter, harry_potter)	0
parent(george_weasley, Z10)	parent(george_weasley, ron_weasley)	0
parent(draco_malfoy, Z8)	parent(draco_malfoy, narcissa_malfoy)	0
parent(fred_weasley, Z7)	parent(fred_weasley, petunia_dursley)	0
ancestor(neville_longbottom, neville_longbottom)	ancestor(X, Y) :- ancestor(Z, Y), parent(X, Z)	0
parent(dudley_dursley, Z12)	parent(dudley_dursley, arthur_weasley)	0
parent(lily_luna_potter, Z10)	parent(lily_luna_potter, lily_potter)	0
ancestor(rose_weasley, X)	ancestor(X, Y) :- ancestor(Z, Y), parent(X, Z)	0
parent(george_weasley, Z9)	parent(george_weasley, narcissa_malfoy)	0
enemy(albus_dumbledore, narcissa_malfoy)	enemy(X, Y) :- member_of(X, death_eaters), member_of(Y, dumbledores_army)	0
parent(harry_potter, Z10)	parent(harry_potter, hermione_granger)	0
parent(Z6, Z7)	parent(Z6, frank_longbottom)	0
parent(P, Z1)	parent(P, lily_potter)	0
ancestor(rose_weasley, P)	ancestor(X, Y) :- parent(X, Y)	0
parent(ron_weasley, Z10)	parent(ron_weasley, frank_longbottom)	0
ancestor(albus_severus_potter, _EX3)	ancestor(X, Y) :- ancestor(Z, Y), parent(X, Z)	0
parent(ron_weasley, Z6)	parent(ron_weasley, lily_potter)	0
parent(percy_weasley, Z9)	parent(percy_weasley, vernon_dursley)	0
parent(hugo_weasley, Z2)	parent(hugo_weasley, molly_weasley)	0
parent(albus_severus_potter, Z3)	parent(albus_severus_potter, frank_longbottom)	0
parent(neville_longbottom, Z3)	parent(neville_longbottom, petunia_dursley)	0
parent(harry_potter, Z3)	parent(harry_potter, frank_longbottom)	0
parent(james_sirius_potter, Z4)	parent(james_sirius_potter, molly_weasley)	0
parent(draco_malfoy, Z9)	parent(draco_malfoy, lily_potter)	0
parent(luna_lovegood, Z12)	parent(luna_lovegood, james_potter)	0
muggleborn(X0)	muggleborn(albus_dumbledore)	0
parent(draco_malfoy, Z11)	parent(draco_malfoy, lucius_malfoy)	0
half_blood(X0)	half_blood(frank_longbottom)	0
parent(ron_weasley, Z10)	parent(ron_weasley, lucius_malfoy)	0
parent(dudley_dursley, Z3)	parent(dudley_dursley, lucius_malfoy)	0
parent(james_sirius_potter, Z3)	parent(james_sirius_potter, vernon_dursley)	0
parent(ginny_weasley, Z11)	parent(ginny_weasley, frank_longbottom)	0
ancestor(P, neville_longbottom)	ancestor(X, Y) :- parent(X, Y)	0
parent(bill_weasley, Z10)	parent(bill_weasley, james_potter)	0
parent(bill_weasley, Z9)	parent(bill_weasley, xenophilius_lovegood)	0
parent(Z4, Z5)	parent(Z4, molly_weasley)	0
parent(fred_weasley, Z6)	parent(fred_weasley, frank_longbottom)	0
parent(Z4, Z5)	parent(Z4, lily_potter)	0
parent(hugo_weasley, Z12)	parent(hugo_weasley, harry_potter)	0
parent(draco_malfoy, Z7)	parent(draco_malfoy, narcissa_malfoy)	0
parent(_EX3, Z1)	parent(_EX3, narcissa_malfoy)	0
parent(ginny_weasley, Z3)	parent(ginny_weasley, xenophilius_lovegood)	0
ancestor(P, X)	ancestor(X, Y) :- ancestor(Z, Y), parent(X, Z)	0
parent(percy_weasley, Z12)	parent(percy_weasley, lucius_malfoy)	0
parent(draco_malfoy, Z12)	parent(draco_malfoy, molly_weasley)	0
ancestor(george_weasley, Z)	ancestor(X, Y) :- ancestor(Z, Y), parent(X, Z)	0
parent(Z2, arthur_weasley)	parent(Z2, arthur_weasley)	0
parent(Z7, Z8)	parent(Z7, hermione_granger)	0
parent(ginny_weasley, Z8)	parent(ginny_weasley, ginny_weasley)	0
parent(percy_weasley, Z2)	parent(percy_weasley, ginny_weasley)	0
parent(Z11, Z12)	parent(Z11, hermione_granger)	0
muggleborn(X0)	muggleborn(xenophilius_lovegood)	0
muggleborn(X0)	muggleborn(tom_riddle)	0
parent(Z4, Z5)	parent(Z4, frank_longbottom)	0
parent(neville_longbottom, Z2)	parent(neville_longbottom, alice_longbottom)	0
parent(hugo_weasley, Z7)	parent(hugo_weasley, arthur_weasley)	0
ancestor(percy_weasley, _EX3)	ancestor(X, Y) :- parent(X, Y)	0
parent(Z6, lily_potter)	parent(Z6, lily_potter)	0
parent(hugo_weasley, Z6)	parent(hugo_weasley, xenophilius_lovegood)	0
parent(rose_weasley, Z11)	parent(rose_weasley, alice_longbottom)	0
parent(P, Z0)	parent(P, arthur_weasley)	0
parent(percy_weasley, Z12)	parent(percy_weasley, xenophilius_lovegood)	0
parent(harry_potter, Z2)	parent(harry_potter, narcissa_malfoy)	0
parent(harry_potter, Z2)	parent(harry_potter, vernon_dursley)	0
parent(dudley_dursley, Z3)	parent(dudley_dursley, ron_weasley)	0
parent(bill_weasley, Z10)	parent(bill_weasley, ginny_weasley)	0
parent(bill_weasley, Z9)	parent(bill_weasley, vernon_dursley)	0
parent(ron_weasley, Z9)	parent(ron_weasley, ginny_weasley)	0
parent(Z6, Z7)	parent(Z6, arthur_weasley)	0
parent(dudley_dursley, Z2)	parent(dudley_dursley, lucius_malfoy)	0
parent(james_sirius_potter, Z9)	parent(james_sirius_potter, harry_potter)	0
parent(george_weasley, Z11)	parent(george_weasley, molly_weasley)	0
parent(Z5, Z6)	parent(Z5, hermione_granger)	0
parent(hugo_weasley, Z6)	parent(hugo_weasley, arthur_weasley)	0
parent(ginny_weasley, Z8)	parent(ginny_weasley, xenophilius_lovegood)	0
parent(albus_severus_potter, Z4)	parent(albus_severus_potter, lucius_malfoy)	0
parent(neville_longbottom, Z12)	parent(neville_longbottom, alice_longbottom)	0
parent(luna_lovegood, Z9)	parent(luna_lovegood, xenophilius_lovegood)	0
ancestor(draco_malfoy, _EX5)	ancestor(X, Y) :- ancestor(Z, Y), parent(X, Z)	0
parent(Z3, Z4)	parent(Z3, vernon_dursley)	0
parent(Z2, Z3)	parent(Z2, narcissa_malfoy)	0
parent(albus_severus_potter, Z2)	parent(albus_severus_potter, xenophilius_lovegood)	0
parent(james_sirius_potter, arthur_weasley)	parent(james_sirius_potter, arthur_weasley)	0
parent(albus_severus_potter, Z7)	parent(albus_severus_potter, lily_potter)	0
parent(ron_weasley, Z11)	parent(ron_weasley, xenophilius_lovegood)	0
parent(bill_weasley, Z12)	parent(bill_weasley, ron_weasley)	0
parent(lily_luna_potter, Z12)	parent(lily_luna_potter, harry_potter)	0
parent(ginny_weasley, Z6)	parent(ginny_weasley, james_potter)	0
parent(P, Z1)	parent(P, alice_longbottom)	0
parent(draco_malfoy, Z4)	parent(draco_malfoy, xenophilius_lovegood)	0
parent(luna_lovegood, arthur_weasley)	parent(luna_lovegood, arthur_weasley)	0
ancestor(bill_weasley, Y)	ancestor(X, Y) :- ancestor(Z, Y), parent(X, Z)	0
parent(rose_weasley, Z10)	parent(rose_weasley, frank_longbottom)	0
parent(lily_luna_potter, Z8)	parent(lily_luna_potter, arthur_weasley)	0
parent(charlie_weasley, Z2)	parent(charlie_weasley, vernon_dursley)	0
parent(hugo_weasley, Z10)	parent(hugo_weasley, xenophilius_lovegood)	0
ancestor(neville_longbottom, Z)	ancestor(X, Y) :- parent(X, Y)	0
parent(harry_potter, Z12)	parent(harry_potter, xenophilius_lovegood)	0
parent(luna_lovegood, Z11)	parent(luna_lovegood, harry_potter)	0
parent(ginny_weasley, Z4)	parent(ginny_weasley, ginny_weasley)	0
parent(dudley_dursley, Z2)	parent(dudley_dursley, ron_weasley)	0
parent(draco_malfoy, Z9)	parent(draco_malfoy, vernon_dursley)	0
parent(percy_weasley, Z8)	parent(percy_weasley, vernon_dursley)	0
parent(fred_weasley, Z7)	parent(fred_weasley, lucius_malfoy)	0
parent(ron_weasley, Z11)	parent(ron_weasley, ron_weasley)	0
parent(draco_malfoy, Z12)	parent(draco_malfoy, lily_potter)	0
parent(hugo_weasley, Z10)	parent(hugo_weasley, arthur_weasley)	0
parent(dudley_dursley, Z10)	parent(dudley_dursley, narcissa_malfoy)	0
parent(dudley_dursley, molly_weasley)	parent(dudley_dursley, molly_weasley)	0
parent(fred_weasley, Z12)	parent(fred_weasley, lily_potter)	0
parent(dudley_dursley, Z10)	parent(dudley_dursley, molly_weasley)	0
parent(bill_weasley, Z11)	parent(bill_weasley, xenophilius_lovegood)	0
parent(percy_weasley, arthur_weasley)	parent(percy_weasley, arthur_weasley)	0
ancestor(percy_weasley, Z)	ancestor(X, Y) :- ancestor(Z, Y), parent(X, Z)	0
parent(lily_luna_potter, Z8)	parent(lily_luna_potter, hermione_granger)	0
parent(rose_weasley, Z7)	parent(rose_weasley, petunia_dursley)	0
parent(percy_weasley, Z2)	parent(percy_weasley, petunia_dursley)	0
parent(neville_longbottom, Z12)	parent(neville_longbottom, narcissa_malfoy)	0
parent(bill_weasley, Z12)	parent(bill_weasley, molly_weasley)	0
parent(hugo_weasley, Z7)	parent(hugo_weasley, lily_potter)	0
parent(james_sirius_potter, Z4)	parent(james_sirius_potter, harry_potter)	0
parent(harry_potter, Z6)	parent(harry_potter, xenophilius_lovegood)	0
ancestor(ginny_weasley, Z)	ancestor(X, Y) :- parent(X, Y)	0
ancestor(ron_weasley, neville_longbottom)	ancestor(X, Y) :- parent(X, Y)	0
ancestor(george_weasley, neville_longbottom)	ancestor(X, Y) :- parent(X, Y)	0
parent(lily_luna_potter, Z9)	parent(lily_luna_potter, vernon_dursley)	0
parent(percy_weasley, Z3)	parent(percy_weasley, ginny_weasley)	0
parent(harry_potter, Z0)	parent(harry_potter, narcissa_malfoy)	0
parent(charlie_weasley, Z6)	parent(charlie_weasley, hermione_granger)	0
parent(neville_longbottom, Z12)	parent(neville_longbottom, hermione_granger)	0
ancestor(fred_weasley, P)	ancestor(X, Y) :- parent(X, Y)	0
parent(lily_luna_potter, Z11)	parent(lily_luna_potter, alice_longbottom)	0
parent(fred_weasley, Z10)	parent(fred_weasley, lily_potter)	0
parent(bill_weasley, Z3)	parent(bill_weasley, lucius_malfoy)	0
parent(lily_luna_potter, Z7)	parent(lily_luna_potter, harry_potter)	0
parent(charlie_weasley, Z4)	parent(charlie_weasley, frank_longbottom)	0
parent(lily_luna_potter, Z10)	parent(lily_luna_potter, xenophilius_lovegood)	0
parent(neville_longbottom, Z10)	parent(neville_longbottom, ginny_weasley)	0
parent(draco_malfoy, Z12)	parent(draco_malfoy, ron_weasley)	0
parent(harry_potter, Z3)	parent(harry_potter, lucius_malfoy)	0
parent(hugo_weasley, Z9)	parent(hugo_weasley, molly_weasley)	0
parent(dudley_dursley, Z7)	parent(dudley_dursley, harry_potter)	0
parent(neville_longbottom, Z10)	parent(neville_longbottom, lily_potter)	0
parent(ron_weasley, Z10)	parent(ron_weasley, xenophilius_lovegood)	0
parent(dudley_dursley, Z8)	parent(dudley_dursley, xenophilius_lovegood)	0
parent(draco_malfoy, Z9)	parent(draco_malfoy, petunia_dursley)	0
parent(charlie_weasley, Z6)	parent(charlie_weasley, frank_longbottom)	0
ancestor(charlie_weasley, X)	ancestor(X, Y) :- parent(X, Y)	0
parent(fred_weasley, Z12)	parent(fred_weasley, hermione_granger)	0
parent(james_sirius_potter, Z7)	parent(james_sirius_potter, lily_potter)	0
parent(ron_weasley, Z11)	parent(ron_weasley, lily_potter)	0
parent(george_weasley, Z9)	parent(george_weasley, frank_longbottom)	0
parent(ron_weasley, Z8)	parent(ron_weasley, narcissa_malfoy)	0
muggleborn(X0)	muggleborn(james_sirius_potter)	0
ancestor(charlie_weasley, P)	ancestor(X, Y) :- ancestor(Z, Y), parent(X, Z)	0
parent(dudley_dursley, Z11)	parent(dudley_dursley, lily_potter)	0
ancestor(george_weasley, _EX5)	ancestor(X, Y) :- ancestor(Z, Y), parent(X, Z)	0
parent(james_sirius_potter, Z11)	parent(james_sirius_potter, arthur_weasley)	0
parent(luna_lovegood, Z3)	parent(luna_lovegood, lucius_malfoy)	0
parent(lily_luna_potter, Z11)	parent(lily_luna_potter, james_potter)	0
parent(lily_luna_potter, Z12)	parent(lily_luna_potter, narcissa_malfoy)	0
parent(rose_weasley, Z8)	parent(rose_weasley, james_potter)	0
parent(charlie_weasley, Z8)	parent(charlie_weasley, molly_weasley)	0
parent(Z8, Z9)	parent(Z8, frank_longbottom)	0
parent(james_sirius_potter, Z12)	parent(james_sirius_potter, lily_potter)	0
parent(bill_weasley, Z10)	parent(bill_weasley, narcissa_malfoy)	0
parent(draco_malfoy, Z2)	parent(draco_malfoy, molly_weasley)	0
parent(hugo_weasley, Z2)	parent(hugo_weasley, arthur_weasley)	0
parent(lily_luna_potter, lily_potter)	parent(lily_luna_potter, lily_potter)	0
ancestor(ginny_weasley, _EX3)	ancestor(X, Y) :- ancestor(Z, Y), parent(X, Z)	0
ancestor(dudley_dursley, Z)	ancestor(X, Y) :- parent(X, Y)	0
parent(percy_weasley, Z12)	parent(percy_weasley, lily_potter)	0
parent(fred_weasley, Z2)	parent(fred_weasley, ron_weasley)	0
parent(Z9, Z10)	parent(Z9, hermione_granger)	0
parent(fred_weasley, Z9)	parent(fred_weasley, ron_weasley)	0
parent(fred_weasley, Z10)	parent(fred_weasley, hermione_granger)	0
parent(harry_potter, Z8)	parent(harry_potter, vernon_dursley)	0
parent(harry_potter, Z2)	parent(harry_potter, james_potter)	0
parent(george_weasley, Z10)	parent(george_weasley, alice_longbottom)	0
parent(percy_weasley, Z11)	parent(percy_weasley, frank_longbottom)	0
parent(bill_weasley, Z2)	parent(bill_weasley, alice_longbottom)	0
parent(albus_severus_potter, Z7)	parent(albus_severus_potter, molly_weasley)	0
ancestor(george_weasley, X)	ancestor(X, Y) :- ancestor(Z, Y), parent(X, Z)	0
parent(draco_malfoy, Z8)	parent(draco_malfoy, lily_potter)	0
parent(lily_luna_potter, Z4)	parent(lily_luna_potter, arthur_weasley)	0
parent(luna_lovegood, Z10)	parent(luna_lovegood, lucius_malfoy)	0
parent(dudley_dursley, Z7)	parent(dudley_dursley, ginny_weasley)	0
parent(rose_weasley, Z12)	parent(rose_weasley, alice_longbottom)	0
parent(ginny_weasley, Z10)	parent(ginny_weasley, lily_potter)	0
parent(ron_weasley, Z2)	parent(ron_weasley, narcissa_malfoy)	0
parent(percy_weasley, Z3)	parent(percy_weasley, petunia_dursley)	0
parent(albus_severus_potter, Z12)	parent(albus_severus_potter, xenophilius_lovegood)	0
parent(harry_potter, Z12)	parent(harry_potter, harry_potter)	0
parent(draco_malfoy, Z10)	parent(draco_malfoy, molly_weasley)	0
parent(james_sirius_potter, Z8)	parent(james_sirius_potter, alice_longbottom)	0
parent(harry_potter, Z11)	parent(harry_potter, lucius_malfoy)	0
ancestor(X, P)	ancestor(X, Y) :- ancestor(Z, Y), parent(X, Z)	0
parent(fred_weasley, Z10)	parent(fred_weasley, vernon_dursley)	0
parent(fred_weasley, Z12)	parent(fred_weasley, lucius_malfoy)	0
ancestor(rose_weasley, X)	ancestor(X, Y) :- parent(X, Y)	0
muggleborn(X0)	muggleborn(bill_weasley)	0
parent(hugo_weasley, Z12)	parent(hugo_weasley, ron_weasley)	0
parent(dudley_dursley, Z7)	parent(dudley_dursley, arthur_weasley)	0
parent(percy_weasley, Z10)	parent(percy_weasley, vernon_dursley)	0
parent(lily_luna_potter, Z4)	parent(lily_luna_potter, hermione_granger)	0
muggleborn(X0)	muggleborn(vernon_dursley)	0
parent(ron_weasley, Z10)	parent(ron_weasley, lily_potter)	0
parent(harry_potter, Z2)	parent(harry_potter, hermione_granger)	0
parent(harry_potter, Z12)	parent(harry_potter, petunia_dursley)	0
parent(albus_severus_potter, Z8)	parent(albus_severus_potter, lucius_malfoy)	0
parent(neville_longbottom, Z12)	parent(neville_longbottom, ginny_weasley)	0
half_blood(X0)	half_blood(luna_lovegood)	0
parent(percy_weasley, Z2)	parent(percy_weasley, alice_longbottom)	0
parent(draco_malfoy, Z8)	parent(draco_malfoy, ron_weasley)	0
parent(ron_weasley, Z3)	parent(ron_weasley, harry_potter)	0
parent(charlie_weasley, Z6)	parent(charlie_weasley, james_potter)	0
parent(albus_severus_potter, Z9)	parent(albus_severus_potter, lily_potter)	0
parent(hugo_weasley, Z11)	parent(hugo_weasley, molly_weasley)	0
parent(ginny_weasley, Z9)	parent(ginny_weasley, ron_weasley)	0
parent(luna_lovegood, Z10)	parent(luna_lovegood, arthur_weasley)	0
half_blood(X0)	half_blood(fleur_delacour)	0
parent(harry_potter, Z4)	parent(harry_potter, vernon_dursley)	0
parent(fred_weasley, Z10)	parent(fred_weasley, lucius_malfoy)	0
parent(Z9, Z10)	parent(Z9, arthur_weasley)	0
parent(james_sirius_potter, Z10)	parent(james_sirius_potter, frank_longbottom)	0
ancestor(P, X)	ancestor(X, Y) :- parent(X, Y)	0
parent(harry_potter, Z10)	parent(harry_potter, arthur_weasley)	0
ancestor(george_weasley, Z)	ancestor(X, Y) :- parent(X, Y)	0
parent(george_weasley, Z12)	parent(george_weasley, narcissa_malfoy)	0
ancestor(harry_potter, james_sirius_potter)	ancestor(X, Y) :- ancestor(Z, Y), parent(X, Z)	0
ancestor(dudley_dursley, X)	ancestor(X, Y) :- parent(X, Y)	0
ancestor(ron_weasley, P)	ancestor(X, Y) :- ancestor(Z, Y), parent(X, Z)	0
parent(albus_severus_potter, Z2)	parent(albus_severus_potter, ginny_weasley)	0
parent(ginny_weasley, Z3)	parent(ginny_weasley, petunia_dursley)	0
parent(neville_longbottom, Z8)	parent(neville_longbottom, xenophilius_lovegood)	0
parent(albus_severus_potter, Z2)	parent(albus_severus_potter, hermione_granger)	0
parent(P, Z0)	parent(P, james_potter)	0
parent(Z8, lily_potter)	parent(Z8, lily_potter)	0
ancestor(ginny_weasley, neville_longbottom)	ancestor(X, Y) :- parent(X, Y)	0
parent(james_sirius_potter, Z7)	parent(james_sirius_potter, petunia_dursley)	0
parent(fred_weasley, Z11)	parent(fred_weasley, molly_weasley)	0
parent(draco_malfoy, Z7)	parent(draco_malfoy, ron_weasley)	0
parent(neville_longbottom, Z9)	parent(neville_longbottom, alice_longbottom)	0
parent(james_sirius_potter, Z4)	parent(james_sirius_potter, james_potter)	0
parent(dudley_dursley, Z12)	parent(dudley_dursley, harry_potter)	0
parent(draco_malfoy, Z2)	parent(draco_malfoy, ron_weasley)	0
parent(harry_potter, Z3)	parent(harry_potter, lily_potter)	0
parent(dudley_dursley, Z9)	parent(dudley_dursley, xenophilius_lovegood)	0
parent(lily_luna_potter, Z7)	parent(lily_luna_potter, alice_longbottom)	0
parent(albus_severus_potter, Z11)	parent(albus_severus_potter, xenophilius_lovegood)	0
parent(ginny_weasley, Z7)	parent(ginny_weasley, harry_potter)	0
parent(ron_weasley, Z9)	parent(ron_weasley, narcissa_malfoy)	0
parent(ginny_weasley, Z10)	parent(ginny_weasley, vernon_dursley)	0
ancestor(george_weasley, james_sirius_potter)	ancestor(X, Y) :- parent(X, Y)	0
parent(Z5, Z6)	parent(Z5, alice_longbottom)	0
parent(draco_malfoy, Z8)	parent(draco_malfoy, arthur_weasley)	0
parent(lily_luna_potter, Z3)	parent(lily_luna_potter, ginny_weasley)	0
parent(james_sirius_potter, Z12)	parent(james_sirius_potter, petunia_dursley)	0
parent(harry_potter, Z12)	parent(harry_potter, arthur_weasley)	0
parent(luna_lovegood, Z9)	parent(luna_lovegood, lily_potter)	0
parent(Z7, lily_potter)	parent(Z7, lily_potter)	0
half_blood(X0)	half_blood(godric_gryffindor)	0
parent(neville_longbottom, Z12)	parent(neville_longbottom, ron_weasley)	0
parent(albus_severus_potter, Z3)	parent(albus_severus_potter, narcissa_malfoy)	0
parent(james_sirius_potter, Z7)	parent(james_sirius_potter, narcissa_malfoy)	0
parent(neville_longbottom, Z6)	parent(neville_longbottom, molly_weasley)	0
enemy(P, draco_malfoy)	enemy(X, Y) :- member_of(X, death_eaters), member_of(Y, dumbledores_army)	0
ancestor(charlie_weasley, neville_longbottom)	ancestor(X, Y) :- ancestor(Z, Y), parent(X, Z)	0
parent(george_weasley, Z9)	parent(george_weasley, ginny_weasley)	0
parent(ginny_weasley, Z9)	parent(ginny_weasley, alice_longbottom)	0
parent(bill_weasley, Z11)	parent(bill_weasley, ron_weasley)	0
parent(luna_lovegood, Z8)	parent(luna_lovegood, narcissa_malfoy)	0
parent(rose_weasley, Z10)	parent(rose_weasley, hermione_granger)	0
parent(george_weasley, Z4)	parent(george_weasley, frank_longbottom)	0
parent(neville_longbottom, Z2)	parent(neville_longbottom, lucius_malfoy)	0
parent(harry_potter, Z9)	parent(harry_potter, hermione_granger)	0
parent(harry_potter, Z8)	parent(harry_potter, james_potter)	0
parent(james_sirius_potter, Z9)	parent(james_sirius_potter, narcissa_malfoy)	0
parent(percy_weasley, Z2)	parent(percy_weasley, xenophilius_lovegood)	0
parent(hugo_weasley, Z4)	parent(hugo_weasley, hermione_granger)	0
parent(ron_weasley, Z7)	parent(ron_weasley, harry_potter)	0
parent(percy_weasley, Z8)	parent(percy_weasley, james_potter)	0
parent(rose_weasley, Z8)	parent(rose_weasley, alice_longbottom)	0
parent(bill_weasley, Z3)	parent(bill_weasley, hermione_granger)	0
parent(ron_weasley, Z12)	parent(ron_weasley, hermione_granger)	0
parent(percy_weasley, Z3)	parent(percy_weasley, alice_longbottom)	0
ancestor(percy_weasley, Z)	ancestor(X, Y) :- parent(X, Y)	0
parent(james_sirius_potter, Z10)	parent(james_sirius_potter, harry_potter)	0
parent(harry_potter, Z6)	parent(harry_potter, arthur_weasley)	0
parent(lily_luna_potter, Z9)	parent(lily_luna_potter, arthur_weasley)	0
parent(fred_weasley, Z7)	parent(fred_weasley, molly_weasley)	0
parent(dudley_dursley, Z9)	parent(dudley_dursley, lily_potter)	0
parent(ginny_weasley, Z10)	parent(ginny_weasley, james_potter)	0
parent(hugo_weasley, Z11)	parent(hugo_weasley, vernon_dursley)	0
parent(percy_weasley, Z3)	parent(percy_weasley, ron_weasley)	0
parent(albus_severus_potter, Z7)	parent(albus_severus_potter, ginny_weasley)	0
parent(james_sirius_potter, Z3)	parent(james_sirius_potter, xenophilius_lovegood)	0
parent(harry_potter, Z10)	parent(harry_potter, frank_longbottom)	0
parent(george_weasley, Z9)	parent(george_weasley, molly_weasley)	0
ancestor(charlie_weasley, _EX3)	ancestor(X, Y) :- ancestor(Z, Y), parent(X, Z)	0
parent(bill_weasley, Z2)	parent(bill_weasley, lily_potter)	0
ancestor(james_sirius_potter, P)	ancestor(X, Y) :- ancestor(Z, Y), parent(X, Z)	0
parent(albus_severus_potter, Z7)	parent(albus_severus_potter, hermione_granger)	0
ancestor(james_sirius_potter, james_sirius_potter)	ancestor(X, Y) :- parent(X, Y)	0
parent(fred_weasley, Z9)	parent(fred_weasley, xenophilius_lovegood)	0
parent(ron_weasley, Z7)	parent(ron_weasley, frank_longbottom)	0
parent(charlie_weasley, Z9)	parent(charlie_weasley, lily_potter)	0
parent(fred_weasley, Z12)	parent(fred_weasley, xenophilius_lovegood)	0
ancestor(lily_luna_potter, _EX5)	ancestor(X, Y) :- parent(X, Y)	0
parent(albus_severus_potter, Z11)	parent(albus_severus_potter, arthur_weasley)	0
parent(lily_luna_potter, Z3)	parent(lily_luna_potter, molly_weasley)	0
parent(albus_severus_potter, Z9)	parent(albus_severus_potter, molly_weasley)	0
parent(dudley_dursley, Z4)	parent(dudley_dursley, lily_potter)	0
parent(james_sirius_potter, Z4)	parent(james_sirius_potter, lucius_malfoy)	0
parent(neville_longbottom, Z12)	parent(neville_longbottom, frank_longbottom)	0
parent(fred_weasley, Z7)	parent(fred_weasley, alice_longbottom)	0
parent(albus_severus_potter, Z8)	parent(albus_severus_potter, frank_longbottom)	0
parent(lily_luna_potter, Z9)	parent(lily_luna_potter, hermione_granger)	0
parent(albus_severus_potter, Z12)	parent(albus_severus_potter, james_potter)	0
parent(Z1, lily_potter)	parent(Z1, lily_potter)	0
ancestor(draco_malfoy, james_sirius_potter)	ancestor(X, Y) :- parent(X, Y)	0
parent(hugo_weasley, Z12)	parent(hugo_weasley, alice_longbottom)	0
parent(rose_weasley, Z12)	parent(rose_weasley, vernon_dursley)	0
parent(Z11, Z12)	parent(Z11, lucius_malfoy)	0
ancestor(fred_weasley, _EX5)	ancestor(X, Y) :- ancestor(Z, Y), parent(X, Z)	0
parent(luna_lovegood, Z3)	parent(luna_lovegood, molly_weasley)	0
parent(rose_weasley, Z11)	parent(rose_weasley, petunia_dursley)	0
parent(harry_potter, Z4)	parent(harry_potter, james_potter)	0
parent(bill_weasley, Z9)	parent(bill_weasley, arthur_weasley)	0
parent(charlie_weasley, Z2)	parent(charlie_weasley, james_potter)	0
parent(ginny_weasley, Z12)	parent(ginny_weasley, ron_weasley)	0
muggleborn(X0)	muggleborn(luna_lovegood)	0
parent(fred_weasley, Z10)	parent(fred_weasley, xenophilius_lovegood)	0
parent(neville_longbottom, Z7)	parent(neville_longbottom, molly_weasley)	0
parent(ron_weasley, Z7)	parent(ron_weasley, petunia_dursley)	0
member_of(X0, death_eaters)	member_of(arthur_weasley, death_eaters)	0
parent(george_weasley, Z11)	parent(george_weasley, ginny_weasley)	0
parent(bill_weasley, james_potter)	parent(bill_weasley, james_potter)	0
ancestor(percy_weasley, P)	ancestor(X, Y) :- ancestor(Z, Y), parent(X, Z)	0
parent(Z7, Z8)	parent(Z7, vernon_dursley)	0
parent(bill_weasley, Z12)	parent(bill_weasley, alice_longbottom)	0
parent(Z11, Z12)	parent(Z11, vernon_dursley)	0
parent(george_weasley, Z12)	parent(george_weasley, petunia_dursley)	0
parent(fred_weasley, Z11)	parent(fred_weasley, frank_longbottom)	0
parent(percy_weasley, Z8)	parent(percy_weasley, narcissa_malfoy)	0
parent(neville_longbottom, Z11)	parent(neville_longbottom, ginny_weasley)	0
parent(luna_lovegood, Z3)	parent(luna_lovegood, arthur_weasley)	0
parent(hugo_weasley, Z7)	parent(hugo_weasley, narcissa_malfoy)	0
parent(neville_longbottom, Z3)	parent(neville_longbottom, lucius_malfoy)	0
parent(charlie_weasley, Z12)	parent(charlie_weasley, narcissa_malfoy)	0
parent(bill_weasley, Z4)	parent(bill_weasley, petunia_dursley)	0
parent(draco_malfoy, Z9)	parent(draco_malfoy, frank_longbottom)	0
parent(luna_lovegood, Z3)	parent(luna_lovegood, petunia_dursley)	0
pure_blood(X0)	pure_blood(dolores_umbridge)	0
parent(george_weasley, Z7)	parent(george_weasley, arthur_weasley)	0
parent(ginny_weasley, Z11)	parent(ginny_weasley, lily_potter)	0
parent(albus_severus_potter, Z12)	parent(albus_severus_potter, vernon_dursley)	0
parent(lily_luna_potter, Z8)	parent(lily_luna_potter, narcissa_malfoy)	0
parent(luna_lovegood, Z12)	parent(luna_lovegood, hermione_granger)	0
ancestor(george_weasley, X)	ancestor(X, Y) :- parent(X, Y)	0
parent(george_weasley, Z12)	parent(george_weasley, frank_longbottom)	0
parent(neville_longbottom, Z3)	parent(neville_longbottom, james_potter)	0
parent(harry_potter, Z11)	parent(harry_potter, molly_weasley)	0
half_blood(X0)	half_blood(colin_creevey)	0
parent(charlie_weasley, Z8)	parent(charlie_weasley, arthur_weasley)	0
parent(draco_malfoy, Z3)	parent(draco_malfoy, harry_potter)	0
half_blood(X0)	half_blood(petunia_dursley)	0
parent(dudley_dursley, Z11)	parent(dudley_dursley, harry_potter)	0
ancestor(X, P)	ancestor(X, Y) :- parent(X, Y)	0
parent(ginny_weasley, Z6)	parent(ginny_weasley, ginny_weasley)	0
ancestor(hugo_weasley, _EX3)	ancestor(X, Y) :- ancestor(Z, Y), parent(X, Z)	0
ancestor(charlie_weasley, Z)	ancestor(X, Y) :- ancestor(Z, Y), parent(X, Z)	0
ancestor(fred_weasley, Y)	ancestor(X, Y) :- ancestor(Z, Y), parent(X, Z)	0
parent(harry_potter, Z3)	parent(harry_potter, ginny_weasley)	0
pure_blood(X0)	pure_blood(parvati_patil)	0
parent(P, Z1)	parent(P, james_potter)	0
parent(george_weasley, Z7)	parent(george_weasley, lily_potter)	0
parent(rose_weasley, Z10)	parent(rose_weasley, alice_longbottom)	0
parent(percy_weasley, Z10)	parent(percy_weasley, petunia_dursley)	0
parent(dudley_dursley, Z4)	parent(dudley_dursley, petunia_dursley)	0
parent(neville_longbottom, james_potter)	parent(neville_longbottom, james_potter)	0
parent(george_weasley, Z11)	parent(george_weasley, lucius_malfoy)	0
parent(Z7, Z8)	parent(Z7, xenophilius_lovegood)	0
parent(percy_weasley, Z2)	parent(percy_weasley, lily_potter)	0
parent(charlie_weasley, Z3)	parent(charlie_weasley, lily_potter)	0
parent(james_sirius_potter, Z8)	parent(james_sirius_potter, harry_potter)	0
parent(bill_weasley, Z8)	parent(bill_weasley, hermione_granger)	0
ancestor(luna_lovegood, james_sirius_potter)	ancestor(X, Y) :- parent(X, Y)	0
parent(Z2, Z3)	parent(Z2, vernon_dursley)	0
parent(lily_luna_potter, Z10)	parent(lily_luna_potter, hermione_granger)	0
parent(percy_weasley, Z9)	parent(percy_weasley, hermione_granger)	0
parent(james_sirius_potter, Z9)	parent(james_sirius_potter, petunia_dursley)	0
parent(Z6, Z7)	parent(Z6, narcissa_malfoy)	0
parent(george_weasley, Z4)	parent(george_weasley, ginny_weasley)	0
ancestor(albus_severus_potter, neville_longbottom)	ancestor(X, Y) :- ancestor(Z, Y), parent(X, Z)	0
parent(bill_weasley, Z11)	parent(bill_weasley, arthur_weasley)	0
parent(hugo_weasley, Z2)	parent(hugo_weasley, harry_potter)	0
parent(percy_weasley, Z12)	parent(percy_weasley, vernon_dursley)	0
parent(rose_weasley, Z12)	parent(rose_weasley, harry_potter)	0
ancestor(george_weasley, Y)	ancestor(X, Y) :- ancestor(Z, Y), parent(X, Z)	0
parent(charlie_weasley, Z3)	parent(charlie_weasley, arthur_weasley)	0
ancestor(dudley_dursley, _EX3)	ancestor(X, Y) :- ancestor(Z, Y), parent(X, Z)	0
parent(george_weasley, Z7)	parent(george_weasley, ron_weasley)	0
parent(bill_weasley, Z4)	parent(bill_weasley, frank_longbottom)	0
parent(fred_weasley, Z12)	parent(fred_weasley, alice_longbottom)	0
parent(james_sirius_potter, Z12)	parent(james_sirius_potter, lucius_malfoy)	0
parent(dudley_dursley, Z8)	parent(dudley_dursley, harry_potter)	0
ancestor(ron_weasley, P)	ancestor(X, Y) :- parent(X, Y)	0
parent(percy_weasley, Z2)	parent(percy_weasley, harry_potter)	0
parent(harry_potter, Z10)	parent(harry_potter, lucius_malfoy)	0
parent(dudley_dursley, Z7)	parent(dudley_dursley, alice_longbottom)	0
parent(albus_severus_potter, molly_weasley)	parent(albus_severus_potter, molly_weasley)	0
parent(charlie_weasley, Z11)	parent(charlie_weasley, lily_potter)	0
parent(Z10, Z11)	parent(Z10, james_potter)	0
parent(lily_luna_potter, Z11)	parent(lily_luna_potter, lucius_malfoy)	0
parent(ron_weasley, Z9)	parent(ron_weasley, vernon_dursley)	0
parent(Z11, Z12)	parent(Z11, alice_longbottom)	0
parent(james_sirius_potter, lily_potter)	parent(james_sirius_potter, lily_potter)	0
parent(draco_malfoy, Z8)	parent(draco_malfoy, lucius_malfoy)	0
parent(ginny_weasley, Z10)	parent(ginny_weasley, narcissa_malfoy)	0
parent(Z10, Z11)	parent(Z10, lucius_malfoy)	0
parent(james_sirius_potter, Z12)	parent(james_sirius_potter, ron_weasley)	0
parent(george_weasley, Z4)	parent(george_weasley, molly_weasley)	0
parent(rose_weasley, Z8)	parent(rose_weasley, vernon_dursley)	0
parent(fred_weasley, Z12)	parent(fred_weasley, james_potter)	0
parent(lily_luna_potter, Z8)	parent(lily_luna_potter, james_potter)	0
parent(Z5, Z6)	parent(Z5, lily_potter)	0
parent(bill_weasley, Z10)	parent(bill_weasley, harry_potter)	0
ancestor(P, _EX3)	ancestor(X, Y) :- parent(X, Y)	0
parent(bill_weasley, Z12)	parent(bill_weasley, hermione_granger)	0
parent(lily_luna_potter, Z3)	parent(lily_luna_potter, petunia_dursley)	0
ancestor(james_sirius_potter, neville_longbottom)	ancestor(X, Y) :- ancestor(Z, Y), parent(X, Z)	0
parent(fred_weasley, Z10)	parent(fred_weasley, alice_longbottom)	0
parent(fred_weasley, Z9)	parent(fred_weasley, hermione_granger)	0
parent(dudley_dursley, Z11)	parent(dudley_dursley, arthur_weasley)	0
parent(hugo_weasley, Z7)	parent(hugo_weasley, alice_longbottom)	0
parent(george_weasley, Z10)	parent(george_weasley, lucius_malfoy)	0
parent(draco_malfoy, Z2)	parent(draco_malfoy, harry_potter)	0
parent(albus_severus_potter, Z3)	parent(albus_severus_potter, molly_weasley)	0
ancestor(rose_weasley, Z)	ancestor(X, Y) :- ancestor(Z, Y), parent(X, Z)	0
ancestor(percy_weasley, _EX4)	ancestor(X, Y) :- parent(X, Y)	0
parent(draco_malfoy, Z12)	parent(draco_malfoy, xenophilius_lovegood)	0
parent(neville_longbottom, Z8)	parent(neville_longbottom, arthur_weasley)	0
parent(draco_malfoy, Z3)	parent(draco_malfoy, vernon_dursley)	0
parent(percy_weasley, Z10)	parent(percy_weasley, narcissa_malfoy)	0
ancestor(ron_weasley, _EX3)	ancestor(X, Y) :- parent(X, Y)	0
parent(lily_luna_potter, Z12)	parent(lily_luna_potter, arthur_weasley)	0
parent(harry_potter, Z12)	parent(harry_potter, lucius_malfoy)	0
parent(james_sirius_potter, Z7)	parent(james_sirius_potter, arthur_weasley)	0
parent(harry_potter, Z3)	parent(harry_potter, alice_longbottom)	0
parent(lily_luna_potter, Z4)	parent(lily_luna_potter, narcissa_malfoy)	0
parent(albus_severus_potter, Z10)	parent(albus_severus_potter, james_potter)	0
parent(fred_weasley, Z10)	parent(fred_weasley, james_potter)	0
parent(james_sirius_potter, Z4)	parent(james_sirius_potter, petunia_dursley)	0
parent(dudley_dursley, Z8)	parent(dudley_dursley, ginny_weasley)	0
parent(hugo_weasley, Z7)	parent(hugo_weasley, ron_weasley)	0
parent(george_weasley, Z5)	parent(george_weasley, xenophilius_lovegood)	0
parent(Z7, Z8)	parent(Z7, narcissa_malfoy)	0
ancestor(harry_potter, _EX3)	ancestor(X, Y) :- ancestor(Z, Y), parent(X, Z)	0
ancestor(harry_potter, neville_longbottom)	ancestor(X, Y) :- parent(X, Y)	0
parent(percy_weasley, Z11)	parent(percy_weasley, ginny_weasley)	0
parent(charlie_weasley, Z9)	parent(charlie_weasley, lucius_malfoy)	0
parent(lily_luna_potter, Z8)	parent(lily_luna_potter, molly_weasley)	0
parent(fred_weasley, Z12)	parent(fred_weasley, ginny_weasley)	0
parent(neville_longbottom, Z10)	parent(neville_longbottom, petunia_dursley)	0
parent(percy_weasley, Z6)	parent(percy_weasley, hermione_granger)	0
parent(charlie_weasley, Z8)	parent(charlie_weasley, ginny_weasley)	0
parent(lily_luna_potter, Z12)	parent(lily_luna_potter, hermione_granger)	0
parent(ginny_weasley, Z11)	parent(ginny_weasley, james_potter)	0
parent(ginny_weasley, Z2)	parent(ginny_weasley, arthur_weasley)	0
parent(percy_weasley, Z3)	parent(percy_weasley, lily_potter)	0
parent(dudley_dursley, Z8)	parent(dudley_dursley, molly_weasley)	0
parent(hugo_weasley, Z6)	parent(hugo_weasley, ron_weasley)	0
ancestor(rose_weasley, _EX4)	ancestor(X, Y) :- ancestor(Z, Y), parent(X, Z)	0
parent(dudley_dursley, Z8)	parent(dudley_dursley, arthur_weasley)	0
parent(albus_severus_potter, Z2)	parent(albus_severus_potter, petunia_dursley)	0
parent(draco_malfoy, Z10)	parent(draco_malfoy, harry_potter)	0
parent(charlie_weasley, Z12)	parent(charlie_weasley, frank_longbottom)	0
parent(george_weasley, Z4)	parent(george_weasley, alice_longbottom)	0
parent(percy_weasley, Z10)	parent(percy_weasley, alice_longbottom)	0
parent(james_sirius_potter, Z5)	parent(james_sirius_potter, vernon_dursley)	0
parent(luna_lovegood, Z8)	parent(luna_lovegood, frank_longbottom)	0
ancestor(lily_luna_potter, P)	ancestor(X, Y) :- ancestor(Z, Y), parent(X, Z)	0
parent(dudley_dursley, Z12)	parent(dudley_dursley, narcissa_malfoy)	0
parent(james_sirius_potter, Z10)	parent(james_sirius_potter, lucius_malfoy)	0
parent(bill_weasley, Z10)	parent(bill_weasley, xenophilius_lovegood)	0
parent(fred_weasley, Z10)	parent(fred_weasley, ginny_weasley)	0
parent(george_weasley, Z12)	parent(george_weasley, ginny_weasley)	0
parent(fred_weasley, Z9)	parent(fred_weasley, lucius_malfoy)	0
parent(albus_severus_potter, Z10)	parent(albus_severus_potter, vernon_dursley)	0
parent(bill_weasley, Z11)	parent(bill_weasley, narcissa_malfoy)	0
parent(fred_weasley, Z7)	parent(fred_weasley, ron_weasley)	0
parent(draco_malfoy, Z3)	parent(draco_malfoy, petunia_dursley)	0
parent(luna_lovegood, Z11)	parent(luna_lovegood, hermione_granger)	0
parent(fred_weasley, Z7)	parent(fred_weasley, arthur_weasley)	0
parent(draco_malfoy, Z11)	parent(draco_malfoy, lily_potter)	0
parent(percy_weasley, Z3)	parent(percy_weasley, harry_potter)	0
parent(Z6, Z7)	parent(Z6, xenophilius_lovegood)	0
descendant(Y, Z)	descendant(X, Y) :- ancestor(Y, X)	0
parent(lily_luna_potter, Z7)	parent(lily_luna_potter, arthur_weasley)	0
parent(james_sirius_potter, Z4)	parent(james_sirius_potter, xenophilius_lovegood)	0
muggleborn(X0)	muggleborn(filius_flitwick)	0
parent(lily_luna_potter, Z4)	parent(lily_luna_potter, ginny_weasley)	0
parent(ron_weasley, Z8)	parent(ron_weasley, james_potter)	0
ancestor(fred_weasley, _EX4)	ancestor(X, Y) :- ancestor(Z, Y), parent(X, Z)	0
parent(luna_lovegood, Z11)	parent(luna_lovegood, alice_longbottom)	0
parent(albus_severus_potter, Z4)	parent(albus_severus_potter, xenophilius_lovegood)	0
parent(bill_weasley, Z3)	parent(bill_weasley, ron_weasley)	0
ancestor(bill_weasley, Z)	ancestor(X, Y) :- ancestor(Z, Y), parent(X, Z)	0
parent(ron_weasley, Z4)	parent(ron_weasley, hermione_granger)	0
parent(bill_weasley, Z3)	parent(bill_weasley, james_potter)	0
parent(draco_malfoy, Z4)	parent(draco_malfoy, alice_longbottom)	0
parent(draco_malfoy, Z8)	parent(draco_malfoy, frank_longbottom)	0
parent(lily_luna_potter, Z4)	parent(lily_luna_potter, frank_longbottom)	0
ancestor(draco_malfoy, Z)	ancestor(X, Y) :- ancestor(Z, Y), parent(X, Z)	0
pure_blood(X0)	pure_blood(sybill_trelawney)	0
parent(james_sirius_potter, Z10)	parent(james_sirius_potter, narcissa_malfoy)	0
parent(hugo_weasley, Z9)	parent(hugo_weasley, ginny_weasley)	0
parent(charlie_weasley, Z10)	parent(charlie_weasley, lily_potter)	0
parent(rose_weasley, Z8)	parent(rose_weasley, harry_potter)	0
parent(luna_lovegood, Z11)	parent(luna_lovegood, ginny_weasley)	0
parent(ginny_weasley, Z12)	parent(ginny_weasley, lucius_malfoy)	0
parent(ron_weasley, james_potter)	parent(ron_weasley, james_potter)	0
parent(charlie_weasley, Z4)	parent(charlie_weasley, alice_longbottom)	0
parent(james_sirius_potter, Z8)	parent(james_sirius_potter, james_potter)	0
parent(dudley_dursley, Z9)	parent(dudley_dursley, harry_potter)	0
parent(rose_weasley, Z10)	parent(rose_weasley, vernon_dursley)	0
parent(ron_weasley, Z11)	parent(ron_weasley, alice_longbottom)	0
half_blood(X0)	half_blood(sirius_black)	0
member_of(X0, order_of_the_phoenix)	member_of(lucius_malfoy, order_of_the_phoenix)	0
parent(hugo_weasley, Z7)	parent(hugo_weasley, frank_longbottom)	0
parent(bill_weasley, Z7)	parent(bill_weasley, petunia_dursley)	0
ancestor(charlie_weasley, _EX5)	ancestor(X, Y) :- ancestor(Z, Y), parent(X, Z)	0
parent(Z6, Z7)	parent(Z6, alice_longbottom)	0
parent(bill_weasley, Z3)	parent(bill_weasley, molly_weasley)	0
parent(bill_weasley, Z3)	parent(bill_weasley, ginny_weasley)	0
hates(_EX4, arabella_figg)	hates(X, Y) :- deatheater(X), muggle(Y)	0
parent(P, Z0)	parent(P, molly_weasley)	0
parent(dudley_dursley, Z6)	parent(dudley_dursley, alice_longbottom)	0
parent(percy_weasley, Z10)	parent(percy_weasley, james_potter)	0
parent(ron_weasley, Z8)	parent(ron_weasley, alice_longbottom)	0
parent(ginny_weasley, Z7)	parent(ginny_weasley, petunia_dursley)	0
parent(dudley_dursley, Z4)	parent(dudley_dursley, harry_potter)	0
parent(albus_severus_potter, Z7)	parent(albus_severus_potter, petunia_dursley)	0
parent(harry_potter, Z11)	parent(harry_potter, xenophilius_lovegood)	0
parent(percy_weasley, Z10)	parent(percy_weasley, lucius_malfoy)	0
parent(hugo_weasley, arthur_weasley)	parent(hugo_weasley, arthur_weasley)	0
parent(hugo_weasley, Z10)	parent(hugo_weasley, ginny_weasley)	0
parent(ron_weasley, arthur_weasley)	parent(ron_weasley, arthur_weasley)	0
parent(lily_luna_potter, Z10)	parent(lily_luna_potter, ginny_weasley)	0
parent(fred_weasley, Z9)	parent(fred_weasley, harry_potter)	0
parent(james_sirius_potter, Z6)	parent(james_sirius_potter, harry_potter)	0
parent(james_sirius_potter, Z11)	parent(james_sirius_potter, ginny_weasley)	0
parent(draco_malfoy, Z11)	parent(draco_malfoy, james_potter)	0
parent(ron_weasley, Z11)	parent(ron_weasley, petunia_dursley)	0
parent(charlie_weasley, Z12)	parent(charlie_weasley, james_potter)	0
parent(fred_weasley, Z12)	parent(fred_weasley, harry_potter)	0
parent(draco_malfoy, Z7)	parent(draco_malfoy, xenophilius_lovegood)	0
parent(draco_malfoy, Z2)	parent(draco_malfoy, xenophilius_lovegood)	0
parent(draco_malfoy, lily_potter)	parent(draco_malfoy, lily_potter)	0
parent(james_sirius_potter, Z11)	parent(james_sirius_potter, lily_potter)	0
parent(lily_luna_potter, Z4)	parent(lily_luna_potter, molly_weasley)	0
parent(charlie_weasley, Z2)	parent(charlie_weasley, frank_longbottom)	0
parent(harry_potter, Z11)	parent(harry_potter, frank_longbottom)	0
parent(james_sirius_potter, Z9)	parent(james_sirius_potter, lucius_malfoy)	0
parent(albus_severus_potter, Z3)	parent(albus_severus_potter, ginny_weasley)	0
parent(hugo_weasley, Z12)	parent(hugo_weasley, lily_potter)	0
parent(Z4, Z5)	parent(Z4, arthur_weasley)	0
parent(albus_severus_potter, Z8)	parent(albus_severus_potter, ginny_weasley)	0
parent(rose_weasley, Z4)	parent(rose_weasley, alice_longbottom)	0
parent(harry_potter, Z6)	parent(harry_potter, hermione_granger)	0
parent(george_weasley, Z8)	parent(george_weasley, lily_potter)	0
parent(george_weasley, Z12)	parent(george_weasley, alice_longbottom)	0
ancestor(dudley_dursley, _EX4)	ancestor(X, Y) :- ancestor(Z, Y), parent(X, Z)	0
parent(draco_malfoy, Z11)	parent(draco_malfoy, arthur_weasley)	0
parent(albus_severus_potter, Z8)	parent(albus_severus_potter, hermione_granger)	0
parent(lily_luna_potter, Z9)	parent(lily_luna_potter, narcissa_malfoy)	0
parent(lily_luna_potter, Z4)	parent(lily_luna_potter, ron_weasley)	0
ancestor(ron_weasley, Y)	ancestor(X, Y) :- ancestor(Z, Y), parent(X, Z)	0
parent(Z10, Z11)	parent(Z10, petunia_dursley)	0
parent(bill_weasley, Z12)	parent(bill_weasley, lucius_malfoy)	0
parent(_EX3, Z1)	parent(_EX3, lucius_malfoy)	0
parent(P, molly_weasley)	parent(P, molly_weasley)	0
parent(ginny_weasley, Z7)	parent(ginny_weasley, hermione_granger)	0
parent(james_sirius_potter, Z9)	parent(james_sirius_potter, ron_weasley)	0
parent(ron_weasley, Z2)	parent(ron_weasley, alice_longbottom)	0
parent(ginny_weasley, Z10)	parent(ginny_weasley, molly_weasley)	0
parent(Z2, Z3)	parent(Z2, frank_longbottom)	0
parent(albus_severus_potter, Z12)	parent(albus_severus_potter, frank_longbottom)	0
parent(lily_luna_potter, Z3)	parent(lily_luna_potter, lily_potter)	0
parent(hugo_weasley, Z8)	parent(hugo_weasley, narcissa_malfoy)	0
parent(draco_malfoy, Z9)	parent(draco_malfoy, arthur_weasley)	0
parent(Z5, Z6)	parent(Z5, lucius_malfoy)	0
parent(lily_luna_potter, Z8)	parent(lily_luna_potter, petunia_dursley)	0
parent(dudley_dursley, Z9)	parent(dudley_dursley, arthur_weasley)	0
parent(Z3, Z4)	parent(Z3, molly_weasley)	0
parent(fred_weasley, Z12)	parent(fred_weasley, arthur_weasley)	0
parent(percy_weasley, Z6)	parent(percy_weasley, ron_weasley)	0
parent(hugo_weasley, Z2)	parent(hugo_weasley, petunia_dursley)	0
enemy(P, harry_potter)	enemy(X, Y) :- member_of(X, order_of_the_phoenix), member_of(Y, death_eaters)	0
parent(harry_potter, Z3)	parent(harry_potter, harry_potter)	0
ancestor(george_weasley, Y)	ancestor(X, Y) :- parent(X, Y)	0
parent(ron_weasley, Z7)	parent(ron_weasley, ginny_weasley)	0
parent(P, lily_potter)	parent(P, lily_potter)	0
parent(ginny_weasley, Z10)	parent(ginny_weasley, ginny_weasley)	0
parent(george_weasley, Z8)	parent(george_weasley, ron_weasley)	0
parent(bill_weasley, Z9)	parent(bill_weasley, petunia_dursley)	0
parent(ginny_weasley, Z9)	parent(ginny_weasley, xenophilius_lovegood)	0
parent(Z1, Z2)	parent(Z1, frank_longbottom)	0
parent(hugo_weasley, Z7)	parent(hugo_weasley, xenophilius_lovegood)	0
parent(percy_weasley, Z7)	parent(percy_weasley, hermione_granger)	0
parent(dudley_dursley, Z4)	parent(dudley_dursley, arthur_weasley)	0
parent(bill_weasley, Z4)	parent(bill_weasley, hermione_granger)	0
ancestor(fred_weasley, X)	ancestor(X, Y) :- ancestor(Z, Y), parent(X, Z)	0
parent(james_sirius_potter, Z5)	parent(james_sirius_potter, ginny_weasley)	0
parent(charlie_weasley, Z9)	parent(charlie_weasley, alice_longbottom)	0
parent(rose_weasley, Z10)	parent(rose_weasley, harry_potter)	0
parent(percy_weasley, Z3)	parent(percy_weasley, molly_weasley)	0
parent(bill_weasley, Z8)	parent(bill_weasley, ron_weasley)	0
parent(ron_weasley, Z10)	parent(ron_weasley, petunia_dursley)	0
parent(hugo_weasley, Z10)	parent(hugo_weasley, hermione_granger)	0
muggleborn(X0)	muggleborn(rowena_ravenclaw)	0
parent(fred_weasley, Z10)	parent(fred_weasley, arthur_weasley)	0
muggleborn(X0)	muggleborn(quirinus_quirrell)	0
parent(james_sirius_potter, Z8)	parent(james_sirius_potter, narcissa_malfoy)	0
parent(bill_weasley, Z8)	parent(bill_weasley, james_potter)	0
parent(ron_weasley, Z8)	parent(ron_weasley, molly_weasley)	0
parent(bill_weasley, Z11)	parent(bill_weasley, vernon_dursley)	0
parent(harry_potter, Z12)	parent(harry_potter, ron_weasley)	0
parent(luna_lovegood, Z2)	parent(luna_lovegood, molly_weasley)	0
ancestor(james_sirius_potter, neville_longbottom)	ancestor(X, Y) :- parent(X, Y)	0
pure_blood(X0)	pure_blood(cho_chang)	0
parent(charlie_weasley, Z9)	parent(charlie_weasley, arthur_weasley)	0
parent(dudley_dursley, Z10)	parent(dudley_dursley, alice_longbottom)	0
parent(hugo_weasley, Z9)	parent(hugo_weasley, lucius_malfoy)	0
ancestor(rose_weasley, Z)	ancestor(X, Y) :- parent(X, Y)	0
parent(james_sirius_potter, Z4)	parent(james_sirius_potter, alice_longbottom)	0
parent(james_sirius_potter, Z10)	parent(james_sirius_potter, petunia_dursley)	0
parent(james_sirius_potter, Z4)	parent(james_sirius_potter, ron_weasley)	0
parent(percy_weasley, Z9)	parent(percy_weasley, frank_longbottom)	0
ancestor(ron_weasley, _EX5)	ancestor(X, Y) :- parent(X, Y)	0
parent(ron_weasley, Z12)	parent(ron_weasley, harry_potter)	0
parent(Z8, Z9)	parent(Z8, lily_potter)	0
parent(percy_weasley, Z2)	parent(percy_weasley, vernon_dursley)	0
parent(dudley_dursley, Z2)	parent(dudley_dursley, narcissa_malfoy)	0
parent(bill_weasley, Z8)	parent(bill_weasley, molly_weasley)	0
parent(albus_severus_potter, Z8)	parent(albus_severus_potter, lily_potter)	0
parent(draco_malfoy, Z6)	parent(draco_malfoy, vernon_dursley)	0
parent(albus_severus_potter, Z11)	parent(albus_severus_potter, frank_longbottom)	0
parent(ron_weasley, Z12)	parent(ron_weasley, ginny_weasley)	0
ancestor(harry_potter, _EX3)	ancestor(X, Y) :- parent(X, Y)	0
parent(bill_weasley, Z8)	parent(bill_weasley, ginny_weasley)	0
parent(ginny_weasley, Z12)	parent(ginny_weasley, hermione_granger)	0
parent(Z1, arthur_weasley)	parent(Z1, arthur_weasley)	0
parent(charlie_weasley, Z7)	parent(charlie_weasley, vernon_dursley)	0
parent(lily_luna_potter, Z10)	parent(lily_luna_potter, narcissa_malfoy)	0
parent(hugo_weasley, Z11)	parent(hugo_weasley, narcissa_malfoy)	0
parent(ron_weasley, Z2)	parent(ron_weasley, molly_weasley)	0
parent(dudley_dursley, Z11)	parent(dudley_dursley, alice_longbottom)	0
parent(percy_weasley, Z12)	parent(percy_weasley, narcissa_malfoy)	0
parent(bill_weasley, Z9)	parent(bill_weasley, frank_longbottom)	0
parent(ron_weasley, Z7)	parent(ron_weasley, vernon_dursley)	0
parent(harry_potter, Z6)	parent(harry_potter, molly_weasley)	0
parent(ginny_weasley, Z11)	parent(ginny_weasley, lucius_malfoy)	0
ancestor(bill_weasley, P)	ancestor(X, Y) :- parent(X, Y)	0
ancestor(rose_weasley, _EX4)	ancestor(X, Y) :- parent(X, Y)	0
parent(neville_longbottom, Z2)	parent(neville_longbottom, harry_potter)	0
parent(harry_potter, Z3)	parent(harry_potter, arthur_weasley)	0
parent(hugo_weasley, Z10)	parent(hugo_weasley, lucius_malfoy)	0
half_blood(X0)	half_blood(percy_weasley)	0
half_blood(X0)	half_blood(argus_filch)	0
parent(neville_longbottom, Z2)	parent(neville_longbottom, petunia_dursley)	0
parent(Z7, james_potter)	parent(Z7, james_potter)	0
ancestor(ron_weasley, _EX4)	ancestor(X, Y) :- parent(X, Y)	0
ancestor(charlie_weasley, james_sirius_potter)	ancestor(X, Y) :- ancestor(Z, Y), parent(X, Z)	0
parent(dudley_dursley, Z7)	parent(dudley_dursley, lucius_malfoy)	0
parent(harry_potter, Z4)	parent(harry_potter, hermione_granger)	0
parent(rose_weasley, Z9)	parent(rose_weasley, vernon_dursley)	0
parent(charlie_weasley, Z3)	parent(charlie_weasley, ron_weasley)	0
parent(james_sirius_potter, Z10)	parent(james_sirius_potter, xenophilius_lovegood)	0
