goal	rule	score
p2(X7)	p2(a88)	1
p3(X4, X0)	p3(a96, a65)	1
p9(X0)	p9(a38)	1
p3(a10, X0)	p3(a10, a2)	1
p0(X5, X0, X1)	p0(a26, a82, a20)	1
p9(a0)	p9(a0)	1
p0(X3, X0, X1)	p0(a26, a82, a20)	1
p6(X5, X7)	p6(a42, a10)	1
p3(X1, X0)	p3(a29, a17)	1
p5(X3)	p5(a57)	1
p6(X0, X1)	p6(X2, X2) :- p0(X2, X0, X9)	1
p2(X7)	p2(a27)	1
p9(X2)	p9(a38)	1
p5(X2)	p5(a88)	1
p2(a12)	p2(X8) :- p9(X8)	1
p7(X4)	p7(a27)	1
p7(X2)	p7(a13)	1
p2(X9)	p2(a41)	1
p0(X5, X0, X1)	p0(a37, a4, a55)	1
p0(X3, X0, X1)	p0(a37, a4, a55)	1
p2(a42)	p2(a42)	1
p8(X1)	p8(a42)	1
p3(X9, X0)	p3(a29, a17)	1
p9(X9)	p9(a9)	1
p7(X1)	p7(a1)	1
p5(X5)	p5(a1)	1
p2(X3)	p2(a95)	1
p7(X8)	p7(a14)	1
p9(X4)	p9(a87)	1
p2(X5)	p2(a0)	1
p5(X0)	p5(a81)	1
p2(X9)	p2(a49)	1
p2(X5)	p2(a14)	1
p9(X1)	p9(a49)	1
p3(X6, X0)	p3(a10, a2)	1
p0(X7, X0, X1)	p0(a90, a25, a16)	1
p5(X5)	p5(a10)	1
p3(X1, X2)	p3(a10, a2)	1
p8(X4)	p8(a30)	1
p5(X4)	p5(a19)	1
p6(X5, X7)	p6(a71, a17)	1
p5(X5)	p5(a61)	1
p9(X4)	p9(a8)	1
p7(X8)	p7(a84)	1
p3(X9, X3)	p3(a29, a17)	1
p7(X1)	p7(a13)	1
p0(X7, X0, X1)	p0(a31, a50, a0)	1
p2(X1)	p2(X8) :- p9(X8)	1
p3(X4, X0)	p3(a52, a35)	1
p3(X8, X0)	p3(a41, a53)	1
p3(a0, X0)	p3(X4, a15) :- p2(X4), p5(X4)	1
p0(X0, X1, X7)	p0(a0, a17, a64)	1
p7(X2)	p7(a14)	1
p2(X3)	p2(a83)	1
p5(X8)	p5(a10)	1
p5(X0)	p5(a88)	1
p3(X8, X0)	p3(a48, a0)	1
p2(X1)	p2(a90)	1
p5(X1)	p5(a56)	1
p9(X1)	p9(a87)	1
p7(X6)	p7(a84)	1
p0(a14, X0, X1)	p0(X3, a2, X3) :- p6(X3, X3), p2(X3)	1
p5(X2)	p5(a19)	1
p3(X9, X0)	p3(a79, a19)	1
p0(X0, X1, X2)	p0(a23, a21, a10)	1
p7(X7)	p7(a14)	1
p0(X7, X4, X7)	p0(X3, a2, X3) :- p6(X3, X3), p2(X3)	1
p2(X5)	p2(a27)	1
p9(X4)	p9(a9)	1
p3(a31, X0)	p3(a31, a68)	1
p0(a90, X0, X1)	p0(X3, a2, X3) :- p6(X3, X3), p2(X3)	1
p3(X1, X6)	p3(a96, a65)	1
p9(X8)	p9(a1)	1
p0(X9, X0, X1)	p0(a20, a0, a19)	1
p0(X5, X0, X1)	p0(a0, a17, a64)	1
p0(X3, X0, X1)	p0(a0, a17, a64)	1
p3(X0, X8)	p3(a35, a0)	1
p5(X3)	p5(a98)	1
p5(X4)	p5(a81)	1
p3(X4, X0)	p3(a35, a1)	1
p2(X9)	p2(a98)	1
p3(X4, X0)	p3(a75, a0)	1
p6(X5, X7)	p6(a1, a61)	1
p5(X5)	p5(a0)	1
p7(X8)	p7(a44)	1
p7(X0)	p7(a15)	1
p3(X8, X0)	p3(a10, a2)	1
p0(X0, X1, X7)	p0(a10, a49, a17)	1
p8(X1)	p8(a15)	1
p0(X8, X0, X1)	p0(a45, a50, a0)	1
p2(X2)	p2(a57)	1
p0(a14, X0, X1)	p0(a14, a23, a10)	1
p2(a83)	p2(X7) :- p2(X7)	1
p0(X5, X0, X1)	p0(a24, a74, a0)	1
p5(X7)	p5(a57)	1
p3(X5, X0)	p3(a48, a0)	1
p0(X3, X0, X1)	p0(a24, a74, a0)	1
p7(X6)	p7(a44)	1
p7(X4)	p7(a66)	1
p0(X7, X0, X1)	p0(a10, a49, a17)	1
p3(X6, X0)	p3(a16, a84)	1
p3(X1, X2)	p3(a16, a84)	1
p0(X4, X0, X1)	p0(a47, a61, a21)	1
p0(X8, X0, X1)	p0(X3, a2, X3) :- p6(X3, X3), p2(X3)	1
p8(X8)	p8(a59)	1
p6(X0, X1)	p6(a56, a55)	1
p3(X2, X0)	p3(X4, a15) :- p2(X4), p5(X4)	1
p6(a19, X7)	p6(a19, X6) :- p7(X6), p8(X6)	1
p7(X2)	p7(a44)	1
p8(X3)	p8(a42)	1
p8(X8)	p8(a0)	1
p3(X1, X0)	p3(a48, a0)	1
p3(X7, X0)	p3(a86, a0)	1
p2(a27)	p2(a27)	1
p3(X4, X0)	p3(a16, a84)	1
p9(X7)	p9(a15)	1
p0(X8, X0, X1)	p0(a19, a85, a63)	1
p0(X1, X0, X2)	p0(a0, a17, a64)	1
p8(X7)	p8(a59)	1
p9(X7)	p9(a69)	1
p0(X0, X1, X2)	p0(a22, a24, a0)	1
p3(X3, X0)	p3(a15, a82)	1
p5(X1)	p5(a27)	1
p8(X7)	p8(a10)	1
p2(X2)	p2(a12)	1
p3(X0, X1)	p3(a10, a2)	1
p2(a52)	p2(a52)	1
p9(X3)	p9(a15)	1
p5(X0)	p5(a21)	1
p7(X4)	p7(a1)	1
p7(X8)	p7(a3)	1
p7(X7)	p7(a27)	1
p5(X6)	p5(a19)	1
p8(X6)	p8(a18)	1
p2(X4)	p2(X7) :- p2(X7)	1
p2(X6)	p2(a64)	1
p9(X3)	p9(a69)	1
p3(X7, X0)	p3(a52, a35)	1
p2(X5)	p2(a49)	1
p0(X1, X0, X2)	p0(a24, a74, a0)	1
p3(X1, X6)	p3(a35, a1)	1
p0(X0, X1, X2)	p0(a0, a17, a64)	1
p0(X8, X0, X1)	p0(a14, a23, a10)	1
p8(X5)	p8(a15)	1
p9(X1)	p9(a38)	1
p5(X7)	p5(a1)	1
p7(X8)	p7(a10)	1
p2(a90)	p2(a90)	1
p1(X0, a11, a71)	p1(a77, a11, a71)	1
p5(X8)	p5(a4)	1
p0(X6, X0, X1)	p0(a31, a50, a0)	1
p9(X4)	p9(a49)	1
p5(X0)	p5(a11)	1
p2(X1)	p2(a65)	1
p0(X1, X0, X2)	p0(a20, a0, a19)	1
p3(X8, X0)	p3(a16, a84)	1
p9(a1)	p9(a1)	1
p2(X7)	p2(a83)	1
p7(X8)	p7(X2) :- p5(X2), p3(X2, X0)	1
p0(X1, X0, X2)	p0(a45, a50, a0)	1
p7(X6)	p7(a10)	1
p9(X8)	p9(a10)	1
p3(X0, X8)	p3(a86, a0)	1
p0(X0, X1, X2)	p0(a24, a74, a0)	1
p9(X5)	p9(a15)	1
p3(X5, X0)	p3(a50, a7)	1
p3(X1, X6)	p3(a29, a17)	1
p5(X4)	p5(a27)	1
p3(X6, X0)	p3(a87, a0)	1
p2(a88)	p2(a88)	1
p3(a88, X0)	p3(X4, a15) :- p2(X4), p5(X4)	1
p0(X6, X0, X1)	p0(a2, a15, a21)	1
p3(X7, X0)	p3(a35, a1)	1
p0(X5, X0, X1)	p0(a47, a61, a21)	1
p0(X3, X0, X1)	p0(a47, a61, a21)	1
p3(X7, X0)	p3(a75, a0)	1
p9(X7)	p9(a5)	1
p5(X4)	p5(a21)	1
p6(X0, X1)	p6(a29, a74)	1
p5(X6)	p5(a81)	1
p2(X5)	p2(a95)	1
p5(X3)	p5(a24)	1
p7(X7)	p7(a10)	1
p3(X1, X0)	p3(a50, a7)	1
p5(X5)	p5(a43)	1
p2(X6)	p2(a24)	1
p5(X3)	p5(a88)	1
p2(X8)	p2(a14)	1
p7(X8)	p7(a42)	1
p5(X2)	p5(a27)	1
p3(X1, X0)	p3(a96, a65)	1
p3(X4, X0)	p3(a10, a2)	1
p3(X1, X0)	p3(a79, a19)	1
p3(X2, X0)	p3(a86, a0)	1
p9(a61)	p9(a61)	1
p5(X7)	p5(a0)	1
p9(X7)	p9(a0)	1
p3(X9, X0)	p3(a96, a65)	1
p8(X0)	p8(a3)	1
p2(X3)	p2(a52)	1
p4(X1, X0, a43)	p4(a25, a24, a43)	1
p9(X2)	p9(a15)	1
p2(X5)	p2(a83)	1
p2(a8)	p2(X8) :- p9(X8)	1
p2(X1)	p2(a95)	1
p9(X9)	p9(a5)	1
p3(X8, X5)	p3(a21, a1)	1
p8(X2)	p8(a10)	1
p9(X8)	p9(a38)	1
p9(X3)	p9(a0)	1
p3(X9, X3)	p3(a50, a7)	1
p3(X8, X0)	p3(a87, a0)	1
p5(X8)	p5(a19)	1
p5(a0)	p5(a0)	1
p8(X6)	p8(a10)	1
p9(X6)	p9(a1)	1
p0(X0, X1, X7)	p0(a47, a61, a21)	1
p2(a1)	p2(X8) :- p9(X8)	1
p2(X0)	p2(a41)	1
p5(a81)	p5(a81)	1
p2(X3)	p2(a40)	1
p0(X9, X0, X1)	p0(a45, a50, a0)	1
p2(X3)	p2(a14)	1
p2(a12)	p2(a12)	1
p7(X8)	p7(a50)	1
p9(X8)	p9(a12)	1
p8(X7)	p8(a34)	1
p3(X8, X0)	p3(a31, a68)	1
p2(X0)	p2(a24)	1
p8(X0)	p8(a0)	1
p0(X1, a4, X0)	p0(a37, a4, a55)	1
p5(X7)	p5(a56)	1
p0(X7, X0, X1)	p0(a47, a61, a21)	1
p3(X0, a53)	p3(a41, a53)	1
p3(X3, X0)	p3(a52, a35)	1
p5(X6)	p5(a1)	1
p8(X0)	p8(a24)	1
p0(X9, X0, X1)	p0(a23, a21, a10)	1
p8(X8)	p8(a18)	1
p0(X7, X0, X1)	p0(a20, a0, a19)	1
p5(X9)	p5(a98)	1
p2(X8)	p2(a1)	1
p3(X9, X0)	p3(a52, a35)	1
p3(a10, X0)	p3(X4, a15) :- p2(X4), p5(X4)	1
p2(X3)	p2(a64)	1
p3(X3, X0)	p3(a21, a1)	1
p7(X6)	p7(a50)	1
p0(a75, a36, X0)	p0(a75, a36, a29)	1
p7(X8)	p7(a1)	1
p3(X7, X0)	p3(a41, a53)	1
p0(X0, X1, a29)	p0(a75, a36, a29)	1
p2(X9)	p2(a52)	1
p3(X8, X0)	p3(a79, a19)	1
p9(X5)	p9(a0)	1
p2(X2)	p2(a19)	1
p2(a38)	p2(X8) :- p9(X8)	1
p9(X4)	p9(a5)	1
p8(X6)	p8(a34)	1
p3(X7, X0)	p3(a48, a0)	1
p5(a27)	p5(a27)	1
p2(a61)	p2(X7) :- p2(X7)	1
p5(X8)	p5(a81)	1
p8(X7)	p8(a1)	1
p3(X0, X1)	p3(a87, a0)	1
p9(X8)	p9(a15)	1
p5(X0)	p5(a4)	1
p5(X1)	p5(a57)	1
p2(a69)	p2(X8) :- p9(X8)	1
p2(a17)	p2(X7) :- p2(X7)	1
p3(X3, X0)	p3(a35, a1)	1
p3(X6, X0)	p3(a15, a82)	1
p2(X7)	p2(a95)	1
p7(X8)	p7(a13)	1
p3(X1, X2)	p3(a15, a82)	1
p2(X9)	p2(a40)	1
p5(X7)	p5(a88)	1
p5(X6)	p5(a21)	1
p3(X0, X1)	p3(a31, a68)	1
p3(X9, X0)	p3(a35, a1)	1
p0(a45, X0, X1)	p0(a45, a50, a0)	1
p0(X0, X1, X2)	p0(a45, a85, a30) :- p8(X5)	1
p5(a57)	p5(a57)	1
p0(X6, X0, X1)	p0(X3, a2, X3) :- p6(X3, X3), p2(X3)	1
p2(X5)	p2(a19)	1
p5(X3)	p5(a11)	1
p3(X4, X0)	p3(a15, a82)	1
p3(X7, X0)	p3(a10, a2)	1
p9(X0)	p9(a8)	1
p2(X0)	p2(a98)	1
p2(X8)	p2(a41)	1
p3(X8, X5)	p3(a67, a14)	1
p0(X6, X0, X1)	p0(a45, a85, a30) :- p8(X5)	1
p5(X0)	p5(a95)	1
p9(X8)	p9(a61)	1
p5(X2)	p5(a0)	1
p3(X3, X0)	p3(a29, a17)	1
p8(X4)	p8(a10)	1
p9(X2)	p9(a0)	1
p2(X3)	p2(a90)	1
p3(X0, X8)	p3(a41, a53)	1
p2(X2)	p2(a64)	1
p5(X7)	p5(a43)	1
p3(X0, a0)	p3(a87, a0)	1
p3(X0, X8)	p3(a48, a0)	1
p2(a49)	p2(X7) :- p2(X7)	1
p0(X5, X0, X1)	p0(a10, a49, a17)	1
p5(X4)	p5(a4)	1
p0(X3, X0, X1)	p0(a10, a49, a17)	1
p2(X1)	p2(a19)	1
p9(X6)	p9(a10)	1
p8(a10)	p8(a10)	1
p2(X2)	p2(a27)	1
p2(X0)	p2(a95)	1
p7(X2)	p7(a10)	1
p2(X6)	p2(X7) :- p2(X7)	1
p9(X3)	p9(a49)	1
p3(X8, X5)	p3(a18, a50)	1
p2(X6)	p2(a17)	1
p3(X3, X0)	p3(a67, a14)	1
p0(X1, X0, X2)	p0(a23, a21, a10)	1
p3(X1, X2)	p3(a67, a14)	1
p2(X4)	p2(a0)	1
p3(X8, X0)	p3(a15, a82)	1
p0(X6, X0, X1)	p0(a26, a82, a20)	1
p0(X3, X0, X1)	p0(a44, a19, a27)	1
p3(X8, X0)	p3(X4, a15) :- p2(X4), p5(X4)	1
p0(X9, X0, X1)	p0(a45, a85, a30) :- p8(X5)	1
p2(X5)	p2(a1)	1
p0(X7, X6, X7)	p0(X3, a2, X3) :- p6(X3, X3), p2(X3)	1
p3(X0, X1)	p3(a96, a65)	1
p3(X4, X0)	p3(a87, a0)	1
p6(X5, X7)	p6(a75, a0)	1
p0(X0, a4, a55)	p0(a37, a4, a55)	1
p2(X9)	p2(X8) :- p9(X8)	1
p5(X5)	p5(a27)	1
p3(X2, X0)	p3(a41, a53)	1
p5(X9)	p5(a81)	1
p5(X1)	p5(a98)	1
p3(X0, X8)	p3(a10, a2)	1
p5(X4)	p5(a95)	1
p0(X6, X0, X1)	p0(a37, a4, a55)	1
p6(X3, X3)	p6(a19, X6) :- p7(X6), p8(X6)	1
p6(X5, X7)	p6(a0, a11)	1
p3(X2, X0)	p3(a48, a0)	1
p5(X0)	p5(a19)	1
p0(X1, X0, X2)	p0(a19, a85, a63)	1
p2(X9)	p2(a90)	1
p8(X7)	p8(a52)	1
p0(X8, X0, X1)	p0(a2, a15, a21)	1
p6(a19, a19)	p6(X2, X2) :- p0(X2, X0, X9)	1
p0(X0, X1, a19)	p0(X3, a2, X3) :- p6(X3, X3), p2(X3)	1
p2(X2)	p2(a24)	1
p3(X9, X3)	p3(a21, a1)	1
p7(X4)	p7(a84)	1
p5(X9)	p5(a24)	1
p7(X7)	p7(a0)	1
p1(X1, a30, X0)	p1(a79, a30, a76)	1
p2(X4)	p2(a88)	1
p5(X8)	p5(a27)	1
p7(X1)	p7(a15)	1
p7(X6)	p7(a98)	1
p9(X5)	p9(a49)	1
p9(a38)	p9(a38)	1
p8(X1)	p8(a3)	1
p2(X5)	p2(a52)	1
p5(X8)	p5(a21)	1
p3(X5, X0)	p3(X4, a15) :- p2(X4), p5(X4)	1
p7(X0)	p7(a44)	1
p7(a3)	p7(a3)	1
p2(X0)	p2(X7) :- p2(X7)	1
p3(X0, X1)	p3(X4, a15) :- p2(X4), p5(X4)	1
p3(X2, X0)	p3(a31, a68)	1
p2(X0)	p2(a17)	1
p0(X1, X0, X2)	p0(a44, a19, a27)	1
p2(a95)	p2(X7) :- p2(X7)	1
p2(X2)	p2(a65)	1
p0(X0, X1, X7)	p0(a90, a25, a16)	1
p0(X9, X0, X1)	p0(a37, a4, a55)	1
p5(X4)	p5(a98)	1
p2(X7)	p2(a19)	1
p3(X7, X0)	p3(a35, a0)	1
p1(a79, a30, X0)	p1(a79, a30, a76)	1
p3(X1, X0)	p3(a10, a2)	1
p9(a15)	p9(a15)	1
p2(X4)	p2(a1)	1
p0(X1, X0, X2)	p0(a22, a24, a0)	1
p9(X5)	p9(a87)	1
p2(X5)	p2(a40)	1
p6(X5, X7)	p6(a19, X6) :- p7(X6), p8(X6)	1
p6(a14, a14)	p6(X2, X2) :- p0(X2, X0, X9)	1
p0(X0, X1, X7)	p0(a31, a50, a0)	1
p9(X6)	p9(a12)	1
p0(X0, X1, X7)	p0(a45, a50, a0)	1
p8(X4)	p8(a28)	1
p2(X7)	p2(X8) :- p9(X8)	1
p5(a1)	p5(a1)	1
p6(X0, X1)	p6(a21, a12)	1
p0(X6, X0, X1)	p0(a0, a17, a64)	1
p0(X0, X1, X2)	p0(a44, a19, a27)	1
p7(X6)	p7(a27)	1
p3(X9, X0)	p3(a10, a2)	1
p2(X7)	p2(a90)	1
p8(X8)	p8(a24)	1
p5(X6)	p5(a43)	1
p2(X5)	p2(a65)	1
p0(X7, X0, X1)	p0(a45, a50, a0)	1
p8(X4)	p8(a34)	1
p2(X2)	p2(a42)	1
p3(a41, X0)	p3(a41, a53)	1
p1(X1, a13, X0)	p1(a81, a13, a11)	1
p6(X5, X7)	p6(a1, a67) :- p9(X1)	1
p6(a24, a24)	p6(X2, X2) :- p0(X2, X0, X9)	1
p0(X0, X1, X7)	p0(a2, a15, a21)	1
p3(X3, X0)	p3(a35, a0)	1
p8(X7)	p8(a0)	1
p7(X2)	p7(a50)	1
p2(a24)	p2(X7) :- p2(X7)	1
p8(X7)	p8(a19)	1
p3(X4, X0)	p3(a21, a1)	1
p2(a40)	p2(a40)	1
p3(X0, a0)	p3(a35, a0)	1
p6(X5, X7)	p6(a0, a68)	1
p0(X6, X0, X1)	p0(a24, a74, a0)	1
p3(X8, X0)	p3(a86, a0)	1
p8(X7)	p8(a24)	1
p7(X0)	p7(a3)	1
p3(X1, X0)	p3(a75, a0)	1
p4(X0, X1, a0)	p4(a29, a67, a0)	1
p8(X6)	p8(a42)	1
p5(a21)	p5(a21)	1
p8(X5)	p8(a3)	1
p9(X5)	p9(a9)	1
p3(X1, X0)	p3(a18, a50)	1
p9(X6)	p9(a15)	1
p0(X0, X1, X2)	p0(X3, a2, X3) :- p6(X3, X3), p2(X3)	1
p3(X7, X0)	p3(a87, a0)	1
p0(a90, X0, X1)	p0(a90, a25, a16)	1
p9(X1)	p9(a8)	1
p9(X8)	p9(a69)	1
p2(X4)	p2(a41)	1
p3(X9, X3)	p3(a67, a14)	1
p6(X0, X1)	p6(a45, a20)	1
p9(a69)	p9(a69)	1
p0(X6, a2, X6)	p0(X3, a2, X3) :- p6(X3, X3), p2(X3)	1
p9(X2)	p9(a87)	1
p2(X5)	p2(a98)	1
p2(X8)	p2(X7) :- p2(X7)	1
p9(X3)	p9(a8)	1
p2(X2)	p2(a95)	1
p3(X6, X0)	p3(a48, a0)	1
p9(X3)	p9(a38)	1
p5(X9)	p5(a21)	1
p2(X5)	p2(a42)	1
p8(X0)	p8(a30)	1
p8(X4)	p8(a1)	1
p2(X4)	p2(a49)	1
p2(X0)	p2(a88)	1
p8(X6)	p8(a24)	1
p0(X4, X0, X1)	p0(a26, a82, a20)	1
p5(X1)	p5(a24)	1
p0(X9, X0, X1)	p0(a44, a19, a27)	1
p6(X5, X7)	p6(a0, a65)	1
p2(X5)	p2(X8) :- p9(X8)	1
p8(X9)	p8(a3)	1
p9(X6)	p9(a61)	1
p5(X1)	p5(a88)	1
p3(X1, X0)	p3(a16, a84)	1
p3(X8, X5)	p3(a79, a19)	1
p8(X3)	p8(a3)	1
p3(X1, X2)	p3(a87, a0)	1
p5(X9)	p5(a11)	1
p2(X5)	p2(a90)	1
p3(a57, X0)	p3(X4, a15) :- p2(X4), p5(X4)	1
p2(X7)	p2(a52)	1
p0(X7, X0, X1)	p0(a14, a23, a10)	1
p3(X9, X3)	p3(a18, a50)	1
p0(X0, X1, X2)	p0(a14, a23, a10)	1
p9(X1)	p9(a61)	1
p5(X0)	p5(a61)	1
p2(a9)	p2(X7) :- p2(X7)	1
p0(X8, X0, X1)	p0(a90, a25, a16)	1
p0(X5, X0, X1)	p0(a20, a0, a19)	1
p0(X3, X0, X1)	p0(a20, a0, a19)	1
p3(X2, X0)	p3(a15, a82)	1
p2(X1)	p2(a98)	1
p2(X2)	p2(a83)	1
p3(X6, X0)	p3(a31, a68)	1
p7(X4)	p7(a15)	1
p3(X9, X0)	p3(a16, a84)	1
p0(X0, X1, X2)	p0(a26, a82, a20)	1
p3(X1, X2)	p3(a31, a68)	1
p2(a65)	p2(X7) :- p2(X7)	1
p2(X1)	p2(a42)	1
p0(X8, X0, X1)	p0(a45, a85, a30) :- p8(X5)	1
p2(X0)	p2(a1)	1
p9(X5)	p9(a38)	1
p2(a0)	p2(X7) :- p2(X7)	1
p3(a61, X0)	p3(X4, a15) :- p2(X4), p5(X4)	1
p9(X0)	p9(a61)	1
p3(X0, X8)	p3(a87, a0)	1
p3(X1, X6)	p3(a21, a1)	1
p7(X0)	p7(a42)	1
p0(X8, X0, X1)	p0(a31, a50, a0)	1
p3(a15, X0)	p3(a15, a82)	1
p5(X5)	p5(a57)	1
p2(X7)	p2(a40)	1
p5(X6)	p5(a98)	1
p6(X5, X7)	p6(a15, a80)	1
p6(X0, X1)	p6(a42, a68)	1
p0(a0, X0, X1)	p0(X3, a2, X3) :- p6(X3, X3), p2(X3)	1
p5(X4)	p5(a24)	1
p2(X1)	p2(a24)	1
p3(X4, X0)	p3(a67, a14)	1
p6(X5, X5)	p6(X2, X2) :- p0(X2, X0, X9)	1
p2(X4)	p2(a98)	1
p2(X2)	p2(a17)	1
p3(X0, X8)	p3(a31, a68)	1
p7(X8)	p7(a98)	1
p0(X1, a0, X0)	p0(a20, a0, a19)	1
p0(X4, X0, X1)	p0(a22, a24, a0)	1
p8(X1)	p8(a1)	1
p0(X6, X0, X1)	p0(a47, a61, a21)	1
p6(X7, X7)	p6(X2, X2) :- p0(X2, X0, X9)	1
p8(X2)	p8(a59)	1
p3(X5, X0)	p3(a29, a17)	1
p8(X5)	p8(a28)	1
p3(X0, a0)	p3(a86, a0)	1
p6(X0, X1)	p6(a57, a2)	1
p8(X6)	p8(a59)	1
p9(X8)	p9(a0)	1
p9(X0)	p9(a5)	1
p0(X4, X0, X1)	p0(a0, a17, a64)	1
p2(X6)	p2(a0)	1
p1(a66, X0, a41)	p1(a66, a62, a41)	1
p3(a19, X0)	p3(X4, a15) :- p2(X4), p5(X4)	1
p2(X9)	p2(a57)	1
p8(X4)	p8(a52)	1
p7(X2)	p7(a98)	1
p0(X8, X0, X1)	p0(a37, a4, a55)	1
p2(X9)	p2(X7) :- p2(X7)	1
p2(a15)	p2(X8) :- p9(X8)	1
p3(X1, X0)	p3(a87, a0)	1
p3(X9, X3)	p3(a35, a1)	1
p8(X7)	p8(a87)	1
p9(X8)	p9(a9)	1
p3(X8, X5)	p3(a35, a0)	1
p2(X7)	p2(a98)	1
p5(X8)	p5(a95)	1
p8(X9)	p8(a28)	1
p8(X8)	p8(a42)	1
p2(X7)	p2(a42)	1
p7(a0)	p7(X2) :- p5(X2), p3(X2, X0)	1
p3(X7, X0)	p3(X4, a15) :- p2(X4), p5(X4)	1
p0(X4, X0, X1)	p0(a24, a74, a0)	1
p3(X1, X0)	p3(a31, a68)	1
p5(a4)	p5(a4)	1
p9(X0)	p9(a1)	1
p3(X9, X0)	p3(a87, a0)	1
p8(X3)	p8(a28)	1
p9(X9)	p9(a61)	1
p0(X0, a21, X2)	p0(a23, a21, a10)	1
p2(X6)	p2(a88)	1
p0(X4, X0, X1)	p0(a20, a0, a19)	1
p8(X7)	p8(a18)	1
p7(X4)	p7(X2) :- p5(X2), p3(X2, X0)	1
p5(X5)	p5(a98)	1
p2(X6)	p2(a27)	1
p5(X1)	p5(a11)	1
p7(a88)	p7(X2) :- p5(X2), p3(X2, X0)	1
p8(X5)	p8(a1)	1
p8(X6)	p8(a87)	1
p7(X2)	p7(a3)	1
p2(X9)	p2(a12)	1
p3(X6, X0)	p3(a35, a0)	1
p6(a0, a0)	p6(X2, X2) :- p0(X2, X0, X9)	1
p3(X1, X2)	p3(a35, a0)	1
p7(X6)	p7(a15)	1
p0(X0, X1, X7)	p0(a26, a82, a20)	1
p5(X8)	p5(a98)	1
p6(X0, X1)	p6(a42, a10)	1
p2(X6)	p2(a1)	1
p8(X1)	p8(a52)	1
p4(X0, a29, a20)	p4(a45, a29, a20)	1
p0(X1, a21, X0)	p0(a23, a21, a10)	1
p5(X9)	p5(a4)	1
p5(a19)	p5(a19)	1
p8(X9)	p8(a1)	1
p7(X4)	p7(a42)	1
p8(X7)	p8(a28)	1
p7(a24)	p7(X2) :- p5(X2), p3(X2, X0)	1
p3(X1, X6)	p3(a75, a0)	1
p8(X4)	p8(a59)	1
p3(X7, X0)	p3(a67, a14)	1
p3(X0, X8)	p3(X4, a15) :- p2(X4), p5(X4)	1
p9(X6)	p9(a69)	1
p8(X3)	p8(a1)	1
p9(X4)	p9(a61)	1
p8(X4)	p8(a19)	1
p3(X1, X6)	p3(a18, a50)	1
p6(X5, X7)	p6(a15, a33)	1
p7(X1)	p7(a14)	1
p5(X6)	p5(a24)	1
p8(X2)	p8(a28)	1
p9(X6)	p9(a73)	1
p6(a45, a45)	p6(X2, X2) :- p0(X2, X0, X9)	1
p8(X8)	p8(a15)	1
p5(X4)	p5(a57)	1
p5(X9)	p5(a95)	1
p9(X9)	p9(a1)	1
p5(X0)	p5(a1)	1
p3(X1, X0)	p3(a21, a1)	1
p2(X1)	p2(a83)	1
p8(X6)	p8(a28)	1
p7(X1)	p7(a84)	1
p3(a87, X0)	p3(a87, a0)	1
p5(X2)	p5(a95)	1
p2(X8)	p2(X8) :- p9(X8)	1
p6(X6, X6)	p6(X2, X2) :- p0(X2, X0, X9)	1
p9(X9)	p9(a73)	1
p8(X7)	p8(a15)	1
p9(a8)	p9(a8)	1
p3(X9, X0)	p3(a21, a1)	1
p3(X8, X5)	p3(a86, a0)	1
p5(X2)	p5(a11)	1
p2(a49)	p2(a49)	1
p2(X8)	p2(a90)	1
p0(X5, X0, X1)	p0(a45, a50, a0)	1
p7(a42)	p7(a42)	1
p0(X3, X0, X1)	p0(a45, a50, a0)	1
p6(X5, X7)	p6(a9, a14)	1
p2(X1)	p2(a17)	1
p2(X6)	p2(a49)	1
p5(X5)	p5(a56)	1
p3(X1, X0)	p3(a15, a82)	1
p3(X1, X0)	p3(a35, a0)	1
p0(X7, X0, X1)	p0(a22, a24, a0)	1
p8(X5)	p8(a52)	1
p6(a19, X8)	p6(a19, X6) :- p7(X6), p8(X6)	1
p8(X2)	p8(a18)	1
p8(X6)	p8(a15)	1
p0(X5, X0, X1)	p0(a23, a21, a10)	1
p2(a9)	p2(X8) :- p9(X8)	1
p2(X3)	p2(a19)	1
p0(X3, X0, X1)	p0(a23, a21, a10)	1
p0(X6, X0, X1)	p0(a10, a49, a17)	1
p8(X1)	p8(a19)	1
p3(X9, X0)	p3(a15, a82)	1
p8(X2)	p8(a1)	1
p3(X8, X5)	p3(a52, a35)	1
p6(X0, X1)	p6(a1, a61)	1
p7(X1)	p7(a44)	1
p9(X4)	p9(a1)	1
p3(X8, X0)	p3(a96, a65)	1
p9(X1)	p9(a5)	1
p5(X4)	p5(a1)	1
p3(X6, X0)	p3(a86, a0)	1
p2(X3)	p2(X8) :- p9(X8)	1
p3(X0, a0)	p3(a48, a0)	1
p8(X6)	p8(a1)	1
p0(X7, X0, X1)	p0(a0, a17, a64)	1
p3(X3, X0)	p3(a86, a0)	1
p0(X4, X0, X1)	p0(a45, a85, a30) :- p8(X5)	1
p3(X1, X2)	p3(a86, a0)	1
p8(a1)	p8(a1)	1
p5(X9)	p5(a19)	1
p6(X0, X1)	p6(a15, a80)	1
p9(X4)	p9(a73)	1
p5(X5)	p5(a24)	1
p0(X0, X1, X7)	p0(a24, a74, a0)	1
p5(X4)	p5(a10)	1
p8(X9)	p8(a52)	1
p0(X8, X0, X1)	p0(a75, a36, a29)	1
p7(X4)	p7(a13)	1
p2(a0)	p2(a0)	1
p5(X5)	p5(a88)	1
p8(a52)	p8(a52)	1
p2(X4)	p2(a52)	1
p3(X9, X3)	p3(a35, a0)	1
p8(X3)	p8(a52)	1
p5(X1)	p5(a4)	1
p0(X0, X1, X2)	p0(a2, a15, a21)	1
p5(a43)	p5(a43)	1
p5(X7)	p5(a98)	1
p4(a25, a24, X0)	p4(a25, a24, a43)	1
p0(X7, X0, X1)	p0(a24, a74, a0)	1
p6(X0, X0)	p6(X2, X2) :- p0(X2, X0, X9)	1
p0(X8, X0, X1)	p0(a47, a61, a21)	1
p2(a64)	p2(X7) :- p2(X7)	1
p9(X1)	p9(a1)	1
p2(X8)	p2(a52)	1
p5(X8)	p5(a24)	1
p0(X9, X0, X1)	p0(a10, a49, a17)	1
p0(X3, X0, X1)	p0(a14, a23, a10)	1
p8(X9)	p8(a30)	1
p2(X9)	p2(a19)	1
p9(X6)	p9(a9)	1
p3(X5, X0)	p3(a96, a65)	1
p2(X4)	p2(a40)	1
p3(X5, X0)	p3(a79, a19)	1
p2(X4)	p2(a14)	1
p0(X1, X0, X2)	p0(X3, a2, X3) :- p6(X3, X3), p2(X3)	1
p5(X1)	p5(a95)	1
p3(X6, X0)	p3(a29, a17)	1
p3(X9, X0)	p3(a67, a14)	1
p5(X0)	p5(a98)	1
p2(X1)	p2(a88)	1
p3(X0, X1)	p3(a79, a19)	1
p5(X6)	p5(a11)	1
p9(X9)	p9(a10)	1
p7(X1)	p7(a3)	1
p8(X5)	p8(a19)	1
p7(X4)	p7(a14)	1
p2(X8)	p2(a40)	1
p6(X9, X9)	p6(a19, X6) :- p7(X6), p8(X6)	1
p0(X5, X0, X1)	p0(a22, a24, a0)	1
p8(X4)	p8(a87)	1
p9(X0)	p9(a12)	1
p5(X6)	p5(a57)	1
p8(X3)	p8(a34)	1
p8(X5)	p8(a24)	1
p8(X0)	p8(a10)	1
p9(X7)	p9(a8)	1
p5(X4)	p5(a0)	1
p5(a10)	p5(a10)	1
p9(X7)	p9(a38)	1
p7(X1)	p7(a10)	1
p9(X3)	p9(a87)	1
p1(X1, a13, X0)	p1(a0, a13, a74)	1
p2(a90)	p2(X7) :- p2(X7)	1
p2(X8)	p2(a65)	1
p0(a10, X0, X1)	p0(X3, a2, X3) :- p6(X3, X3), p2(X3)	1
p2(a95)	p2(a95)	1
p3(X7, X0)	p3(a16, a84)	1
p0(X4, X0, X1)	p0(a23, a21, a10)	1
p5(a11)	p5(a11)	1
p8(X4)	p8(a18)	1
p6(X4, X4)	p6(X2, X2) :- p0(X2, X0, X9)	1
p3(a98, X0)	p3(X4, a15) :- p2(X4), p5(X4)	1
p8(X9)	p8(a19)	1
p8(X2)	p8(a52)	1
p2(X1)	p2(a1)	1
p3(X4, X0)	p3(a35, a0)	1
p3(X4, X0)	p3(X4, a15) :- p2(X4), p5(X4)	1
p7(X2)	p7(a15)	1
p0(X1, X0, X2)	p0(a14, a23, a10)	1
p3(X5, X0)	p3(a52, a35)	1
p2(X0)	p2(a57)	1
p8(X6)	p8(a52)	1
p2(a64)	p2(a64)	1
p9(X6)	p9(a38)	1
p3(X5, X0)	p3(a21, a1)	1
p2(X8)	p2(a49)	1
p5(X3)	p5(a1)	1
p6(a19, X0)	p6(a19, X6) :- p7(X6), p8(X6)	1
p9(X4)	p9(a10)	1
p2(X5)	p2(a24)	1
p3(X0, X1)	p3(a21, a1)	1
p3(X9, X3)	p3(a79, a19)	1
p5(X1)	p5(a19)	1
p3(X1, X0)	p3(a52, a35)	1
p5(X4)	p5(a56)	1
p2(X4)	p2(X8) :- p9(X8)	1
p2(X9)	p2(a27)	1
p9(X3)	p9(a9)	1
p2(a65)	p2(a65)	1
p9(a9)	p9(a9)	1
p6(X5, X7)	p6(a0, a34)	1
p7(X8)	p7(a0)	1
p8(X1)	p8(a87)	1
p3(X9, X3)	p3(a86, a0)	1
p7(X1)	p7(a42)	1
p3(X8, X5)	p3(a41, a53)	1
p2(X3)	p2(a65)	1
p1(X0, a53, X0)	p1(a0, a53, a0)	1
p2(X4)	p2(a90)	1
p6(X0, X1)	p6(a15, a33)	1
p5(X7)	p5(a81)	1
p5(X5)	p5(a11)	1
p3(X8, X5)	p3(a48, a0)	1
p3(X0, X1)	p3(a35, a1)	1
p2(X0)	p2(a12)	1
p5(X2)	p5(a98)	1
p9(X9)	p9(a12)	1
p0(X4, X0, X1)	p0(a44, a19, a27)	1
p6(X5, X7)	p6(a22, a43)	1
p5(X9)	p5(a10)	1
p2(a87)	p2(X7) :- p2(X7)	1
p5(X9)	p5(a61)	1
p8(X1)	p8(a18)	1
p0(X9, X0, X1)	p0(a19, a85, a63)	1
p3(X1, X0)	p3(a35, a1)	1
p2(X8)	p2(a95)	1
p5(X7)	p5(a24)	1
p3(X9, X3)	p3(a52, a35)	1
p5(X8)	p5(a11)	1
p0(X7, X0, X1)	p0(X3, a2, X3) :- p6(X3, X3), p2(X3)	1
p2(X7)	p2(a1)	1
p2(X3)	p2(a98)	1
p3(X2, X0)	p3(a79, a19)	1
p8(X2)	p8(a19)	1
p0(X6, X0, X1)	p0(a20, a0, a19)	1
p3(X6, X0)	p3(a41, a53)	1
p2(X3)	p2(a42)	1
p3(X3, X0)	p3(a41, a53)	1
p5(X8)	p5(a57)	1
p3(X0, X1)	p3(a29, a17)	1
p3(X1, X2)	p3(a41, a53)	1
p2(a8)	p2(X7) :- p2(X7)	1
p3(X1, X6)	p3(a35, a0)	1
p2(X8)	p2(a57)	1
p3(X8, X5)	p3(a10, a2)	1
p2(a5)	p2(X8) :- p9(X8)	1
p9(X5)	p9(a61)	1
p8(X6)	p8(a19)	1
p0(X9, X0, X1)	p0(a14, a23, a10)	1
p8(X0)	p8(a28)	1
p7(X1)	p7(a50)	1
p3(X3, X0)	p3(a48, a0)	1
p3(X1, X2)	p3(a48, a0)	1
p3(X7, X0)	p3(a31, a68)	1
p0(X0, X1, X2)	p0(a31, a50, a0)	1
p5(X0)	p5(a24)	1
p2(X9)	p2(a65)	1
p9(X2)	p9(a8)	1
p7(X4)	p7(a3)	1
p8(X1)	p8(a28)	1
p4(a73, a30, X0)	p4(a73, a30, a4)	1
p0(X2, X6, X2)	p0(X3, a2, X3) :- p6(X3, X3), p2(X3)	1
p7(X0)	p7(X2) :- p5(X2), p3(X2, X0)	1
p5(X6)	p5(a0)	1
p9(X4)	p9(a12)	1
p5(X4)	p5(a43)	1
p8(X5)	p8(a87)	1
p0(X5, X6, X5)	p0(X3, a2, X3) :- p6(X3, X3), p2(X3)	1
p8(X0)	p8(a34)	1
p2(X1)	p2(a0)	1
p3(X4, X0)	p3(a86, a0)	1
p3(X3, X0)	p3(a87, a0)	1
p1(a55, a17, X0)	p1(a55, a17, a96)	1
p3(X0, X1)	p3(a67, a14)	1
p0(X8, X0, X1)	p0(a10, a49, a17)	1
p2(X8)	p2(a12)	1
p2(a83)	p2(a83)	1
p3(X3, X0)	p3(a31, a68)	1
p0(X4, X9, X4)	p0(X3, a2, X3) :- p6(X3, X3), p2(X3)	1
p2(X6)	p2(a57)	1
p8(X5)	p8(a18)	1
p8(X7)	p8(a42)	1
p9(a49)	p9(a49)	1
p2(X9)	p2(a42)	1
p2(X7)	p2(a24)	1
p2(a38)	p2(X7) :- p2(X7)	1
p0(X5, X0, X1)	p0(a44, a19, a27)	1
p8(X9)	p8(a87)	1
p9(X2)	p9(a61)	1
p3(X5, X0)	p3(a41, a53)	1
p5(X8)	p5(a1)	1
p0(X6, X0, X1)	p0(a75, a36, a29)	1
p7(X6)	p7(a66)	1
p0(X0, X1, X2)	p0(a37, a4, a55)	1
p6(X5, X7)	p6(a57, a2)	1
p8(X0)	p8(a1)	1
p8(X5)	p8(a0)	1
p5(X6)	p5(a56)	1
p3(X0, X1)	p3(a18, a50)	1
p0(X3, X0, X1)	p0(a22, a24, a0)	1
p3(X7, X0)	p3(a96, a65)	1
p2(a69)	p2(X7) :- p2(X7)	1
p0(X0, a0, X2)	p0(a20, a0, a19)	1
p5(X2)	p5(a81)	1
p7(a15)	p7(a15)	1
p3(X1, X0)	p3(a41, a53)	1
p6(X5, X7)	p6(a1, a33)	1
p8(X9)	p8(a18)	1
p2(a19)	p2(a19)	1
p0(X5, X1, X5)	p0(X3, a2, X3) :- p6(X3, X3), p2(X3)	1
p5(X7)	p5(a21)	1
p6(a19, X7)	p6(X2, X2) :- p0(X2, X0, X9)	1
p3(X8, X5)	p3(a16, a84)	1
p8(X1)	p8(a10)	1
p2(X9)	p2(a95)	1
p4(X0, X1, a0)	p4(a11, a12, a0)	1
p7(X0)	p7(a66)	1
p3(X6, X0)	p3(a50, a7)	1
p0(X4, a2, X4)	p0(X3, a2, X3) :- p6(X3, X3), p2(X3)	1
p7(X6)	p7(a1)	1
p2(X3)	p2(a17)	1
p7(X7)	p7(a44)	1
p5(X2)	p5(a24)	1
p2(X6)	p2(a14)	1
p8(X8)	p8(a3)	1
p3(X5, X0)	p3(a10, a2)	1
p0(X9, X0, X1)	p0(a75, a36, a29)	1
p2(a14)	p2(X7) :- p2(X7)	1
p8(X3)	p8(a0)	1
p3(X1, X6)	p3(a86, a0)	1
p6(a19, X8)	p6(X2, X2) :- p0(X2, X0, X9)	1
p5(X7)	p5(a11)	1
p5(X6)	p5(a88)	1
p2(X5)	p2(a41)	1
p8(X3)	p8(a24)	1
p2(a57)	p2(X7) :- p2(X7)	1
p0(X0, a0, a19)	p0(a20, a0, a19)	1
p8(a15)	p8(a15)	1
p7(X8)	p7(a27)	1
p8(X7)	p8(a3)	1
p3(X7, X0)	p3(a15, a82)	1
p2(X9)	p2(a83)	1
p9(X0)	p9(a69)	1
p2(a88)	p2(X7) :- p2(X7)	1
p5(X8)	p5(a0)	1
p0(X1, X0, X2)	p0(a47, a61, a21)	1
p7(X0)	p7(a1)	1
p6(X0, X1)	p6(a75, a0)	1
p7(X6)	p7(a3)	1
p3(X0, X8)	p3(a96, a65)	1
p3(X9, X3)	p3(a48, a0)	1
p2(a40)	p2(X7) :- p2(X7)	1
p0(X7, X0, X1)	p0(a44, a19, a27)	1
p3(X0, a19)	p3(a79, a19)	1
p9(X0)	p9(a73)	1
p3(X1, X6)	p3(a52, a35)	1
p2(a1)	p2(a1)	1
p6(X0, X1)	p6(a0, a11)	1
p5(X9)	p5(a1)	1
p2(X1)	p2(X7) :- p2(X7)	1
p3(X5, X0)	p3(a75, a0)	1
p5(X0)	p5(a57)	1
p2(X9)	p2(a17)	1
p3(X5, X0)	p3(a18, a50)	1
p7(X2)	p7(a27)	1
p8(a87)	p8(a87)	1
p8(X5)	p8(a10)	1
p3(X3, X0)	p3(X4, a15) :- p2(X4), p5(X4)	1
p8(X2)	p8(a42)	1
p5(X9)	p5(a43)	1
p2(X0)	p2(a0)	1
p7(X0)	p7(a13)	1
p2(X0)	p2(a40)	1
p3(X8, X0)	p3(a50, a7)	1
p7(X7)	p7(a3)	1
p2(X0)	p2(a14)	1
p2(a49)	p2(X8) :- p9(X8)	1
p8(X0)	p8(a52)	1
p2(X1)	p2(a49)	1
p0(X0, X1, X2)	p0(a20, a0, a19)	1
p3(X9, X0)	p3(a35, a0)	1
p2(X4)	p2(a57)	1
p5(X2)	p5(a61)	1
p0(X6, X0, X1)	p0(a90, a25, a16)	1
p3(X8, X5)	p3(a87, a0)	1
p3(X9, X3)	p3(a10, a2)	1
p5(a56)	p5(a56)	1
p0(X1, X0, X2)	p0(a2, a15, a21)	1
p5(X8)	p5(a56)	1
p3(X2, X0)	p3(a96, a65)	1
p6(X5, X7)	p6(a49, a64)	1
p5(X1)	p5(a81)	1
p8(X2)	p8(a0)	1
p2(a98)	p2(X7) :- p2(X7)	1
p2(a41)	p2(X7) :- p2(X7)	1
p6(X0, X1)	p6(a22, a43)	1
p2(X0)	p2(a64)	1
p7(X2)	p7(X2) :- p5(X2), p3(X2, X0)	1
p4(X0, X1, a0)	p4(a38, a95, a0)	1
p9(X3)	p9(a5)	1
p0(X0, a24, X2)	p0(a22, a24, a0)	1
p6(X9, X9)	p6(X2, X2) :- p0(X2, X0, X9)	1
p2(a73)	p2(X7) :- p2(X7)	1
p8(X2)	p8(a24)	1
p3(X5, X0)	p3(a16, a84)	1
p8(X6)	p8(a0)	1
p0(X6, X0, X1)	p0(a45, a50, a0)	1
p8(X9)	p8(a10)	1
p7(X7)	p7(X2) :- p5(X2), p3(X2, X0)	1
p9(X9)	p9(a15)	1
p3(X0, X1)	p3(a16, a84)	1
p3(X4, X0)	p3(a41, a53)	1
p8(X3)	p8(a10)	1
p6(X0, X1)	p6(a19, X6) :- p7(X6), p8(X6)	1
p5(X2)	p5(a21)	1
p8(X1)	p8(a30)	1
p7(X0)	p7(a14)	1
p6(X0, X1)	p6(a71, a17)	1
p2(X0)	p2(a27)	1
p5(X3)	p5(a81)	1
p7(X6)	p7(a42)	1
p0(X6, X0, X1)	p0(a23, a21, a10)	1
p3(X4, X0)	p3(a48, a0)	1
p2(X4)	p2(a12)	1
p6(X8, X8)	p6(X2, X2) :- p0(X2, X0, X9)	1
p3(X0, X1)	p3(a50, a7)	1
p2(a42)	p2(X7) :- p2(X7)	1
p5(X0)	p5(a10)	1
p8(X1)	p8(a34)	1
p2(X7)	p2(X7) :- p2(X7)	1
p8(X7)	p8(a30)	1
p2(X7)	p2(a17)	1
p7(X8)	p7(a66)	1
p3(X0, a84)	p3(a16, a84)	1
p8(a3)	p8(a3)	1
p3(a1, X0)	p3(X4, a15) :- p2(X4), p5(X4)	1
p9(X5)	p9(a5)	1
p0(X0, X1, X2)	p0(a75, a36, a29)	1
p6(a19, X0)	p6(X2, X2) :- p0(X2, X0, X9)	1
p8(X0)	p8(a59)	1
p8(X2)	p8(a15)	1
p9(X0)	p9(a10)	1
p9(a87)	p9(a87)	1
p8(X0)	p8(a19)	1
p3(X4, X0)	p3(a31, a68)	1
p9(a5)	p9(a5)	1
p3(a52, X0)	p3(a52, a35)	1
p3(a50, X0)	p3(a50, a7)	1
p8(X3)	p8(a87)	1
p9(X4)	p9(a15)	1
p5(X5)	p5(a81)	1
p9(X8)	p9(a87)	1
p3(X0, X8)	p3(a29, a17)	1
p5(X1)	p5(a1)	1
p5(X7)	p5(a4)	1
p8(a19)	p8(a19)	1
p5(X8)	p5(a43)	1
p7(X2)	p7(a66)	1
p0(X3, X0, X1)	p0(a90, a25, a16)	1
p0(X5, X0, X1)	p0(X3, a2, X3) :- p6(X3, X3), p2(X3)	1
p2(X8)	p2(a64)	1
p0(X3, X0, X1)	p0(X3, a2, X3) :- p6(X3, X3), p2(X3)	1
p0(X9, X0, X1)	p0(a2, a15, a21)	1
p8(X8)	p8(a1)	1
p5(X9)	p5(a56)	1
p8(X4)	p8(a42)	1
p5(X6)	p5(a10)	1
p9(X5)	p9(a1)	1
p5(X6)	p5(a61)	1
p0(X3, X0, X1)	p0(a45, a85, a30) :- p8(X5)	1
p6(X8, X8)	p6(a19, X6) :- p7(X6), p8(X6)	1
p3(X2, X0)	p3(a35, a1)	1
p6(X0, X1)	p6(a0, a65)	1
p3(X5, X0)	p3(a87, a0)	1
p0(X8, X0, X1)	p0(a26, a82, a20)	1
p0(X3, X0, X1)	p0(a31, a50, a0)	1
p3(X9, X0)	p3(a86, a0)	1
p3(X1, X6)	p3(a41, a53)	1
p9(X7)	p9(a9)	1
p5(X0)	p5(a0)	1
p8(X4)	p8(a0)	1
p2(X8)	p2(a27)	1
p0(X1, X0, X1)	p0(X3, a2, X3) :- p6(X3, X3), p2(X3)	1
p9(X2)	p9(a5)	1
p6(X0, X1)	p6(a41, a53)	1
p5(X7)	p5(a95)	1
p9(X6)	p9(a0)	1
p0(a19, X0, X1)	p0(X3, a2, X3) :- p6(X3, X3), p2(X3)	1
p3(X1, X6)	p3(a48, a0)	1
p3(X5, X0)	p3(a31, a68)	1
p8(X5)	p8(a34)	1
p6(X0, X1)	p6(a1, a33)	1
p2(X5)	p2(a17)	1
p2(a24)	p2(a24)	1
p7(X0)	p7(a50)	1
p3(X4, X0)	p3(a50, a7)	1
p7(X2)	p7(a1)	1
p9(X1)	p9(a69)	1
p2(X0)	p2(a49)	1
p3(X8, X5)	p3(a15, a82)	1
p3(X8, X5)	p3(X4, a15) :- p2(X4), p5(X4)	1
p2(X2)	p2(a0)	1
p5(X1)	p5(a21)	1
p2(X2)	p2(a14)	1
p0(X5, X0, X1)	p0(a14, a23, a10)	1
p9(X9)	p9(a0)	1
p0(X1, X0, X2)	p0(a10, a49, a17)	1
p9(X1)	p9(a73)	1
p3(X2, X0)	p3(a16, a84)	1
p9(X2)	p9(a1)	1
p2(X8)	p2(a24)	1
p8(X2)	p8(a87)	1
p8(X9)	p8(a34)	1
p3(X8, X0)	p3(a21, a1)	1
p5(X0)	p5(a56)	1
p7(X1)	p7(a98)	1
p5(X3)	p5(a21)	1
p0(X4, X0, X1)	p0(a45, a50, a0)	1
p0(X1, X0, X2)	p0(a31, a50, a0)	1
p7(a19)	p7(X2) :- p5(X2), p3(X2, X0)	1
p2(X2)	p2(a88)	1
p3(X9, X3)	p3(a87, a0)	1
p2(a14)	p2(a14)	1
p3(X6, X0)	p3(X4, a15) :- p2(X4), p5(X4)	1
p8(X4)	p8(a15)	1
p0(X0, X1, X2)	p0(a90, a25, a16)	1
p3(X1, X2)	p3(X4, a15) :- p2(X4), p5(X4)	1
p5(X9)	p5(a27)	1
p5(X7)	p5(a19)	1
p3(X9, X3)	p3(a31, a68)	1
p0(X4, X0, X1)	p0(X3, a2, X3) :- p6(X3, X3), p2(X3)	1
p9(a73)	p9(a73)	1
p0(X8, X0, X1)	p0(a0, a17, a64)	1
p9(X4)	p9(a0)	1
p8(X8)	p8(a52)	1
p2(X9)	p2(a64)	1
p2(X3)	p2(a24)	1
p2(X4)	p2(a19)	1
p5(X8)	p5(a61)	1
p5(X2)	p5(a4)	1
p0(X4, X0, X1)	p0(a19, a85, a63)	1
p2(X2)	p2(a1)	1
p2(X5)	p2(a88)	1
p5(X5)	p5(a21)	1
p2(a15)	p2(X7) :- p2(X7)	1
p3(X6, X0)	p3(a75, a0)	1
p9(X7)	p9(a49)	1
p0(X1, X0, X2)	p0(a37, a4, a55)	1
p2(X0)	p2(a83)	1
p3(X1, X2)	p3(a75, a0)	1
p8(X0)	p8(a87)	1
p0(X8, X0, X1)	p0(a24, a74, a0)	1
p0(a0, X0, X1)	p0(a0, a17, a64)	1
p5(X3)	p5(a10)	1
p5(X3)	p5(a61)	1
p3(X6, X0)	p3(a18, a50)	1
p9(X9)	p9(a69)	1
p3(X3, X0)	p3(a18, a50)	1
p3(X1, X2)	p3(a18, a50)	1
p8(X5)	p8(a42)	1
p0(X8, X0, X1)	p0(a20, a0, a19)	1
p0(X9, X0, X1)	p0(a90, a25, a16)	1
p0(X4, X0, X1)	p0(a14, a23, a10)	1
p0(X9, X0, X1)	p0(X3, a2, X3) :- p6(X3, X3), p2(X3)	1
p3(X5, X0)	p3(a15, a82)	1
p8(X2)	p8(a34)	1
p7(X2)	p7(a42)	1
p7(X0)	p7(a84)	1
p5(X0)	p5(a43)	1
p3(X1, X6)	p3(a16, a84)	1
p2(X6)	p2(a41)	1
p7(a0)	p7(a0)	1
p8(X0)	p8(a18)	1
p3(X7, X0)	p3(a50, a7)	1
p9(X1)	p9(a10)	1
p3(X8, X0)	p3(a67, a14)	1
p0(X9, X0, X1)	p0(a31, a50, a0)	1
p0(X0, X1, X7)	p0(a45, a85, a30) :- p8(X5)	1
p6(X2, X2)	p6(a19, X6) :- p7(X6), p8(X6)	1
p0(X1, X8, X1)	p0(X3, a2, X3) :- p6(X3, X3), p2(X3)	1
p2(X9)	p2(a24)	1
p0(X0, X1, X2)	p0(a10, a49, a17)	1
p2(X2)	p2(a41)	1
p7(X0)	p7(a98)	1
p8(X9)	p8(a42)	1
p8(X1)	p8(a59)	1
p9(X9)	p9(a49)	1
p8(a30)	p8(a30)	1
p8(X8)	p8(a19)	1
p2(a52)	p2(X7) :- p2(X7)	1
p2(X2)	p2(a49)	1
p2(X6)	p2(a12)	1
p2(X1)	p2(a52)	1
p6(a10, a10)	p6(X2, X2) :- p0(X2, X0, X9)	1
p5(X3)	p5(a0)	1
p9(X6)	p9(a87)	1
p3(X9, X0)	p3(a41, a53)	1
p3(X8, X0)	p3(a75, a0)	1
p2(X4)	p2(a27)	1
p0(X6, X0, X1)	p0(a44, a19, a27)	1
p0(X9, X0, X1)	p0(a26, a82, a20)	1
p2(X7)	p2(a0)	1
p3(X8, X0)	p3(a18, a50)	1
p3(X9, X0)	p3(a48, a0)	1
p7(X4)	p7(a98)	1
p2(X8)	p2(a83)	1
p0(X5, X0, X1)	p0(a19, a85, a63)	1
p0(X3, X0, X1)	p0(a19, a85, a63)	1
p9(X5)	p9(a12)	1
p3(X5, X0)	p3(a67, a14)	1
p2(X1)	p2(a40)	1
p0(a45, X0, X1)	p0(a45, a85, a30) :- p8(X5)	1
p2(X1)	p2(a14)	1
p3(X9, X3)	p3(X4, a15) :- p2(X4), p5(X4)	1
p7(X0)	p7(a27)	1
p3(X0, X8)	p3(a50, a7)	1
p1(a88, a33, X0)	p1(a88, a33, a32)	1
p2(X0)	p2(a19)	1
p5(a88)	p5(a88)	1
p3(X1, X0)	p3(a67, a14)	1
p2(X8)	p2(a17)	1
p6(X0, X1)	p6(a9, a14)	1
p3(X1, X6)	p3(a87, a0)	1
p5(X7)	p5(a10)	1
p3(X9, X0)	p3(a31, a68)	1
p6(X9, a42)	p6(a19, X6) :- p7(X6), p8(X6)	1
p5(X7)	p5(a61)	1
p0(a24, X0, X1)	p0(a24, a74, a0)	1
p2(a10)	p2(X7) :- p2(X7)	1
p0(X8, X5, X8)	p0(X3, a2, X3) :- p6(X3, X3), p2(X3)	1
p9(X1)	p9(a12)	1
p2(X2)	p2(a98)	1
p9(X2)	p9(a49)	1
p5(X3)	p5(a4)	1
p0(X0, X1, X7)	p0(a23, a21, a10)	1
p8(X5)	p8(a59)	1
p3(X0, X1)	p3(a75, a0)	1
p2(X6)	p2(a83)	1
p3(X1, X6)	p3(a31, a68)	1
p8(a42)	p8(a42)	1
p8(X9)	p8(a15)	1
p0(X9, X0, X1)	p0(a22, a24, a0)	1
p0(X4, X0, X1)	p0(a37, a4, a55)	1
p3(X2, X0)	p3(a50, a7)	1
p2(X4)	p2(a65)	1
p9(X2)	p9(a12)	1
p3(X4, X0)	p3(a29, a17)	1
p5(X9)	p5(a57)	1
p0(X0, X1, X7)	p0(a19, a85, a63)	1
p5(X3)	p5(a95)	1
p2(X3)	p2(a57)	1
p7(X0)	p7(a10)	1
p8(X9)	p8(a59)	1
p3(X8, X0)	p3(a35, a1)	1
p3(X3, X0)	p3(a50, a7)	1
p2(X3)	p2(X7) :- p2(X7)	1
p0(X9, X0, X1)	p0(a0, a17, a64)	1
p9(X8)	p9(a5)	1
p2(a41)	p2(a41)	1
p0(X7, X0, X1)	p0(a19, a85, a63)	1
p8(X3)	p8(a59)	1
p2(X3)	p2(a41)	1
p0(X0, X1, X2)	p0(a19, a85, a63)	1
p3(X9, X0)	p3(a50, a7)	1
p5(X5)	p5(a4)	1
p8(X3)	p8(a19)	1
p0(X1, X0, X2)	p0(a26, a82, a20)	1
p3(X3, X0)	p3(a79, a19)	1
p0(X1, X0, X2)	p0(a75, a36, a29)	1
p9(X0)	p9(a15)	1
p2(X4)	p2(a42)	1
p0(X0, X1, X7)	p0(a44, a19, a27)	1
p0(X9, X0, X1)	p0(a24, a74, a0)	1
p2(X7)	p2(a65)	1
p3(X8, X0)	p3(a29, a17)	1
p6(X0, X1)	p6(a49, a64)	1
p7(X2)	p7(a84)	1
p9(X9)	p9(a8)	1
p9(X9)	p9(a38)	1
p5(X3)	p5(a43)	1
p2(X0)	p2(a52)	1
p3(X7, X0)	p3(a21, a1)	1
p5(X5)	p5(a95)	1
p2(X3)	p2(a12)	1
p3(X2, X0)	p3(a52, a35)	1
p7(X4)	p7(a44)	1
p8(X8)	p8(a87)	1
p8(X2)	p8(a3)	1
p2(X1)	p2(a57)	1
p9(X3)	p9(a61)	1
p3(X5, X0)	p3(a35, a1)	1
p0(X5, X0, X1)	p0(a75, a36, a29)	1
p0(X3, X0, X1)	p0(a75, a36, a29)	1
p2(X4)	p2(a95)	1
p3(X4, X0)	p3(a18, a50)	1
p2(X7)	p2(a49)	1
p5(X0)	p5(a27)	1
p2(X1)	p2(a41)	1
p8(X6)	p8(a3)	1
p5(X3)	p5(a19)	1
p2(X6)	p2(a19)	1
p3(X0, X1)	p3(a41, a53)	1
p7(X7)	p7(a98)	1
p2(X2)	p2(X7) :- p2(X7)	1
p6(X5, X5)	p6(a19, X6) :- p7(X6), p8(X6)	1
p5(X2)	p5(a10)	1
p7(X6)	p7(X2) :- p5(X2), p3(X2, X0)	1
p0(X8, X0, X1)	p0(a23, a21, a10)	1
p3(X0, X1)	p3(a48, a0)	1
p5(X4)	p5(a88)	1
p2(X6)	p2(X8) :- p9(X8)	1
p6(a19, a19)	p6(a19, X6) :- p7(X6), p8(X6)	1
p3(X5, a15)	p3(X4, a15) :- p2(X4), p5(X4)	1
p3(X2, X0)	p3(a75, a0)	1
p3(X1, X6)	p3(X4, a15) :- p2(X4), p5(X4)	1
p2(X1)	p2(a12)	1
p9(X4)	p9(a38)	1
p2(X4)	p2(a83)	1
p5(X6)	p5(a27)	1
p3(X7, X0)	p3(a29, a17)	1
p3(X0, X8)	p3(a21, a1)	1
p9(X7)	p9(a1)	1
p3(a95, X0)	p3(X4, a15) :- p2(X4), p5(X4)	1
p8(X8)	p8(a28)	1
p5(a61)	p5(a61)	1
p3(X0, a0)	p3(a75, a0)	1
p7(X1)	p7(a0)	1
p3(a24, X0)	p3(X4, a15) :- p2(X4), p5(X4)	1
p9(X7)	p9(a73)	1
p0(X4, X0, X1)	p0(a2, a15, a21)	1
p0(a19, X0, X1)	p0(a19, a85, a63)	1
p2(X4)	p2(a17)	1
p7(X4)	p7(a10)	1
p5(X9)	p5(a0)	1
p9(X3)	p9(a1)	1
p2(X7)	p2(a57)	1
p0(X9, X0, X1)	p0(a47, a61, a21)	1
p2(X0)	p2(a42)	1
p6(X0, X1)	p6(a1, a67) :- p9(X1)	1
p0(X1, X0, X2)	p0(a90, a25, a16)	1
p9(X0)	p9(a0)	1
p0(X7, X0, X1)	p0(a26, a82, a20)	1
p0(X0, X1, X7)	p0(a37, a4, a55)	1
p2(X7)	p2(a41)	1
p0(X7, X0, X1)	p0(a75, a36, a29)	1
p9(X3)	p9(a73)	1
p4(X1, a41, X0)	p4(a77, a41, a6)	1
p0(X8, X0, X1)	p0(a44, a19, a27)	1
p6(X0, X1)	p6(a72, a99)	1
p7(X8)	p7(a15)	1
p5(X3)	p5(a56)	1
p2(X0)	p2(X8) :- p9(X8)	1
p3(X2, X0)	p3(a21, a1)	1
p0(X7, X0, X1)	p0(a37, a4, a55)	1
p0(X4, X0, X1)	p0(a75, a36, a29)	1
p8(X4)	p8(a3)	1
p0(X8, X0, X1)	p0(a22, a24, a0)	1
p5(a24)	p5(a24)	1
p0(X0, a19, X2)	p0(a44, a19, a27)	1
p2(X0)	p2(a90)	1
p3(X8, X5)	p3(a96, a65)	1
p2(X6)	p2(a52)	1
p0(X0, X1, a19)	p0(a20, a0, a19)	1
p0(X5, X0, X1)	p0(a90, a25, a16)	1
p0(X6, X0, X1)	p0(a14, a23, a10)	1
p9(X5)	p9(a69)	1
p2(X7)	p2(a12)	1
p8(X3)	p8(a15)	1
p0(X5, X0, X1)	p0(a45, a85, a30) :- p8(X5)	1
p3(X8, X0)	p3(a35, a0)	1
p3(X7, X0)	p3(a18, a50)	1
p5(X1)	p5(a10)	1
p9(X8)	p9(a8)	1
p8(a24)	p8(a24)	1
p5(X1)	p5(a61)	1
p7(X6)	p7(a0)	1
p9(X5)	p9(a73)	1
p8(X8)	p8(a10)	1
p8(X3)	p8(a18)	1
p2(X2)	p2(a52)	1
p0(X5, X0, X1)	p0(a31, a50, a0)	1
p2(X8)	p2(a0)	1
p5(X2)	p5(a57)	1
p5(a95)	p5(a95)	1
p2(a87)	p2(X8) :- p9(X8)	1
p2(a61)	p2(X8) :- p9(X8)	1
p2(X6)	p2(a40)	1
p9(X1)	p9(a15)	1
p2(X5)	p2(a57)	1
p6(X5, X7)	p6(X2, X2) :- p0(X2, X0, X9)	1
p3(X0, X8)	p3(a67, a14)	1
p8(X4)	p8(a24)	1
p3(X6, X0)	p3(a96, a65)	1
p2(X5)	p2(X7) :- p2(X7)	1
p9(X6)	p9(a5)	1
p5(X4)	p5(a11)	1
p6(X0, X1)	p6(a67, a56)	1
p3(X3, X0)	p3(a96, a65)	1
p2(a12)	p2(X7) :- p2(X7)	1
p3(X6, X0)	p3(a79, a19)	1
p2(X8)	p2(a19)	1
p3(X2, X0)	p3(a29, a17)	1
p2(a57)	p2(a57)	1
p0(X5, X0, X1)	p0(a2, a15, a21)	1
p0(X3, X0, X1)	p0(a2, a15, a21)	1
p2(X6)	p2(a65)	1
p7(X0)	p7(a0)	1
p5(X9)	p5(a88)	1
p7(X7)	p7(a1)	1
p2(a73)	p2(X8) :- p9(X8)	1
p7(X6)	p7(a13)	1
p3(X4, X0)	p3(a79, a19)	1
p3(X5, X0)	p3(a35, a0)	1
p2(X8)	p2(a88)	1
p6(a90, a90)	p6(X2, X2) :- p0(X2, X0, X9)	1
p9(X7)	p9(a10)	1
p8(X5)	p8(a30)	1
p6(X6, X6)	p6(a19, X6) :- p7(X6), p8(X6)	1
p9(X8)	p9(a49)	1
p9(X2)	p9(a69)	1
p8(X0)	p8(a42)	1
p5(X3)	p5(a27)	1
p3(X0, X1)	p3(a15, a82)	1
p3(X2, X0)	p3(a10, a2)	1
p3(X0, X1)	p3(a35, a0)	1
p6(X5, X7)	p6(a45, a20)	1
p3(X0, X8)	p3(a75, a0)	1
p5(X4)	p5(a61)	1
p9(X6)	p9(a49)	1
p3(a75, X0)	p3(a75, a0)	1
p7(X4)	p7(a50)	1
p5(X1)	p5(a0)	1
p3(X0, X8)	p3(a18, a50)	1
p2(X3)	p2(a0)	1
p2(X5)	p2(a12)	1
p9(X2)	p9(a73)	1
p3(X2, X0)	p3(a67, a14)	1
p0(X0, a61, X2)	p0(a47, a61, a21)	1
p9(X3)	p9(a10)	1
p3(X1, X0)	p3(X4, a15) :- p2(X4), p5(X4)	1
p7(X7)	p7(a13)	1
p6(X1, X1)	p6(X2, X2) :- p0(X2, X0, X9)	1
p7(X4)	p7(a0)	1
p5(X2)	p5(a1)	1
p0(a10, X0, X1)	p0(a10, a49, a17)	1
p2(X6)	p2(a98)	1
p3(X6, X0)	p3(a52, a35)	1
p3(X3, X0)	p3(a10, a2)	1
p0(X0, X1, X2)	p0(a47, a61, a21)	1
p3(X1, X2)	p3(a52, a35)	1
p9(a12)	p9(a12)	1
p2(X6)	p2(a42)	1
p8(X1)	p8(a0)	1
p2(a27)	p2(X7) :- p2(X7)	1
p3(X6, X0)	p3(a21, a1)	1
p3(X9, X0)	p3(X4, a15) :- p2(X4), p5(X4)	1
p9(X0)	p9(a49)	1
p3(X1, X2)	p3(a21, a1)	1
p5(X2)	p5(a43)	1
p7(X6)	p7(a14)	1
p8(X3)	p8(a30)	1
p0(X4, X0, X1)	p0(a90, a25, a16)	1
p8(X1)	p8(a24)	1
p6(X7, X7)	p6(a19, X6) :- p7(X6), p8(X6)	1
p2(a0)	p2(X8) :- p9(X8)	1
p2(X5)	p2(a64)	1
p0(X0, X1, X2)	p0(a45, a50, a0)	1
p2(X3)	p2(a88)	1
p2(X0)	p2(a65)	1
p2(a19)	p2(X7) :- p2(X7)	1
p3(a21, X0)	p3(a21, a1)	1
p2(a1)	p2(X7) :- p2(X7)	1
p3(X2, X0)	p3(a18, a50)	1
p6(X0, X1)	p6(a17, a30)	1
p2(X6)	p2(a90)	1
p3(X8, X5)	p3(a29, a17)	1
p7(X1)	p7(a27)	1
p0(X4, X0, X1)	p0(a31, a50, a0)	1
p2(X3)	p2(a27)	1
p6(X3, X3)	p6(X2, X2) :- p0(X2, X0, X9)	1
p2(X2)	p2(X8) :- p9(X8)	1
p9(X5)	p9(a10)	1
p5(X6)	p5(a4)	1
p5(a98)	p5(a98)	1
p0(a24, X0, X1)	p0(X3, a2, X3) :- p6(X3, X3), p2(X3)	1
p3(X6, X0)	p3(a35, a1)	1
p2(X6)	p2(a95)	1
p3(X1, X2)	p3(a35, a1)	1
p0(X7, X0, X1)	p0(a2, a15, a21)	1
p8(a0)	p8(a0)	1
p2(a17)	p2(a17)	1
p5(X5)	p5(a19)	1
p2(X9)	p2(a0)	1
p3(X3, X0)	p3(a75, a0)	1
p2(X9)	p2(a14)	1
p9(X0)	p9(a87)	1
p8(X8)	p8(a30)	1
p6(X0, X0)	p6(a19, X6) :- p7(X6), p8(X6)	1
p6(X5, X7)	p6(a42, a68)	1
p2(X2)	p2(a90)	1
p3(X1, X6)	p3(a79, a19)	1
p3(X0, a14)	p3(a67, a14)	1
p3(X9, X0)	p3(a75, a0)	1
p9(X1)	p9(a0)	1
p8(X0)	p8(a15)	1
p9(X8)	p9(a73)	1
p7(X1)	p7(X2) :- p5(X2), p3(X2, X0)	1
p3(X9, X0)	p3(a18, a50)	1
p2(X1)	p2(a64)	1
p2(X3)	p2(a1)	1
p9(X7)	p9(a12)	1
p5(X8)	p5(a88)	1
p5(X6)	p5(a95)	1
p9(a10)	p9(a10)	1
p8(X8)	p8(a34)	1
p3(X8, X0)	p3(a52, a35)	1
p3(X0, X8)	p3(a35, a1)	1
p6(X5, X7)	p6(a56, a55)	1
p0(X0, a2, X0)	p0(X3, a2, X3) :- p6(X3, X3), p2(X3)	1
p3(X1, X2)	p3(a29, a17)	1
p6(X0, X1)	p6(a0, a68)	1
p0(X6, X0, X1)	p0(a19, a85, a63)	1
p9(X7)	p9(a87)	1
p9(X1)	p9(a9)	1
p3(X9, X3)	p3(a96, a65)	1
p2(X9)	p2(a88)	1
p9(X3)	p9(a12)	1
p2(X1)	p2(a27)	1
p3(X5, X0)	p3(a86, a0)	1
p5(X7)	p5(a27)	1
p3(X7, X0)	p3(a79, a19)	1
p8(X2)	p8(a30)	1
p3(X3, X0)	p3(a16, a84)	1
p2(X4)	p2(a64)	1
p3(X0, X1)	p3(a86, a0)	1
p9(X2)	p9(a10)	1
p9(X0)	p9(a9)	1
p0(X1, a19, X0)	p0(a44, a19, a27)	1
p3(X2, X0)	p3(a35, a0)	1
p8(X6)	p8(a30)	1
p0(X4, X0, X1)	p0(a10, a49, a17)	1
p9(X2)	p9(a9)	1
p9(X5)	p9(a8)	1
p3(X6, X0)	p3(a67, a14)	1
p3(X1, X0)	p3(a86, a0)	1
p9(X4)	p9(a69)	1
p8(X9)	p8(a0)	1
p5(X1)	p5(a43)	1
p2(X7)	p2(a14)	1
p2(a10)	p2(X8) :- p9(X8)	1
p5(X2)	p5(a56)	1
p2(X9)	p2(a1)	1
p8(X9)	p8(a24)	1
p9(X6)	p9(a8)	1
p3(X0, X1)	p3(a52, a35)	1
p0(X6, X0, X1)	p0(a22, a24, a0)	1
p9(X9)	p9(a87)	1
p2(X3)	p2(a49)	1
p2(a98)	p2(a98)	1
p7(X7)	p7(a50)	1
p6(X0, X1)	p6(a0, a34)	1
p7(X2)	p7(a0)	1
p3(a27, X0)	p3(X4, a15) :- p2(X4), p5(X4)	1
p7(X1)	p7(a66)	1
p9(X7)	p9(a61)	1
p2(X7)	p2(a64)	1
p2(X8)	p2(a98)	1
p3(a29, X0)	p3(a29, a17)	1
p2(X8)	p2(a42)	1
p3(X0, X8)	p3(a79, a19)	1
p2(X2)	p2(a40)	1
p2(X4)	p2(a24)	1
p3(X2, X0)	p3(a87, a0)	1
p3(X0, X1)	p3(a52, a35)	1
p2(X8)	p2(a52)	1
p0(X4, X0, X1)	p0(a2, a15, a21)	1
p6(X5, X7)	p6(a19, X6) :- p7(X6), p8(X6)	1
p5(X1)	p5(a61)	1
p2(X7)	p2(a1)	1
p5(X4)	p5(a27)	1
p2(X9)	p2(a41)	1
p6(X5, X7)	p6(a71, a17)	1
p7(X7)	p7(a13)	1
p0(X6, X0, X1)	p0(a10, a49, a17)	1
p9(X5)	p9(a10)	1
p3(X5, X0)	p3(a87, a0)	1
p2(X2)	p2(a17)	1
p6(X3, X3)	p6(X2, X2) :- p0(X2, X0, X9)	1
p5(a27)	p5(a27)	1
p7(X2)	p7(a13)	1
p3(X6, X0)	p3(a75, a0)	1
p2(X6)	p2(a12)	1
p7(X6)	p7(a0)	1
p5(X2)	p5(a98)	1
p8(X4)	p8(a1)	1
p2(X4)	p2(X7) :- p2(X7)	1
p7(X2)	p7(a1)	1
p8(X5)	p8(a19)	1
p0(X5, X0, X1)	p0(a45, a50, a0)	1
p5(X6)	p5(a1)	1
p9(X1)	p9(a9)	1
p7(X1)	p7(a27)	1
p3(X7, X0)	p3(X4, a15) :- p2(X4), p5(X4)	1
p9(X1)	p9(a15)	1
p5(X4)	p5(a21)	1
p7(X2)	p7(a14)	1
p3(X1, X6)	p3(a75, a0)	1
p0(X8, X0, X1)	p0(a45, a50, a0)	1
p5(X4)	p5(a4)	1
p7(X2)	p7(a42)	1
p5(X6)	p5(a95)	1
p9(X0)	p9(a38)	1
p8(X1)	p8(a52)	1
p5(X3)	p5(a11)	1
p0(X3, X0, X1)	p0(a10, a49, a17)	1
p8(X2)	p8(a10)	1
p2(X5)	p2(a0)	1
p3(X9, X0)	p3(a18, a50)	1
p3(a15, X0)	p3(a15, a82)	1
p0(X9, X0, X1)	p0(a2, a15, a21)	1
p0(X8, X0, X1)	p0(a0, a17, a64)	1
p2(X5)	p2(a90)	1
p2(X3)	p2(a90)	1
p0(X4, X0, X1)	p0(a24, a74, a0)	1
p8(a19)	p8(a19)	1
p5(X6)	p5(a21)	1
p9(a12)	p9(a12)	1
p2(a8)	p2(X7) :- p2(X7)	1
p2(X1)	p2(a14)	1
p6(a45, a45)	p6(X2, X2) :- p0(X2, X0, X9)	1
p7(X1)	p7(a10)	1
p8(X2)	p8(a0)	1
p8(X6)	p8(a30)	1
p2(a88)	p2(a88)	1
p9(X5)	p9(a73)	1
p2(X5)	p2(a1)	1
p9(X4)	p9(a69)	1
p2(X5)	p2(X7) :- p2(X7)	1
p2(X8)	p2(a42)	1
p5(X2)	p5(a61)	1
p2(X4)	p2(a0)	1
p2(X5)	p2(X7) :- p2(X7)	1
p7(X1)	p7(a50)	1
p7(X2)	p7(a13)	1
p3(a57, X0)	p3(X4, a15) :- p2(X4), p5(X4)	1
p2(X1)	p2(a1)	1
p2(X0)	p2(a40)	1
p0(X8, X0, X1)	p0(a45, a85, a30) :- p8(X5)	1
p3(X1, X2)	p3(a16, a84)	1
p5(X8)	p5(a19)	1
p2(X6)	p2(a40)	1
p2(X5)	p2(X8) :- p9(X8)	1
p0(X6, X0, X1)	p0(a23, a21, a10)	1
p5(X6)	p5(a57)	1
p2(X2)	p2(a64)	1
p9(X9)	p9(a69)	1
p8(X5)	p8(a24)	1
p9(X0)	p9(a15)	1
p2(X0)	p2(a64)	1
p0(a90, X0, X1)	p0(X3, a2, X3) :- p6(X3, X3), p2(X3)	1
p6(X5, X7)	p6(X2, X2) :- p0(X2, X0, X9)	1
p3(X1, X2)	p3(a16, a84)	1
p9(X3)	p9(a61)	1
p2(X4)	p2(a19)	1
p0(X4, X0, X1)	p0(a23, a21, a10)	1
p3(X1, X6)	p3(a16, a84)	1
p5(X3)	p5(a43)	1
p2(X7)	p2(a19)	1
p5(a10)	p5(a10)	1
p5(a61)	p5(a61)	1
p3(X1, X0)	p3(a21, a1)	1
p0(X3, X0, X1)	p0(a75, a36, a29)	1
p3(X6, X0)	p3(a18, a50)	1
p2(a69)	p2(X7) :- p2(X7)	1
p8(a0)	p8(a0)	1
p9(X2)	p9(a5)	1
p2(a40)	p2(X7) :- p2(X7)	1
p7(X2)	p7(a0)	1
p3(X1, X6)	p3(X4, a15) :- p2(X4), p5(X4)	1
p3(a29, X0)	p3(a29, a17)	1
p0(X0, X1, X7)	p0(a10, a49, a17)	1
p3(X8, X5)	p3(a21, a1)	1
p3(X3, X0)	p3(a29, a17)	1
p8(X9)	p8(a34)	1
p9(X1)	p9(a10)	1
p9(X6)	p9(a73)	1
p2(X7)	p2(X8) :- p9(X8)	1
p7(X4)	p7(a84)	1
p0(X8, X0, X1)	p0(a2, a15, a21)	1
p7(X6)	p7(a66)	1
p0(X8, X0, X1)	p0(a37, a4, a55)	1
p3(X0, X1)	p3(a50, a7)	1
p9(X0)	p9(a12)	1
p2(X8)	p2(a40)	1
p8(X0)	p8(a30)	1
p2(X9)	p2(a90)	1
p2(X0)	p2(a95)	1
p2(X0)	p2(a24)	1
p3(X0, a0)	p3(a87, a0)	1
p2(X9)	p2(a52)	1
p9(X8)	p9(a38)	1
p2(X8)	p2(a1)	1
p8(X1)	p8(a87)	1
p3(X4, X0)	p3(a15, a82)	1
p9(X2)	p9(a5)	1
p7(X2)	p7(X2) :- p5(X2), p3(X2, X0)	1
p8(X4)	p8(a18)	1
p5(X7)	p5(a95)	1
p3(X9, X0)	p3(a18, a50)	1
p2(a8)	p2(X8) :- p9(X8)	1
p7(X6)	p7(a15)	1
p3(X5, X0)	p3(a10, a2)	1
p3(X3, X0)	p3(a21, a1)	1
p3(X3, X0)	p3(a52, a35)	1
p9(X8)	p9(a0)	1
p2(X4)	p2(a27)	1
p2(X4)	p2(a90)	1
p8(X2)	p8(a59)	1
p9(X4)	p9(a9)	1
p9(X6)	p9(a73)	1
p7(a19)	p7(X2) :- p5(X2), p3(X2, X0)	1
p5(X6)	p5(a61)	1
p1(X1, a30, X0)	p1(a79, a30, a76)	1
p3(X8, X0)	p3(a18, a50)	1
p2(X4)	p2(a19)	1
p2(X0)	p2(a19)	1
p9(a12)	p9(a12)	1
p8(a30)	p8(a30)	1
p8(X9)	p8(a52)	1
p9(X5)	p9(a10)	1
p1(X1, a30, X0)	p1(a79, a30, a76)	1
p2(a83)	p2(a83)	1
p3(a57, X0)	p3(X4, a15) :- p2(X4), p5(X4)	1
p5(X0)	p5(a0)	1
p9(a12)	p9(a12)	1
p3(X0, X1)	p3(a35, a1)	1
p2(a88)	p2(a88)	1
p5(X2)	p5(a19)	1
p2(X6)	p2(a52)	1
p3(X9, X3)	p3(a86, a0)	1
p2(a8)	p2(X8) :- p9(X8)	1
p3(X7, X0)	p3(a10, a2)	1
p6(a10, a10)	p6(X2, X2) :- p0(X2, X0, X9)	1
p8(X6)	p8(a42)	1
p7(X8)	p7(a13)	1
p5(X9)	p5(a88)	1
p0(X8, X0, X1)	p0(a10, a49, a17)	1
p2(a40)	p2(X7) :- p2(X7)	1
p2(X3)	p2(a83)	1
p5(a27)	p5(a27)	1
p3(X7, X0)	p3(a18, a50)	1
p3(X1, X0)	p3(a48, a0)	1
p9(X1)	p9(a10)	1
p3(X9, X3)	p3(a67, a14)	1
p3(X4, X0)	p3(a48, a0)	1
p8(X7)	p8(a10)	1
p2(X3)	p2(a42)	1
p2(X4)	p2(a27)	1
p7(X2)	p7(a13)	1
p9(X7)	p9(a61)	1
p3(X2, X0)	p3(a35, a0)	1
p2(a73)	p2(X7) :- p2(X7)	1
p9(a12)	p9(a12)	1
p8(X5)	p8(a15)	1
p5(a11)	p5(a11)	1
p0(X4, X0, X1)	p0(a45, a50, a0)	1
p6(X9, a42)	p6(a19, X6) :- p7(X6), p8(X6)	1
p6(X0, X1)	p6(a57, a2)	1
p8(X1)	p8(a3)	1
p2(X5)	p2(X7) :- p2(X7)	1
p2(X1)	p2(X7) :- p2(X7)	1
p5(a21)	p5(a21)	1
p5(X2)	p5(a43)	1
p2(X2)	p2(X7) :- p2(X7)	1
p2(X7)	p2(a1)	1
p5(a95)	p5(a95)	1
p0(X1, X0, X2)	p0(a24, a74, a0)	1
p8(X7)	p8(a34)	1
p7(X0)	p7(a84)	1
p6(X0, X0)	p6(a19, X6) :- p7(X6), p8(X6)	1
p5(X2)	p5(a57)	1
p0(X3, X0, X1)	p0(a19, a85, a63)	1
p6(a19, X7)	p6(X2, X2) :- p0(X2, X0, X9)	1
p8(X4)	p8(a10)	1
p0(X1, X0, X2)	p0(a45, a50, a0)	1
p0(X7, X0, X1)	p0(a0, a17, a64)	1
p3(X1, X0)	p3(a67, a14)	1
p2(X5)	p2(X8) :- p9(X8)	1
p5(X8)	p5(a21)	1
p2(X8)	p2(a19)	1
p0(X7, X0, X1)	p0(a75, a36, a29)	1
p1(a66, X0, a41)	p1(a66, a62, a41)	1
p8(X8)	p8(a87)	1
p2(X1)	p2(a95)	1
p8(X4)	p8(a24)	1
p3(X9, X0)	p3(a50, a7)	1
p3(X0, a19)	p3(a79, a19)	1
p2(X3)	p2(a17)	1
p3(a0, X0)	p3(X4, a15) :- p2(X4), p5(X4)	1
p5(X9)	p5(a81)	1
p8(X5)	p8(a3)	1
p7(X2)	p7(a14)	1
p0(X9, X0, X1)	p0(a23, a21, a10)	1
p3(a61, X0)	p3(X4, a15) :- p2(X4), p5(X4)	1
p2(X2)	p2(a41)	1
p2(X0)	p2(a65)	1
p7(X6)	p7(a44)	1
p0(X5, X6, X5)	p0(X3, a2, X3) :- p6(X3, X3), p2(X3)	1
p9(a10)	p9(a10)	1
p2(X3)	p2(a17)	1
p8(X4)	p8(a10)	1
p0(X6, X0, X1)	p0(a44, a19, a27)	1
p2(X0)	p2(a64)	1
p5(X4)	p5(a43)	1
p3(X9, X0)	p3(a52, a35)	1
p8(X8)	p8(a30)	1
p8(X8)	p8(a19)	1
p2(X3)	p2(X7) :- p2(X7)	1
p3(X2, X0)	p3(a41, a53)	1
p9(X1)	p9(a15)	1
p8(X4)	p8(a24)	1
p2(X5)	p2(a1)	1
p8(X5)	p8(a0)	1
p5(X0)	p5(a4)	1
p8(X2)	p8(a3)	1
p9(a10)	p9(a10)	1
p1(a66, X0, a41)	p1(a66, a62, a41)	1
p3(X2, X0)	p3(X4, a15) :- p2(X4), p5(X4)	1
p5(X7)	p5(a24)	1
p2(X0)	p2(a12)	1
p0(X4, X0, X1)	p0(a45, a50, a0)	1
p3(X5, X0)	p3(a52, a35)	1
p2(X6)	p2(a90)	1
p8(X8)	p8(a42)	1
p3(X1, X6)	p3(a87, a0)	1
p8(X6)	p8(a30)	1
p8(X0)	p8(a30)	1
p9(X2)	p9(a69)	1
p9(X1)	p9(a10)	1
p5(X9)	p5(a19)	1
p2(X8)	p2(a40)	1
p9(X1)	p9(a8)	1
p3(X6, X0)	p3(a96, a65)	1
p0(X7, X0, X1)	p0(a90, a25, a16)	1
p2(a12)	p2(X8) :- p9(X8)	1
p3(X0, X1)	p3(a96, a65)	1
p8(X1)	p8(a3)	1
p2(a14)	p2(a14)	1
p2(a57)	p2(a57)	1
p1(X1, a30, X0)	p1(a79, a30, a76)	1
p2(X6)	p2(a27)	1
p5(X4)	p5(a95)	1
p2(X4)	p2(a83)	1
p7(X4)	p7(a1)	1
p8(X7)	p8(a18)	1
p0(X1, X0, X2)	p0(a22, a24, a0)	1
p3(X9, X0)	p3(a10, a2)	1
p5(X4)	p5(a21)	1
p5(X7)	p5(a10)	1
p2(X9)	p2(a95)	1
p0(X1, X0, X2)	p0(a22, a24, a0)	1
p9(X8)	p9(a61)	1
p3(X6, X0)	p3(a50, a7)	1
p2(a90)	p2(X7) :- p2(X7)	1
p3(X9, X0)	p3(a15, a82)	1
p5(X4)	p5(a24)	1
p3(X0, a0)	p3(a48, a0)	1
p9(X8)	p9(a15)	1
p3(X8, X0)	p3(a29, a17)	1
p3(X1, X0)	p3(a15, a82)	1
p7(X7)	p7(a44)	1
p9(X5)	p9(a15)	1
p7(X1)	p7(a1)	1
p3(X8, X5)	p3(a21, a1)	1
p3(X0, a0)	p3(a48, a0)	1
p9(a12)	p9(a12)	1
p2(X0)	p2(a83)	1
p7(X8)	p7(a27)	1
p0(X1, X0, X2)	p0(X3, a2, X3) :- p6(X3, X3), p2(X3)	1
p3(X0, X8)	p3(a41, a53)	1
p0(X0, a0, X2)	p0(a20, a0, a19)	1
p3(X0, X1)	p3(a21, a1)	1
p3(X0, X1)	p3(a35, a1)	1
p0(X8, X0, X1)	p0(a37, a4, a55)	1
p6(a19, X7)	p6(X2, X2) :- p0(X2, X0, X9)	1
p7(X7)	p7(a1)	1
p2(X2)	p2(a41)	1
p9(X1)	p9(a10)	1
p9(X9)	p9(a69)	1
p0(X8, X0, X1)	p0(a37, a4, a55)	1
p8(X7)	p8(a34)	1
p2(X2)	p2(a64)	1
p3(X2, X0)	p3(a15, a82)	1
p0(X0, X1, X2)	p0(a45, a85, a30) :- p8(X5)	1
p5(X3)	p5(a4)	1
p2(X1)	p2(a14)	1
p2(X9)	p2(a41)	1
p8(X2)	p8(a15)	1
p2(a40)	p2(a40)	1
p2(X6)	p2(a64)	1
p0(X6, X0, X1)	p0(a26, a82, a20)	1
p3(X9, X3)	p3(a31, a68)	1
p6(a19, X7)	p6(X2, X2) :- p0(X2, X0, X9)	1
p5(X6)	p5(a24)	1
p3(X4, X0)	p3(a48, a0)	1
p3(X8, X0)	p3(a48, a0)	1
p8(X5)	p8(a24)	1
p5(a61)	p5(a61)	1
p0(X7, X0, X1)	p0(a44, a19, a27)	1
p9(X9)	p9(a8)	1
p2(X8)	p2(a0)	1
p8(X6)	p8(a28)	1
p4(a25, a24, X0)	p4(a25, a24, a43)	1
p9(X3)	p9(a12)	1
p7(X1)	p7(a98)	1
p0(X0, a19, X2)	p0(a44, a19, a27)	1
p3(a24, X0)	p3(X4, a15) :- p2(X4), p5(X4)	1
p3(X7, X0)	p3(X4, a15) :- p2(X4), p5(X4)	1
p7(X1)	p7(a50)	1
p9(X2)	p9(a10)	1
p0(a14, X0, X1)	p0(a14, a23, a10)	1
p9(X4)	p9(a10)	1
p9(X0)	p9(a8)	1
p6(X1, X1)	p6(X2, X2) :- p0(X2, X0, X9)	1
p6(X5, X7)	p6(a0, a11)	1
p5(X7)	p5(a56)	1
p3(X9, X3)	p3(a29, a17)	1
p2(X9)	p2(a41)	1
p2(X2)	p2(a12)	1
p5(X8)	p5(a88)	1
p5(X3)	p5(a81)	1
p0(X6, X0, X1)	p0(a19, a85, a63)	1
p8(X6)	p8(a59)	1
p0(X6, X0, X1)	p0(a24, a74, a0)	1
p3(X7, X0)	p3(a18, a50)	1
p3(X1, X0)	p3(a50, a7)	1
p5(a0)	p5(a0)	1
p8(X9)	p8(a19)	1
p8(a52)	p8(a52)	1
p2(X0)	p2(a17)	1
p2(X1)	p2(a90)	1
p9(X8)	p9(a15)	1
p0(X0, X1, X2)	p0(a23, a21, a10)	1
p5(X6)	p5(a61)	1
p2(X4)	p2(a1)	1
p0(X9, X0, X1)	p0(a45, a85, a30) :- p8(X5)	1
p2(X8)	p2(X7) :- p2(X7)	1
p0(X0, X1, X7)	p0(a2, a15, a21)	1
p3(X4, X0)	p3(a96, a65)	1
p0(X7, X0, X1)	p0(a75, a36, a29)	1
p7(X1)	p7(a3)	1
p2(X2)	p2(a83)	1
p3(X2, X0)	p3(X4, a15) :- p2(X4), p5(X4)	1
p2(a27)	p2(X7) :- p2(X7)	1
p0(X1, X0, X2)	p0(a22, a24, a0)	1
p7(X6)	p7(a13)	1
p9(X3)	p9(a38)	1
p9(X7)	p9(a9)	1
p8(X7)	p8(a42)	1
p9(X0)	p9(a38)	1
p8(X1)	p8(a87)	1
p0(X9, X0, X1)	p0(a23, a21, a10)	1
p3(X3, X0)	p3(a48, a0)	1
p2(X6)	p2(a27)	1
p3(X0, X1)	p3(a31, a68)	1
p3(X0, X8)	p3(a29, a17)	1
p5(X9)	p5(a19)	1
p8(X6)	p8(a18)	1
p2(X6)	p2(a90)	1
p0(X6, X0, X1)	p0(a90, a25, a16)	1
p3(X0, X8)	p3(a41, a53)	1
p9(X2)	p9(a1)	1
p5(X2)	p5(a19)	1
p2(X4)	p2(a0)	1
p3(X5, X0)	p3(a16, a84)	1
p7(X8)	p7(a1)	1
p3(X7, X0)	p3(a10, a2)	1
p3(X9, X3)	p3(a86, a0)	1
p9(X4)	p9(a0)	1
p3(X4, X0)	p3(a96, a65)	1
p9(X8)	p9(a49)	1
p3(X0, X1)	p3(a35, a0)	1
p2(X9)	p2(a65)	1
p8(X6)	p8(a30)	1
p3(X1, X6)	p3(X4, a15) :- p2(X4), p5(X4)	1
p7(X8)	p7(a42)	1
p2(X1)	p2(a1)	1
p0(a10, X0, X1)	p0(a10, a49, a17)	1
p8(X8)	p8(a52)	1
p5(X5)	p5(a88)	1
p0(X1, X0, X2)	p0(a2, a15, a21)	1
p0(X1, X8, X1)	p0(X3, a2, X3) :- p6(X3, X3), p2(X3)	1
p3(X7, X0)	p3(a10, a2)	1
p5(X2)	p5(a21)	1
p5(X1)	p5(a1)	1
p3(X4, X0)	p3(a48, a0)	1
p2(X8)	p2(a98)	1
p0(X3, X0, X1)	p0(a19, a85, a63)	1
p3(a21, X0)	p3(a21, a1)	1
p3(X1, X6)	p3(a79, a19)	1
p3(X2, X0)	p3(a75, a0)	1
p3(X1, X6)	p3(a75, a0)	1
p7(X6)	p7(a0)	1
p2(X8)	p2(a40)	1
p9(X4)	p9(a49)	1
p2(X4)	p2(X8) :- p9(X8)	1
p7(a15)	p7(a15)	1
p3(a57, X0)	p3(X4, a15) :- p2(X4), p5(X4)	1
p2(a19)	p2(X7) :- p2(X7)	1
p6(X7, X7)	p6(a19, X6) :- p7(X6), p8(X6)	1
p0(X1, X0, X1)	p0(X3, a2, X3) :- p6(X3, X3), p2(X3)	1
p0(X5, X0, X1)	p0(a37, a4, a55)	1
p0(X1, a0, X0)	p0(a20, a0, a19)	1
p0(X4, a2, X4)	p0(X3, a2, X3) :- p6(X3, X3), p2(X3)	1
p6(X5, X7)	p6(a71, a17)	1
p2(a14)	p2(X7) :- p2(X7)	1
p0(X3, X0, X1)	p0(a19, a85, a63)	1
p0(a10, X0, X1)	p0(a10, a49, a17)	1
p2(X1)	p2(X7) :- p2(X7)	1
p0(X7, X0, X1)	p0(a19, a85, a63)	1
p3(X1, X0)	p3(a50, a7)	1
p0(X5, X0, X1)	p0(a37, a4, a55)	1
p7(X8)	p7(a1)	1
p8(X7)	p8(a34)	1
p0(a14, X0, X1)	p0(a14, a23, a10)	1
p0(X8, X0, X1)	p0(a10, a49, a17)	1
p7(X1)	p7(a1)	1
p3(X2, X0)	p3(a41, a53)	1
p3(X0, a0)	p3(a35, a0)	1
p0(X8, X0, X1)	p0(a37, a4, a55)	1
p5(X3)	p5(a57)	1
p2(X9)	p2(a98)	1
p5(X3)	p5(a21)	1
p5(a10)	p5(a10)	1
p3(X0, X1)	p3(a29, a17)	1
p6(X0, X1)	p6(a1, a67) :- p9(X1)	1
p2(X1)	p2(a12)	1
p8(X2)	p8(a59)	1
p2(X3)	p2(a17)	1
p8(X1)	p8(a34)	1
p5(X4)	p5(a21)	1
p9(X2)	p9(a15)	1
p9(X5)	p9(a69)	1
p0(X7, X0, X1)	p0(a31, a50, a0)	1
p9(X8)	p9(a61)	1
p5(X3)	p5(a81)	1
p5(X4)	p5(a19)	1
p0(X7, X0, X1)	p0(a0, a17, a64)	1
p5(X9)	p5(a88)	1
p3(X0, a14)	p3(a67, a14)	1
p0(X9, X0, X1)	p0(a45, a85, a30) :- p8(X5)	1
p0(X1, X0, X2)	p0(a10, a49, a17)	1
p0(X1, X8, X1)	p0(X3, a2, X3) :- p6(X3, X3), p2(X3)	1
p5(X7)	p5(a43)	1
p5(X5)	p5(a27)	1
p6(X0, X1)	p6(a21, a12)	1
p0(X0, X1, X7)	p0(a31, a50, a0)	1
p0(X5, X0, X1)	p0(a37, a4, a55)	1
p0(X0, X1, X2)	p0(a19, a85, a63)	1
p3(X1, X6)	p3(a29, a17)	1
p9(X7)	p9(a8)	1
p3(a21, X0)	p3(a21, a1)	1
p2(X8)	p2(a40)	1
p8(X1)	p8(a59)	1
p9(X1)	p9(a69)	1
p0(X9, X0, X1)	p0(a2, a15, a21)	1
p7(X2)	p7(a14)	1
p0(X6, X0, X1)	p0(a45, a50, a0)	1
p5(X9)	p5(a24)	1
p9(a12)	p9(a12)	1
p3(X1, X2)	p3(a15, a82)	1
p8(a30)	p8(a30)	1
p3(X6, X0)	p3(a18, a50)	1
p3(X8, X5)	p3(a16, a84)	1
p3(X7, X0)	p3(a16, a84)	1
p2(X0)	p2(a83)	1
p2(X3)	p2(a0)	1
p2(X5)	p2(a90)	1
p7(X2)	p7(a1)	1
p3(X9, X0)	p3(a10, a2)	1
p7(X0)	p7(a98)	1
p9(X2)	p9(a73)	1
p2(a40)	p2(a40)	1
p2(a69)	p2(X7) :- p2(X7)	1
p2(a19)	p2(a19)	1
p2(X0)	p2(a64)	1
p7(X1)	p7(a14)	1
p3(X7, X0)	p3(a16, a84)	1
p2(X2)	p2(X7) :- p2(X7)	1
p0(X7, X0, X1)	p0(a31, a50, a0)	1
p9(X8)	p9(a49)	1
p0(X6, X0, X1)	p0(a22, a24, a0)	1
p8(X0)	p8(a18)	1
p3(X1, X6)	p3(a86, a0)	1
p0(X0, X1, a19)	p0(a20, a0, a19)	1
p5(X7)	p5(a98)	1
p3(X1, X6)	p3(a41, a53)	1
p8(X1)	p8(a10)	1
p9(X1)	p9(a0)	1
p2(X2)	p2(a14)	1
p9(X0)	p9(a0)	1
p8(a30)	p8(a30)	1
p9(X3)	p9(a1)	1
p9(X5)	p9(a69)	1
p5(X2)	p5(a11)	1
p0(a24, X0, X1)	p0(X3, a2, X3) :- p6(X3, X3), p2(X3)	1
p8(X2)	p8(a59)	1
p0(X0, X1, X2)	p0(a2, a15, a21)	1
p3(a98, X0)	p3(X4, a15) :- p2(X4), p5(X4)	1
p6(X0, X0)	p6(X2, X2) :- p0(X2, X0, X9)	1
p3(X3, X0)	p3(a87, a0)	1
p8(X6)	p8(a30)	1
p3(X0, X1)	p3(a35, a1)	1
p5(X2)	p5(a56)	1
p2(a38)	p2(X8) :- p9(X8)	1
p3(X3, X0)	p3(a96, a65)	1
p9(X5)	p9(a73)	1
p9(X7)	p9(a1)	1
p0(X8, X0, X1)	p0(a26, a82, a20)	1
p9(X5)	p9(a73)	1
p0(X7, X0, X1)	p0(a44, a19, a27)	1
p5(X2)	p5(a0)	1
p2(X8)	p2(a12)	1
p3(X3, X0)	p3(a52, a35)	1
p9(X4)	p9(a8)	1
p7(X7)	p7(a10)	1
p3(X8, X0)	p3(a50, a7)	1
p3(X2, X0)	p3(a31, a68)	1
p5(X0)	p5(a95)	1
p7(X4)	p7(a42)	1
p3(X7, X0)	p3(a86, a0)	1
p5(X7)	p5(a1)	1
p2(X0)	p2(a64)	1
p2(X9)	p2(a83)	1
p0(a24, X0, X1)	p0(X3, a2, X3) :- p6(X3, X3), p2(X3)	1
p5(X5)	p5(a27)	1
p9(X9)	p9(a10)	1
p9(X2)	p9(a10)	1
p7(X2)	p7(a14)	1
p5(a27)	p5(a27)	1
p3(X6, X0)	p3(a48, a0)	1
p9(a61)	p9(a61)	1
p5(X6)	p5(a95)	1
p8(X1)	p8(a1)	1
p0(X3, X0, X1)	p0(a10, a49, a17)	1
p8(X8)	p8(a10)	1
p5(X8)	p5(a1)	1
p9(X3)	p9(a12)	1
p7(X7)	p7(a1)	1
p2(X1)	p2(X7) :- p2(X7)	1
p9(a5)	p9(a5)	1
p2(X6)	p2(a40)	1
p2(X1)	p2(a88)	1
p5(X3)	p5(a43)	1
p2(X6)	p2(a27)	1
p8(X1)	p8(a3)	1
p8(X3)	p8(a18)	1
p9(X4)	p9(a38)	1
p6(X5, X7)	p6(a71, a17)	1
p8(X5)	p8(a10)	1
p7(X4)	p7(a42)	1
p9(X8)	p9(a10)	1
p3(X1, X6)	p3(a79, a19)	1
p9(X0)	p9(a69)	1
p3(X2, X0)	p3(X4, a15) :- p2(X4), p5(X4)	1
p2(a57)	p2(X7) :- p2(X7)	1
p5(X3)	p5(a24)	1
p8(a30)	p8(a30)	1
p0(X5, X0, X1)	p0(a22, a24, a0)	1
p9(X6)	p9(a69)	1
p2(X7)	p2(a98)	1
p9(X2)	p9(a1)	1
p0(X8, X0, X1)	p0(a45, a50, a0)	1
p3(X2, X0)	p3(a16, a84)	1
p2(X3)	p2(a98)	1
p0(X6, X0, X1)	p0(a22, a24, a0)	1
p3(X1, X2)	p3(a87, a0)	1
p3(X1, X2)	p3(a10, a2)	1
p9(X5)	p9(a69)	1
p2(a40)	p2(a40)	1
p8(X1)	p8(a59)	1
p8(X4)	p8(a18)	1
p2(X7)	p2(a17)	1
p9(X2)	p9(a8)	1
p2(X0)	p2(a24)	1
p9(X5)	p9(a69)	1
p3(X4, X0)	p3(a41, a53)	1
p9(X1)	p9(a0)	1
p5(X6)	p5(a27)	1
p5(X4)	p5(a19)	1
p3(X6, X0)	p3(a31, a68)	1
p0(X8, X0, X1)	p0(a37, a4, a55)	1
p2(X4)	p2(a19)	1
p9(X5)	p9(a0)	1
p8(X7)	p8(a10)	1
p5(X1)	p5(a0)	1
p2(X0)	p2(a17)	1
p2(X5)	p2(a98)	1
p2(X6)	p2(a88)	1
p2(X5)	p2(a95)	1
p8(X8)	p8(a42)	1
p3(X1, X0)	p3(a67, a14)	1
p9(X6)	p9(a49)	1
p0(X1, X0, X2)	p0(a31, a50, a0)	1
p2(X6)	p2(a40)	1
p3(X1, X6)	p3(X4, a15) :- p2(X4), p5(X4)	1
p2(a17)	p2(X7) :- p2(X7)	1
p7(X1)	p7(a1)	1
p0(X4, X0, X1)	p0(a47, a61, a21)	1
p9(X9)	p9(a15)	1
p3(X4, X0)	p3(a48, a0)	1
p2(a15)	p2(X8) :- p9(X8)	1
p3(X8, X0)	p3(a52, a35)	1
p0(X8, X5, X8)	p0(X3, a2, X3) :- p6(X3, X3), p2(X3)	1
p5(X9)	p5(a43)	1
p8(X5)	p8(a87)	1
p9(a12)	p9(a12)	1
p2(a90)	p2(X7) :- p2(X7)	1
p2(a10)	p2(X7) :- p2(X7)	1
p0(X9, X0, X1)	p0(a14, a23, a10)	1
p7(X0)	p7(a66)	1
p7(X2)	p7(a14)	1
p0(a0, X0, X1)	p0(a0, a17, a64)	1
p0(X0, X1, X7)	p0(a47, a61, a21)	1
p0(X5, X0, X1)	p0(a24, a74, a0)	1
p0(X8, X0, X1)	p0(a37, a4, a55)	1
p9(X8)	p9(a15)	1
p0(X0, X1, X7)	p0(a24, a74, a0)	1
p6(a19, X0)	p6(a19, X6) :- p7(X6), p8(X6)	1
p7(X1)	p7(a1)	1
p0(X7, X0, X1)	p0(a0, a17, a64)	1
p0(X6, X0, X1)	p0(X3, a2, X3) :- p6(X3, X3), p2(X3)	1
p5(X9)	p5(a0)	1
p2(X3)	p2(a90)	1
p3(X0, a53)	p3(a41, a53)	1
p9(X0)	p9(a61)	1
p2(X2)	p2(a42)	1
p3(X0, X8)	p3(a96, a65)	1
p2(X0)	p2(a64)	1
p5(X6)	p5(a61)	1
p2(X9)	p2(X7) :- p2(X7)	1
p7(X2)	p7(X2) :- p5(X2), p3(X2, X0)	1
p3(X4, X0)	p3(a48, a0)	1
p3(X5, X0)	p3(a10, a2)	1
p5(X5)	p5(a81)	1
p4(X0, X1, a0)	p4(a11, a12, a0)	1
p2(X6)	p2(a49)	1
p0(X1, X0, X2)	p0(a24, a74, a0)	1
p0(X7, X4, X7)	p0(X3, a2, X3) :- p6(X3, X3), p2(X3)	1
p0(X8, X0, X1)	p0(a26, a82, a20)	1
p3(a98, X0)	p3(X4, a15) :- p2(X4), p5(X4)	1
p0(X0, X1, X7)	p0(a0, a17, a64)	1
p9(X8)	p9(a49)	1
p5(a19)	p5(a19)	1
p0(X5, X0, X1)	p0(a22, a24, a0)	1
p7(X4)	p7(a66)	1
p0(X1, X0, X2)	p0(a24, a74, a0)	1
p5(X7)	p5(a98)	1
p3(X6, X0)	p3(a48, a0)	1
p7(X8)	p7(a10)	1
p3(X0, X8)	p3(a18, a50)	1
p0(X8, X0, X1)	p0(a2, a15, a21)	1
p2(X0)	p2(a95)	1
p2(X8)	p2(a65)	1
p2(X4)	p2(a90)	1
p0(X7, X0, X1)	p0(a0, a17, a64)	1
p3(a31, X0)	p3(a31, a68)	1
p2(X3)	p2(a27)	1
p5(X5)	p5(a4)	1
p2(a40)	p2(a40)	1
p2(X8)	p2(a49)	1
p3(X1, X6)	p3(a87, a0)	1
p9(X7)	p9(a8)	1
p8(a52)	p8(a52)	1
p2(X7)	p2(a95)	1
p2(X7)	p2(a95)	1
p0(X8, X0, X1)	p0(a37, a4, a55)	1
p5(X7)	p5(a24)	1
p3(X9, X3)	p3(a67, a14)	1
p3(X1, X6)	p3(X4, a15) :- p2(X4), p5(X4)	1
p0(X3, X0, X1)	p0(a19, a85, a63)	1
p3(a57, X0)	p3(X4, a15) :- p2(X4), p5(X4)	1
p2(X5)	p2(a95)	1
p5(a43)	p5(a43)	1
p2(a17)	p2(a17)	1
p8(X2)	p8(a0)	1
p5(a11)	p5(a11)	1
p2(a61)	p2(X8) :- p9(X8)	1
p3(X1, X6)	p3(a75, a0)	1
p8(X6)	p8(a30)	1
p0(X5, X0, X1)	p0(a31, a50, a0)	1
p8(X4)	p8(a87)	1
p2(a40)	p2(a40)	1
p4(X0, X1, a0)	p4(a11, a12, a0)	1
p6(X0, X1)	p6(a0, a34)	1
p0(X1, X0, X2)	p0(a26, a82, a20)	1
p5(X5)	p5(a27)	1
p6(X0, X1)	p6(a49, a64)	1
p9(X9)	p9(a49)	1
p2(X2)	p2(a41)	1
p7(X8)	p7(a15)	1
p0(X9, X0, X1)	p0(a2, a15, a21)	1
p5(X2)	p5(a56)	1
p5(X2)	p5(a88)	1
p5(X5)	p5(a95)	1
p2(X5)	p2(a27)	1
p3(X4, X0)	p3(a48, a0)	1
p2(X1)	p2(a17)	1
p2(X2)	p2(a98)	1
p9(X3)	p9(a49)	1
p5(X9)	p5(a43)	1
p2(X1)	p2(a57)	1
p8(X1)	p8(a87)	1
p3(X0, a0)	p3(a48, a0)	1
p7(X8)	p7(a1)	1
p9(X3)	p9(a5)	1
p3(X6, X0)	p3(a35, a0)	1
p2(a0)	p2(X7) :- p2(X7)	1
p2(X9)	p2(a88)	1
p5(a19)	p5(a19)	1
p9(X5)	p9(a5)	1
p2(a17)	p2(a17)	1
p9(X7)	p9(a61)	1
p3(a57, X0)	p3(X4, a15) :- p2(X4), p5(X4)	1
p7(X6)	p7(a1)	1
p5(X6)	p5(a1)	1
p2(a1)	p2(X8) :- p9(X8)	1
p8(X3)	p8(a3)	1
p2(X0)	p2(a65)	1
p3(X8, X0)	p3(a75, a0)	1
p2(X4)	p2(a83)	1
p9(X2)	p9(a12)	1
p2(X4)	p2(a0)	1
p2(a12)	p2(a12)	1
p0(X3, X0, X1)	p0(a26, a82, a20)	1
p0(X5, X0, X1)	p0(a26, a82, a20)	1
p2(X5)	p2(a98)	1
p8(X9)	p8(a3)	1
p8(X8)	p8(a52)	1
p3(X6, X0)	p3(a75, a0)	1
p2(X5)	p2(a27)	1
p9(X1)	p9(a9)	1
p3(X5, X0)	p3(a50, a7)	1
p3(X2, X0)	p3(a31, a68)	1
p2(X8)	p2(a57)	1
p8(X5)	p8(a10)	1
p5(X0)	p5(a21)	1
p3(X3, X0)	p3(a96, a65)	1
p5(X4)	p5(a21)	1
p2(X7)	p2(X7) :- p2(X7)	1
p5(X7)	p5(a1)	1
p8(X7)	p8(a15)	1
p2(X7)	p2(a42)	1
p8(a24)	p8(a24)	1
p6(X0, X1)	p6(X2, X2) :- p0(X2, X0, X9)	1
p9(X4)	p9(a12)	1
p2(X1)	p2(a64)	1
p9(X2)	p9(a0)	1
p5(X5)	p5(a27)	1
p3(X1, X6)	p3(a41, a53)	1
p8(X1)	p8(a30)	1
p3(X1, X0)	p3(a21, a1)	1
p3(X1, X2)	p3(a87, a0)	1
p3(X6, X0)	p3(a96, a65)	1
p0(X7, X0, X1)	p0(a0, a17, a64)	1
p5(X7)	p5(a1)	1
p7(X8)	p7(a0)	1
p9(X2)	p9(a12)	1
p0(X8, X5, X8)	p0(X3, a2, X3) :- p6(X3, X3), p2(X3)	1
p5(X4)	p5(a27)	1
p0(X4, X0, X1)	p0(a23, a21, a10)	1
p9(X6)	p9(a0)	1
p1(a66, X0, a41)	p1(a66, a62, a41)	1
p0(X1, X0, X2)	p0(a10, a49, a17)	1
p6(X5, X7)	p6(a22, a43)	1
p9(a9)	p9(a9)	1
p7(X7)	p7(a44)	1
p5(X5)	p5(a21)	1
p2(X3)	p2(a88)	1
p3(a0, X0)	p3(X4, a15) :- p2(X4), p5(X4)	1
p2(X1)	p2(X7) :- p2(X7)	1
p3(X2, X0)	p3(a41, a53)	1
p5(X0)	p5(a4)	1
p0(X5, X0, X1)	p0(a31, a50, a0)	1
p6(X5, X7)	p6(a15, a80)	1
p2(X3)	p2(a19)	1
p3(X0, a14)	p3(a67, a14)	1
p2(a15)	p2(X8) :- p9(X8)	1
p8(X4)	p8(a24)	1
p2(a40)	p2(a40)	1
p7(X6)	p7(a0)	1
p2(a17)	p2(a17)	1
p8(X0)	p8(a30)	1
p2(X3)	p2(a49)	1
p0(X8, X0, X1)	p0(a47, a61, a21)	1
p0(X3, X0, X1)	p0(a19, a85, a63)	1
p2(X8)	p2(X8) :- p9(X8)	1
p0(X1, X0, X2)	p0(a22, a24, a0)	1
p8(X2)	p8(a24)	1
p8(X4)	p8(a24)	1
p7(X6)	p7(a1)	1
p7(X8)	p7(a84)	1
p8(X3)	p8(a24)	1
p3(X6, X0)	p3(a48, a0)	1
p3(X8, X0)	p3(a35, a0)	1
p8(X5)	p8(a24)	1
p2(X6)	p2(a27)	1
p9(X4)	p9(a9)	1
p9(X0)	p9(a8)	1
p2(a65)	p2(a65)	1
p2(X8)	p2(X8) :- p9(X8)	1
p2(X4)	p2(a0)	1
p2(X0)	p2(a17)	1
p3(X8, X5)	p3(a87, a0)	1
p2(X4)	p2(a95)	1
p2(X9)	p2(a49)	1
p9(a69)	p9(a69)	1
p2(a57)	p2(X7) :- p2(X7)	1
p2(X7)	p2(a83)	1
p0(X6, X0, X1)	p0(a37, a4, a55)	1
p2(X1)	p2(a57)	1
p2(X4)	p2(a14)	1
p8(X5)	p8(a24)	1
p0(X4, X0, X1)	p0(a45, a50, a0)	1
p2(X3)	p2(a17)	1
p8(X0)	p8(a3)	1
p9(a12)	p9(a12)	1
p2(a14)	p2(X7) :- p2(X7)	1
p0(X1, X0, X2)	p0(a24, a74, a0)	1
p6(X5, X7)	p6(a1, a61)	1
p2(X3)	p2(a90)	1
p2(X3)	p2(a88)	1
p2(X6)	p2(a90)	1
p0(X0, X1, X2)	p0(a26, a82, a20)	1
p2(X3)	p2(a83)	1
p3(X1, X2)	p3(a10, a2)	1
p2(X3)	p2(a57)	1
p3(X0, X8)	p3(a29, a17)	1
p3(X2, X0)	p3(X4, a15) :- p2(X4), p5(X4)	1
p9(X5)	p9(a73)	1
p4(a73, a30, X0)	p4(a73, a30, a4)	1
p3(X9, X3)	p3(a87, a0)	1
p4(a73, a30, X0)	p4(a73, a30, a4)	1
p5(X7)	p5(a1)	1
p9(X4)	p9(a49)	1
p9(X9)	p9(a10)	1
p0(X0, X1, X2)	p0(a23, a21, a10)	1
p0(X8, X0, X1)	p0(a47, a61, a21)	1
p0(X8, X5, X8)	p0(X3, a2, X3) :- p6(X3, X3), p2(X3)	1
p2(a8)	p2(X7) :- p2(X7)	1
p2(a40)	p2(a40)	1
p3(X9, X3)	p3(a96, a65)	1
p2(X1)	p2(X7) :- p2(X7)	1
p5(X4)	p5(a56)	1
p5(X2)	p5(a61)	1
p7(X7)	p7(a27)	1
p6(a0, a0)	p6(X2, X2) :- p0(X2, X0, X9)	1
p0(X9, X0, X1)	p0(a19, a85, a63)	1
p2(X4)	p2(a19)	1
p2(X2)	p2(a0)	1
p3(X1, X6)	p3(a41, a53)	1
p3(X0, X1)	p3(a75, a0)	1
p3(X0, a53)	p3(a41, a53)	1
p6(X5, X7)	p6(a9, a14)	1
p9(X1)	p9(a0)	1
p3(X4, X0)	p3(a48, a0)	1
p2(X9)	p2(a57)	1
p1(a88, a33, X0)	p1(a88, a33, a32)	1
p2(a14)	p2(X7) :- p2(X7)	1
p0(X1, a19, X0)	p0(a44, a19, a27)	1
p7(X2)	p7(a13)	1
p3(X7, X0)	p3(a18, a50)	1
p0(X1, X0, X2)	p0(a22, a24, a0)	1
p0(X4, X0, X1)	p0(a0, a17, a64)	1
p3(X0, X1)	p3(a52, a35)	1
p2(a17)	p2(a17)	1
p5(X3)	p5(a0)	1
p8(X3)	p8(a42)	1
p2(X7)	p2(a0)	1
p4(a73, a30, X0)	p4(a73, a30, a4)	1
p0(X3, X0, X1)	p0(a20, a0, a19)	1
p3(X0, X8)	p3(a86, a0)	1
p7(X2)	p7(a13)	1
p2(a19)	p2(X7) :- p2(X7)	1
p7(X6)	p7(a66)	1
p0(X7, X4, X7)	p0(X3, a2, X3) :- p6(X3, X3), p2(X3)	1
p6(X4, X4)	p6(X2, X2) :- p0(X2, X0, X9)	1
p9(X6)	p9(a73)	1
p0(X1, X0, X2)	p0(a75, a36, a29)	1
p2(X5)	p2(X7) :- p2(X7)	1
p9(X8)	p9(a38)	1
p0(X6, X0, X1)	p0(a10, a49, a17)	1
p5(X9)	p5(a43)	1
p5(X7)	p5(a43)	1
p8(X1)	p8(a52)	1
p9(X2)	p9(a12)	1
p2(X3)	p2(X8) :- p9(X8)	1
p2(X7)	p2(a65)	1
p2(a40)	p2(a40)	1
p2(X3)	p2(a27)	1
p6(X5, X7)	p6(a9, a14)	1
p0(X7, X4, X7)	p0(X3, a2, X3) :- p6(X3, X3), p2(X3)	1
p5(X1)	p5(a61)	1
p5(X2)	p5(a43)	1
p8(X0)	p8(a52)	1
p5(X5)	p5(a88)	1
p3(X0, X1)	p3(a35, a1)	1
p9(a12)	p9(a12)	1
p3(X1, X0)	p3(a52, a35)	1
p0(X7, X4, X7)	p0(X3, a2, X3) :- p6(X3, X3), p2(X3)	1
p9(X1)	p9(a1)	1
p2(X6)	p2(a49)	1
p0(X8, X0, X1)	p0(a37, a4, a55)	1
p3(X8, X0)	p3(a18, a50)	1
p9(X9)	p9(a1)	1
p2(X4)	p2(a95)	1
p2(X6)	p2(a49)	1
p3(X9, X3)	p3(a35, a1)	1
p8(X2)	p8(a0)	1
p2(X9)	p2(a65)	1
p5(a24)	p5(a24)	1
p3(a95, X0)	p3(X4, a15) :- p2(X4), p5(X4)	1
p0(X1, X0, X2)	p0(a24, a74, a0)	1
p2(X5)	p2(a42)	1
p0(X4, X0, X1)	p0(a2, a15, a21)	1
p2(X4)	p2(X8) :- p9(X8)	1
p7(a24)	p7(X2) :- p5(X2), p3(X2, X0)	1
p5(a88)	p5(a88)	1
p0(X6, X0, X1)	p0(a10, a49, a17)	1
p9(X9)	p9(a73)	1
p9(X1)	p9(a69)	1
p5(X8)	p5(a81)	1
p8(X3)	p8(a18)	1
p3(X0, a0)	p3(a87, a0)	1
p8(X8)	p8(a28)	1
p5(X6)	p5(a11)	1
p8(X5)	p8(a0)	1
p7(X2)	p7(a14)	1
p0(X0, X1, X2)	p0(a2, a15, a21)	1
p7(X1)	p7(a98)	1
p3(X9, X3)	p3(a67, a14)	1
p0(X8, X0, X1)	p0(a26, a82, a20)	1
p5(X4)	p5(a43)	1
p2(X3)	p2(a17)	1
p2(X2)	p2(a17)	1
p2(X5)	p2(a90)	1
p3(X5, X0)	p3(a41, a53)	1
p3(X1, X2)	p3(a10, a2)	1
p2(X9)	p2(a42)	1
p3(X1, X6)	p3(a29, a17)	1
p3(X1, X0)	p3(a15, a82)	1
p2(a83)	p2(a83)	1
p5(X1)	p5(a81)	1
p2(a19)	p2(X7) :- p2(X7)	1
p0(X7, X0, X1)	p0(a0, a17, a64)	1
p0(X1, X0, X2)	p0(a14, a23, a10)	1
p2(X4)	p2(a64)	1
p2(X0)	p2(a24)	1
p3(X0, a14)	p3(a67, a14)	1
p9(X1)	p9(a49)	1
p2(X4)	p2(a19)	1
p6(X0, X1)	p6(a1, a67) :- p9(X1)	1
p2(X8)	p2(a49)	1
p2(X7)	p2(a95)	1
p4(X1, a41, X0)	p4(a77, a41, a6)	1
p5(X8)	p5(a19)	1
p0(a19, X0, X1)	p0(X3, a2, X3) :- p6(X3, X3), p2(X3)	1
p9(X3)	p9(a87)	1
p0(X3, X0, X1)	p0(a20, a0, a19)	1
p0(X6, X0, X1)	p0(a14, a23, a10)	1
p9(X7)	p9(a5)	1
p5(X1)	p5(a61)	1
p3(X8, X0)	p3(a18, a50)	1
p5(a10)	p5(a10)	1
p0(X9, X0, X1)	p0(a26, a82, a20)	1
p0(X1, X0, X2)	p0(a19, a85, a63)	1
p4(a25, a24, X0)	p4(a25, a24, a43)	1
p5(X3)	p5(a81)	1
p8(X3)	p8(a24)	1
p5(X2)	p5(a10)	1
p3(X9, X0)	p3(a10, a2)	1
p6(X5, X7)	p6(a49, a64)	1
p0(X1, X0, X2)	p0(a2, a15, a21)	1
p6(X5, X7)	p6(a0, a68)	1
p9(X5)	p9(a73)	1
p5(X0)	p5(a98)	1
p0(X5, X0, X1)	p0(a22, a24, a0)	1
p0(X3, X0, X1)	p0(a14, a23, a10)	1
p9(X3)	p9(a73)	1
p3(X8, X5)	p3(a79, a19)	1
p8(X7)	p8(a10)	1
p5(X6)	p5(a21)	1
p3(X3, X0)	p3(a31, a68)	1
p3(X0, X1)	p3(a35, a0)	1
p3(X1, X2)	p3(a75, a0)	1
p2(X6)	p2(X8) :- p9(X8)	1
p0(X3, X0, X1)	p0(a90, a25, a16)	1
p8(X4)	p8(a24)	1
p2(X5)	p2(X8) :- p9(X8)	1
p3(a1, X0)	p3(X4, a15) :- p2(X4), p5(X4)	1
p3(X1, X0)	p3(a15, a82)	1
p3(X3, X0)	p3(a79, a19)	1
p9(a73)	p9(a73)	1
p2(a57)	p2(X7) :- p2(X7)	1
p2(X8)	p2(a83)	1
p3(X8, X0)	p3(a35, a0)	1
p9(X1)	p9(a38)	1
p5(X9)	p5(a27)	1
p9(X9)	p9(a10)	1
p3(X1, X6)	p3(a79, a19)	1
p9(X4)	p9(a49)	1
p3(a0, X0)	p3(X4, a15) :- p2(X4), p5(X4)	1
p2(X9)	p2(a41)	1
p3(X7, X0)	p3(a29, a17)	1
p2(X9)	p2(a65)	1
p8(X1)	p8(a87)	1
p7(X8)	p7(a10)	1
p5(X2)	p5(a10)	1
p5(X0)	p5(a61)	1
p0(X26, X96, X66)	p0(X26, a24, a19)	0
p1(X33, X33, X33)	p1(a96, a96, a96)	0
p2(a41)	p2(X8) :- p9(X8)	0
p9(X1)	p9(a57)	0
p1(X36, X36, X36)	p1(a73, a73, a73)	0
p2(a81)	p2(X7) :- p2(X7)	0
p1(a20, X92, X52)	p1(a20, X11, a1)	0
p1(X31, X31, X31)	p1(a0, a0, a0)	0
p1(X35, X35, X35)	p1(a5, a5, a5)	0
p1(a20, X99, X59)	p1(a20, X18, a19)	0
p1(a20, X95, X55)	p1(a20, X14, a3)	0
p6(a92, X1)	p6(X2, X2) :- p0(X2, X0, X9)	0
p2(a73)	p2(X8) :- p9(X8)	0
p1(a20, X92, X52)	p1(a20, X11, a87)	0
p3(a73, a78)	p3(X5, X9) :- p1(a20, X9, X5), p8(X5)	0
p0(X23, X93, X63)	p0(X23, a1, a19)	0
p5(X9)	p5(a41)	0
p6(X6, X6)	p6(a19, X6) :- p7(X6), p8(X6)	0
p3(X5, X0)	p3(X4, a15) :- p2(X4), p5(X4)	0
p5(X20)	p5(a9)	0
p6(a90, a90)	p6(X2, X2) :- p0(X2, X0, X9)	0
p0(X20, X90, X60)	p0(X20, a88, X0)	0
p0(X213, X913, X613)	p0(X213, a98, a19)	0
p5(X0)	p5(a90)	0
p4(X110, X110, a1)	p4(a82, a82, a1)	0
p5(X43)	p5(a41)	0
p5(X47)	p5(a52)	0
p5(X44)	p5(a14)	0
p2(X0)	p2(X7) :- p2(X7)	0
p9(a98)	p9(a98)	0
p3(X0, X1)	p3(X4, a15) :- p2(X4), p5(X4)	0
p6(a92, a19)	p6(a92, a19)	0
p4(X15, X15, a1)	p4(a2, a2, a1)	0
p3(a20, a78)	p3(X5, X9) :- p1(a20, X9, X5), p8(X5)	0
p1(X32, X32, X32)	p1(a12, a12, a12)	0
p4(X212, X912, X912)	p4(X212, a81, a81)	0
p5(X40)	p5(a65)	0
p4(X210, X910, X910)	p4(X210, a57, a57)	0
p4(X10, X10, a1)	p4(a65, a65, a1)	0
p2(a24)	p2(X3) :- p4(X1, X1, a1), p9(X3), p3(X3, X1), p1(X3, X3, X3)	0
p3(a22, X0)	p3(X4, a15) :- p2(X4), p5(X4)	0
p4(X21, X91, X91)	p4(X21, a11, a11)	0
p1(X33, X33, X33)	p1(a29, a29, a29)	0
p5(X90)	p5(a23)	0
p1(X33, X33, X33)	p1(a15, a15, a15)	0
p3(X1, X0)	p3(X4, a15) :- p2(X4), p5(X4)	0
p1(X36, X36, X36)	p1(a18, a18, a18)	0
p5(X9)	p5(a8)	0
p6(X1, X1)	p6(X2, X2) :- p0(X2, X0, X9)	0
p5(X6)	p5(a83)	0
p1(a20, X95, X55)	p1(a20, X13, a87)	0
p1(X30, X30, X30)	p1(a79, a79, a79)	0
p6(a14, a14)	p6(X2, X2) :- p0(X2, X0, X9)	0
p1(X2, X2, X2)	p1(a15, a15, a15)	0
p4(X24, X94, X94)	p4(X24, a61, a61)	0
p5(X1)	p5(a83)	0
p4(X28, X98, X98)	p4(X28, a81, a81)	0
p1(a20, X95, X55)	p1(a20, X14, a34)	0
p5(X4)	p5(a17)	0
p1(X37, X37, X37)	p1(a69, a69, a69)	0
p2(a27)	p2(X7) :- p2(X7)	0
p1(a20, X96, X56)	p1(a20, a1, a1)	0
p5(X7)	p5(a65)	0
p2(a19)	p2(X6) :- p3(X6, a78), p5(X6)	0
p3(a2, a78)	p3(X5, X9) :- p1(a20, X9, X5), p8(X5)	0
p3(a50, X0)	p3(X4, a15) :- p2(X4), p5(X4)	0
p4(X12, X12, a1)	p4(a14, a14, a1)	0
p6(X9, a42)	p6(X2, X2) :- p0(X2, X0, X9)	0
p1(a57, a57, a57)	p1(a57, a57, a57)	0
p1(X2, X2, X2)	p1(a88, a88, a88)	0
p1(X35, X35, X35)	p1(a79, a79, a79)	0
p5(X7)	p5(a15)	0
p1(a20, X91, X51)	p1(a20, X10, a1)	0
p5(X0)	p5(a49)	0
p4(X13, X13, a1)	p4(a35, a35, a1)	0
p6(X7, X7)	p6(a19, X6) :- p7(X6), p8(X6)	0
p2(a0)	p2(X8) :- p9(X8)	0
p1(a20, X913, X513)	p1(a20, a78, a10)	0
p1(X32, X32, X32)	p1(a48, a48, a48)	0
p9(X33)	p9(a29)	0
p0(X25, X95, X65)	p0(X25, a10, a19)	0
p1(a20, X93, X53)	p1(a20, a10, a10)	0
p3(X4, a78)	p3(X5, X9) :- p1(a20, X9, X5), p8(X5)	0
p9(X37)	p9(a31)	0
p1(a20, X96, X56)	p1(a20, X15, a24)	0
p3(a73, X0)	p3(X5, X9) :- p1(a20, X9, X5), p8(X5)	0
p1(a20, X95, X55)	p1(a20, a18, a18)	0
p6(a24, a24)	p6(X2, X2) :- p0(X2, X0, X9)	0
p1(a20, X93, X53)	p1(a20, a78, a1)	0
p1(a20, X93, X53)	p1(a20, a78, a59)	0
p2(a24)	p2(X7) :- p2(X7)	0
p1(a20, X93, X53)	p1(a20, X12, a59)	0
p2(a1)	p2(X7) :- p2(X7)	0
p1(a20, X910, X510)	p1(a20, a78, a42)	0
p1(X6, X6, X6)	p1(a27, a27, a27)	0
p4(X19, X19, a1)	p4(a0, a0, a1)	0
p1(a20, X910, X510)	p1(a20, a78, a10)	0
p1(a20, X95, X55)	p1(a20, X14, a52)	0
p9(a57)	p9(a57)	0
p1(X2, X2, X2)	p1(a24, a24, a24)	0
p3(a38, X0)	p3(X4, a15) :- p2(X4), p5(X4)	0
p0(X29, X99, X69)	p0(X29, a61, a19)	0
p2(a30)	p2(X7) :- p2(X7)	0
p1(X36, X36, X36)	p1(a87, a87, a87)	0
p0(X1, a0, X0)	p0(a10, a0, X6) :- p2(X6), p3(X6, X6)	0
p5(X45)	p5(a12)	0
p4(X14, X14, a1)	p4(a53, a53, a1)	0
p3(a14, a14)	p3(X5, X9) :- p1(a20, X9, X5), p8(X5)	0
p1(a20, X97, X57)	p1(a20, a78, a24)	0
p5(X1)	p5(a12)	0
p0(X0, X1, X2)	p0(X3, a2, X3) :- p6(X3, X3), p2(X3)	0
p1(a20, X94, X54)	p1(a20, X13, a52)	0
p3(a10, a78)	p3(X5, X9) :- p1(a20, X9, X5), p8(X5)	0
p1(a20, X90, X50)	p1(a20, a84, a18)	0
p5(X3)	p5(a69)	0
p1(a20, X92, X52)	p1(a20, a78, a30)	0
p4(X210, X910, X910)	p4(X210, a0, a0)	0
p6(X0, X0)	p6(a19, X6) :- p7(X6), p8(X6)	0
p1(a20, X94, X54)	p1(a20, a87, a87)	0
p6(X1, X1)	p6(a19, X6) :- p7(X6), p8(X6)	0
p1(a20, X94, X54)	p1(a20, a15, a15)	0
p0(X213, X913, X613)	p0(X213, a81, a19)	0
p5(X20)	p5(a90)	0
p1(X32, X32, X32)	p1(a38, a38, a38)	0
p1(X2, X2, X2)	p1(a1, a1, a1)	0
p1(X4, X4, X4)	p1(a87, a87, a87)	0
p3(a37, a78)	p3(X5, X9) :- p1(a20, X9, X5), p8(X5)	0
p9(X6)	p9(a24)	0
p1(a20, X97, X57)	p1(a20, a78, a3)	0
p2(X8)	p2(X7) :- p2(X7)	0
p3(X1, X1)	p3(X4, a15) :- p2(X4), p5(X4)	0
p4(X21, X91, X91)	p4(a37, a4, a4)	0
p5(a12)	p5(a12)	0
p1(a20, X97, X57)	p1(a20, a78, a59)	0
p5(X3)	p5(a38)	0
p5(X0)	p5(a52)	0
p1(a20, X90, X50)	p1(a20, a84, a19)	0
p4(X24, X94, X94)	p4(X24, a98, a98)	0
p3(a11, a78)	p3(X5, X9) :- p1(a20, X9, X5), p8(X5)	0
p3(a61, a61)	p3(X5, X9) :- p1(a20, X9, X5), p8(X5)	0
p4(X10, X10, a1)	p4(a35, a35, a1)	0
p4(X16, X16, a1)	p4(a17, a17, a1)	0
p1(a20, X93, X53)	p1(a20, a78, a87)	0
p1(a20, X913, X513)	p1(a20, a78, a0)	0
p1(a20, X92, X52)	p1(a20, a19, a19)	0
p9(X33)	p9(a48)	0
p1(a20, X94, X54)	p1(a20, a78, a30)	0
p0(a5, X0, X1)	p0(X3, a2, X3) :- p6(X3, X3), p2(X3)	0
p5(X21)	p5(a52)	0
p1(X90, X90, X90)	p1(a27, a27, a27)	0
p1(X30, X30, X30)	p1(a73, a73, a73)	0
p8(X60)	p8(a27)	0
p5(X42)	p5(a12)	0
p1(X33, X33, X33)	p1(a35, a35, a35)	0
p1(X6, X6, X6)	p1(a98, a98, a98)	0
p2(X5)	p2(X8) :- p9(X8)	0
p0(a38, X0, X1)	p0(X3, a2, X3) :- p6(X3, X3), p2(X3)	0
p1(a20, X94, X54)	p1(a20, X13, a24)	0
p3(a73, a73)	p3(X5, X9) :- p1(a20, X9, X5), p8(X5)	0
p2(a9)	p2(X6) :- p3(X6, a78), p5(X6)	0
p5(X4)	p5(a49)	0
p3(a26, X0)	p3(X5, X9) :- p1(a20, X9, X5), p8(X5)	0
p5(X5)	p5(a40)	0
p3(a11, X0)	p3(X4, a15) :- p2(X4), p5(X4)	0
p6(a61, a61)	p6(X2, X2) :- p0(X2, X0, X9)	0
p5(X45)	p5(a41)	0
p1(a20, X92, X52)	p1(a20, a78, a15)	0
p0(X20, X90, X60)	p0(X20, a95, X0)	0
p2(a90)	p2(X6) :- p3(X6, a78), p5(X6)	0
p0(X0, a0, a19)	p0(a10, a0, X6) :- p2(X6), p3(X6, X6)	0
p1(X35, X35, X35)	p1(a73, a73, a73)	0
p1(X34, X34, X34)	p1(a49, a49, a49)	0
p4(X14, X14, a1)	p4(a2, a2, a1)	0
p6(a92, X2)	p6(a92, a27)	0
p0(X27, X97, X67)	p0(X27, a88, a19)	0
p1(a20, X96, X56)	p1(a20, X15, a87)	0
p9(X34)	p9(a75)	0
p1(a20, X97, X57)	p1(a20, a78, a10)	0
p0(X24, X94, X64)	p0(X24, a4, a19)	0
p2(X2)	p2(X3) :- p4(X1, X1, a1), p9(X3), p3(X3, X1), p1(X3, X3, X3)	0
p5(X90)	p5(a9)	0
p6(a92, X2)	p6(a92, a0)	0
p1(X33, X33, X33)	p1(a18, a18, a18)	0
p0(X22, X92, X62)	p0(X22, a10, a19)	0
p9(X9)	p9(a95)	0
p5(X3)	p5(a73)	0
p5(X20)	p5(a5)	0
p2(a9)	p2(X7) :- p2(X7)	0
p1(X32, X32, X32)	p1(a75, a75, a75)	0
p4(X15, X15, a1)	p4(a14, a14, a1)	0
p3(a30, X0)	p3(X5, X9) :- p1(a20, X9, X5), p8(X5)	0
p0(X23, X93, X63)	p0(X23, a21, a19)	0
p1(a20, X92, X52)	p1(a20, a78, a34)	0
p7(a42)	p7(X6) :- p5(X9), p0(X2, X9, X6), p4(X2, X9, X9), p6(a92, X6)	0
p1(X30, X30, X30)	p1(a18, a18, a18)	0
p0(X8, X0, X1)	p0(a45, a85, a30) :- p8(X5)	0
p4(X17, X17, a1)	p4(a2, a2, a1)	0
p0(X4, X0, X1)	p0(a10, a0, X6) :- p2(X6), p3(X6, X6)	0
p1(a20, X93, X53)	p1(a20, a78, a0)	0
p3(a61, X0)	p3(X4, a15) :- p2(X4), p5(X4)	0
p0(X28, X98, X68)	p0(X28, a57, a19)	0
p3(a23, X0)	p3(X4, a15) :- p2(X4), p5(X4)	0
p1(a20, X95, X55)	p1(a20, X04, a19)	0
p5(X91)	p5(a14)	0
p6(X4, X4)	p6(a19, X6) :- p7(X6), p8(X6)	0
p6(a92, X65)	p6(a92, a19)	0
p1(X90, X90, X90)	p1(a87, a87, a87)	0
p1(X37, X37, X37)	p1(a10, a10, a10)	0
p1(X91, X91, X91)	p1(a0, a0, a0)	0
p5(X0)	p5(a14)	0
p1(a20, X90, X50)	p1(a20, X5, a42)	0
p1(X35, X35, X35)	p1(a67, a67, a67)	0
p4(X26, X96, X96)	p4(X26, a19, a19)	0
p3(X3, a78)	p3(X5, X9) :- p1(a20, X9, X5), p8(X5)	0
p4(X11, X11, a1)	p4(a19, a19, a1)	0
p0(X26, X96, X66)	p0(X26, a21, a19)	0
p4(X19, X19, a1)	p4(a82, a82, a1)	0
p1(a20, X96, X56)	p1(a20, X15, a59)	0
p5(X4)	p5(a52)	0
p4(X28, X98, X98)	p4(a20, a0, a0)	0
p2(a29)	p2(X3) :- p4(X1, X1, a1), p9(X3), p3(X3, X1), p1(X3, X3, X3)	0
p0(a0, X0, X1)	p0(X3, a2, X3) :- p6(X3, X3), p2(X3)	0
p6(X5, X5)	p6(X2, X2) :- p0(X2, X0, X9)	0
p5(X2)	p5(a65)	0
p1(a20, X911, X511)	p1(a20, a78, a10)	0
p0(X0, X1, a29)	p0(X3, a2, X3) :- p6(X3, X3), p2(X3)	0
p1(a20, X911, X511)	p1(a20, a78, a42)	0
p4(X26, X96, X96)	p4(X26, a24, a24)	0
p9(X6)	p9(a27)	0
p0(X27, X97, X67)	p0(X27, a98, a19)	0
p9(X35)	p9(a41)	0
p1(X313, X313, X313)	p1(a49, a49, a49)	0
p1(a20, X97, X57)	p1(a20, a78, a0)	0
p5(X5)	p5(a73)	0
p6(a92, X613)	p6(a92, a19)	0
p5(X47)	p5(a41)	0
p4(X10, X10, a1)	p4(a2, a2, a1)	0
p5(X20)	p5(a69)	0
p0(X24, X94, X64)	p0(X24, a61, a19)	0
p3(a4, X0)	p3(X5, X9) :- p1(a20, X9, X5), p8(X5)	0
p5(X3)	p5(a90)	0
p9(X4)	p9(a95)	0
p5(X44)	p5(a90)	0
p4(X16, X16, a1)	p4(a14, a14, a1)	0
p1(X7, X7, X7)	p1(a87, a87, a87)	0
p0(X25, X95, X65)	p0(X25, a27, a19)	0
p2(a20)	p2(X7) :- p2(X7)	0
p4(X15, X15, a1)	p4(X15, X15, a1)	0
p9(X3)	p9(a19)	0
p9(X33)	p9(a31)	0
p1(X33, X33, X33)	p1(a38, a38, a38)	0
p1(X92, X92, X92)	p1(a15, a15, a15)	0
p0(X25, X95, X65)	p0(X25, a4, a19)	0
p0(X29, X99, X69)	p0(X29, a95, a19)	0
p9(X33)	p9(a52)	0
p0(X23, X93, X63)	p0(X23, a81, a19)	0
p0(X1, X0, X2)	p0(a10, a0, X6) :- p2(X6), p3(X6, X6)	0
p1(X36, X36, X36)	p1(a50, a50, a50)	0
p3(X0, a0)	p3(X5, X9) :- p1(a20, X9, X5), p8(X5)	0
p8(X8)	p8(a21)	0
p2(a29)	p2(X7) :- p2(X7)	0
p0(X26, X96, X66)	p0(X26, a56, a19)	0
p1(a20, X97, X57)	p1(a20, X16, a3)	0
p5(X91)	p5(a40)	0
p1(a20, X92, X52)	p1(a20, X11, a52)	0
p3(a37, X0)	p3(X5, X9) :- p1(a20, X9, X5), p8(X5)	0
p0(X211, X911, X611)	p0(X211, a4, a19)	0
p1(X35, X35, X35)	p1(a1, a1, a1)	0
p1(X31, X31, X31)	p1(a50, a50, a50)	0
p2(X9)	p2(X7) :- p2(X7)	0
p1(a20, X94, X54)	p1(a20, a30, a30)	0
p4(X210, X910, X910)	p4(X210, a19, a19)	0
p1(a20, X99, X59)	p1(a20, a78, a19)	0
p0(X29, X99, X69)	p0(X29, a11, a19)	0
p2(a12)	p2(X8) :- p9(X8)	0
p1(X0, X0, X0)	p1(a27, a27, a27)	0
p4(X113, X113, a1)	p4(a0, a0, a1)	0
p5(X4)	p5(a14)	0
p5(X7)	p5(a9)	0
p1(X91, X91, X91)	p1(a19, a19, a19)	0
p3(a41, a78)	p3(X5, X9) :- p1(a20, X9, X5), p8(X5)	0
p3(X8, a78)	p3(X5, X9) :- p1(a20, X9, X5), p8(X5)	0
p0(X22, X92, X62)	p0(X22, a57, a19)	0
p2(a52)	p2(X6) :- p3(X6, a78), p5(X6)	0
p9(X32)	p9(a21)	0
p3(X7, X0)	p3(X4, a15) :- p2(X4), p5(X4)	0
p3(a37, X0)	p3(X4, a15) :- p2(X4), p5(X4)	0
p1(a20, X94, X54)	p1(a20, a28, a28)	0
p0(X22, X92, X62)	p0(X22, a24, a19)	0
p1(a20, X93, X53)	p1(a20, X12, a1)	0
p1(X32, X32, X32)	p1(a10, a10, a10)	0
p4(X26, X96, X96)	p4(X26, a10, a10)	0
p5(X21)	p5(a18)	0
p4(X22, X92, X92)	p4(X22, a61, a61)	0
p5(X3)	p5(a49)	0
p5(X21)	p5(a87)	0
p1(a20, X92, X52)	p1(a20, a18, a18)	0
p3(a8, a8)	p3(X5, X9) :- p1(a20, X9, X5), p8(X5)	0
p4(X112, X112, a1)	p4(a0, a0, a1)	0
p0(a10, X0, X1)	p0(a10, a0, X6) :- p2(X6), p3(X6, X6)	0
p8(X60)	p8(a50)	0
p1(a20, X95, X55)	p1(a20, X14, a19)	0
p1(a20, X90, X50)	p1(a20, a84, a10)	0
p2(a22)	p2(X7) :- p2(X7)	0
p9(X5)	p9(a19)	0
p5(X2)	p5(a8)	0
p1(a20, X910, X510)	p1(a20, X19, a42)	0
p3(a65, X0)	p3(X4, a15) :- p2(X4), p5(X4)	0
p5(X46)	p5(a64)	0
p9(X33)	p9(a50)	0
p1(X31, X31, X31)	p1(a21, a21, a21)	0
p1(a20, X90, X50)	p1(a20, X5, a30)	0
p2(a24)	p2(X6) :- p3(X6, a78), p5(X6)	0
p4(X12, X12, a1)	p4(X12, X12, a1)	0
p4(X210, X910, X910)	p4(X210, a98, a98)	0
p1(X32, X32, X32)	p1(a29, a29, a29)	0
p4(X26, X96, X96)	p4(X26, a1, a1)	0
p5(X41)	p5(a83)	0
p1(X37, X37, X37)	p1(a61, a61, a61)	0
p1(a20, X95, X55)	p1(a20, X14, a18)	0
p1(a20, X93, X53)	p1(a20, a15, a15)	0
p2(a26)	p2(X8) :- p9(X8)	0
p1(X5, X5, X5)	p1(a95, a95, a95)	0
p1(X37, X37, X37)	p1(a9, a9, a9)	0
p0(X26, X96, X66)	p0(X26, a11, a19)	0
p2(a30)	p2(X6) :- p3(X6, a78), p5(X6)	0
p1(a20, X92, X52)	p1(a20, X11, a42)	0
p1(a20, X96, X56)	p1(a20, X15, a10)	0
p4(X24, X94, X94)	p4(X24, a10, a10)	0
p4(X15, X15, a1)	p4(a84, a84, a1)	0
p1(X39, X39, X39)	p1(a10, a10, a10)	0
p1(a20, X910, X510)	p1(a20, a19, a19)	0
p5(X90)	p5(a5)	0
p1(a20, X92, X52)	p1(a20, a10, a10)	0
p1(X0, X0, X0)	p1(a87, a87, a87)	0
p1(X311, X311, X311)	p1(a61, a61, a61)	0
p3(a0, X0)	p3(X4, a15) :- p2(X4), p5(X4)	0
p6(a5, a5)	p6(X2, X2) :- p0(X2, X0, X9)	0
p3(a4, a78)	p3(X5, X9) :- p1(a20, X9, X5), p8(X5)	0
p9(X0)	p9(a98)	0
p9(X37)	p9(a75)	0
p1(a20, X92, X52)	p1(a20, a78, a1)	0
p1(a20, X93, X53)	p1(a20, a78, a30)	0
p7(a3)	p7(X6) :- p5(X9), p0(X2, X9, X6), p4(X2, X9, X9), p6(a92, X6)	0
p2(a98)	p2(X6) :- p3(X6, a78), p5(X6)	0
p1(X90, X90, X90)	p1(a0, a0, a0)	0
p1(a20, X95, X55)	p1(a20, a0, a0)	0
p3(a41, a41)	p3(X5, X9) :- p1(a20, X9, X5), p8(X5)	0
p1(a20, X90, X50)	p1(a20, a84, a0)	0
p0(a14, X0, X1)	p0(X3, a2, X3) :- p6(X3, X3), p2(X3)	0
p1(a20, X910, X510)	p1(a20, a78, a15)	0
p1(a20, X94, X54)	p1(a20, X12, a15)	0
p1(a20, X910, X510)	p1(a20, X19, a87)	0
p3(a64, a78)	p3(X5, X9) :- p1(a20, X9, X5), p8(X5)	0
p3(a1, X0)	p3(X5, X9) :- p1(a20, X9, X5), p8(X5)	0
p5(X4)	p5(a40)	0
p5(X6)	p5(a12)	0
p6(a92, X2)	p6(a92, a10)	0
p3(a92, X0)	p3(X5, X9) :- p1(a20, X9, X5), p8(X5)	0
p2(a52)	p2(X8) :- p9(X8)	0
p0(X27, X97, X67)	p0(X27, a21, a19)	0
p1(a20, X95, X55)	p1(a20, a87, a87)	0
p1(X33, X33, X33)	p1(a41, a41, a41)	0
p4(a24, a2, a2)	p4(a24, a2, a2)	0
p5(X3)	p5(a52)	0
p5(X40)	p5(a90)	0
p3(a15, a78)	p3(X5, X9) :- p1(a20, X9, X5), p8(X5)	0
p5(X44)	p5(a52)	0
p1(X5, X5, X5)	p1(a1, a1, a1)	0
p5(X21)	p5(a41)	0
p4(X11, X11, a1)	p4(a82, a82, a1)	0
p0(X20, X90, X60)	p0(X20, a57, X0)	0
p1(a19, a19, a19)	p1(a19, a19, a19)	0
p5(X1)	p5(a15)	0
p3(a47, a78)	p3(X5, X9) :- p1(a20, X9, X5), p8(X5)	0
p0(a92, X0, X1)	p0(X3, a2, X3) :- p6(X3, X3), p2(X3)	0
p1(X313, X313, X313)	p1(a0, a0, a0)	0
p1(X30, X30, X30)	p1(a41, a41, a41)	0
p5(a83)	p5(a83)	0
p1(a20, X90, X50)	p1(a20, X5, a0)	0
p0(X24, X94, X64)	p0(X24, a19, a19)	0
p9(X9)	p9(a88)	0
p5(X41)	p5(a12)	0
p4(X23, X93, X93)	p4(X23, a88, a88)	0
p5(X91)	p5(a38)	0
p6(a92, X62)	p6(a92, a19)	0
p1(a20, X96, X56)	p1(a20, X15, a30)	0
p5(X9)	p5(a64)	0
p1(a20, X97, X57)	p1(a20, X16, a52)	0
p5(X8)	p5(a17)	0
p0(X20, X90, X60)	p0(X20, a98, X2)	0
p1(a20, X910, X510)	p1(a20, X18, a10)	0
p4(X14, X14, a1)	p4(a1, a1, a1)	0
p1(a20, X93, X53)	p1(a20, X12, a3)	0
p4(X27, X97, X97)	p4(X27, a27, a27)	0
p4(a19, a2, a2)	p4(a19, a2, a2)	0
p1(a20, X97, X57)	p1(a20, a78, a30)	0
p9(X37)	p9(a29)	0
p0(X211, X911, X611)	p0(X211, a81, a19)	0
p8(X60)	p8(a14)	0
p2(a56)	p2(X3) :- p4(X1, X1, a1), p9(X3), p3(X3, X1), p1(X3, X3, X3)	0
p2(a45)	p2(X7) :- p2(X7)	0
p2(a30)	p2(X8) :- p9(X8)	0
p1(X35, X35, X35)	p1(a41, a41, a41)	0
p5(X7)	p5(a90)	0
p2(a69)	p2(X6) :- p3(X6, a78), p5(X6)	0
p9(X37)	p9(a18)	0
p5(X20)	p5(a87)	0
p1(a20, X92, X52)	p1(a20, a78, a87)	0
p4(X210, X910, X910)	p4(X210, a27, a27)	0
p4(X23, X93, X93)	p4(X23, a0, a0)	0
p2(a43)	p2(X8) :- p9(X8)	0
p9(X35)	p9(a21)	0
p2(X1)	p2(X3) :- p4(X1, X1, a1), p9(X3), p3(X3, X1), p1(X3, X3, X3)	0
p0(X213, X913, X613)	p0(X213, a21, a19)	0
p5(X20)	p5(a12)	0
p1(a20, X95, X55)	p1(a20, X14, a28)	0
p1(X0, X0, X0)	p1(a15, a15, a15)	0
p9(X37)	p9(a16)	0
p3(a9, X0)	p3(X5, X9) :- p1(a20, X9, X5), p8(X5)	0
p1(a20, X92, X52)	p1(a20, X01, a1)	0
p1(a20, X97, X57)	p1(a20, a19, a19)	0
p1(X90, X90, X90)	p1(a88, a88, a88)	0
p6(a98, a98)	p6(X2, X2) :- p0(X2, X0, X9)	0
p5(X49)	p5(a49)	0
p1(X92, X92, X92)	p1(a87, a87, a87)	0
p2(a65)	p2(X6) :- p3(X6, a78), p5(X6)	0
p1(a20, X93, X53)	p1(a20, X12, a87)	0
p2(a4)	p2(X3) :- p4(X1, X1, a1), p9(X3), p3(X3, X1), p1(X3, X3, X3)	0
p0(X27, X97, X67)	p0(X27, a19, a19)	0
p5(X40)	p5(a49)	0
p1(X32, X32, X32)	p1(a61, a61, a61)	0
p1(X34, X34, X34)	p1(a1, a1, a1)	0
p3(a40, a78)	p3(X5, X9) :- p1(a20, X9, X5), p8(X5)	0
p5(X9)	p5(a38)	0
p1(a20, X95, X55)	p1(a20, X14, a1)	0
p0(X7, X0, X1)	p0(a10, a0, X6) :- p2(X6), p3(X6, X6)	0
p1(X312, X312, X312)	p1(a87, a87, a87)	0
p1(X32, X32, X32)	p1(a9, a9, a9)	0
p7(X0)	p7(X6) :- p5(X9), p0(X2, X9, X6), p4(X2, X9, X9), p6(a92, X6)	0
p5(X410)	p5(a42)	0
p6(X6, X6)	p6(X2, X2) :- p0(X2, X0, X9)	0
p9(X32)	p9(a31)	0
p2(X3)	p2(X6) :- p3(X6, a78), p5(X6)	0
p1(a20, X90, X50)	p1(a20, X5, a19)	0
p0(X212, X912, X612)	p0(X212, a24, a19)	0
p1(a20, X97, X57)	p1(a20, a78, a15)	0
p0(X8, X0, X1)	p0(X3, a2, X3) :- p6(X3, X3), p2(X3)	0
p9(X32)	p9(a52)	0
p4(X15, X15, a1)	p4(a65, a65, a1)	0
p5(X4)	p5(a65)	0
p1(X90, X90, X90)	p1(a19, a19, a19)	0
p1(a20, X90, X50)	p1(a20, a84, a28)	0
p2(a37)	p2(X3) :- p4(X1, X1, a1), p9(X3), p3(X3, X1), p1(X3, X3, X3)	0
p6(a92, X62)	p6(a92, a87)	0
p3(X2, X0)	p3(X4, a15) :- p2(X4), p5(X4)	0
p1(X90, X90, X90)	p1(a24, a24, a24)	0
p5(X90)	p5(a85)	0
p1(a20, X96, X56)	p1(a20, a0, a0)	0
p1(a20, X96, X56)	p1(a20, X15, a42)	0
p5(X2)	p5(a9)	0
p5(X6)	p5(a8)	0
p5(X48)	p5(a49)	0
p0(X25, X95, X65)	p0(X25, a81, a19)	0
p9(X31)	p9(a67)	0
p2(a19)	p2(X3) :- p4(X1, X1, a1), p9(X3), p3(X3, X1), p1(X3, X3, X3)	0
p1(X34, X34, X34)	p1(a9, a9, a9)	0
p9(X4)	p9(a88)	0
p5(X91)	p5(a42)	0
p3(X8, X5)	p3(X5, X9) :- p1(a20, X9, X5), p8(X5)	0
p1(a20, X92, X52)	p1(a20, X11, a18)	0
p3(a12, X0)	p3(X4, a15) :- p2(X4), p5(X4)	0
p1(X34, X34, X34)	p1(a35, a35, a35)	0
p5(X20)	p5(a41)	0
p1(X36, X36, X36)	p1(a48, a48, a48)	0
p3(a52, X0)	p3(X4, a15) :- p2(X4), p5(X4)	0
p9(X35)	p9(a67)	0
p2(a11)	p2(X6) :- p3(X6, a78), p5(X6)	0
p1(a20, X94, X54)	p1(a20, X02, a19)	0
p1(X31, X31, X31)	p1(a48, a48, a48)	0
p1(X34, X34, X34)	p1(a31, a31, a31)	0
p2(a9)	p2(X8) :- p9(X8)	0
p5(a5)	p5(a5)	0
p3(a98, a98)	p3(X5, X9) :- p1(a20, X9, X5), p8(X5)	0
p5(X49)	p5(a52)	0
p5(X47)	p5(a17)	0
p4(X17, X17, a1)	p4(a50, a50, a1)	0
p1(a20, X99, X59)	p1(a20, X18, a42)	0
p9(X31)	p9(a79)	0
p1(a20, X93, X53)	p1(a20, a30, a30)	0
p1(X9, X9, X9)	p1(a27, a27, a27)	0
p4(X27, X97, X97)	p4(X27, a43, a43)	0
p4(X15, X15, a1)	p4(a68, a68, a1)	0
p2(a90)	p2(X8) :- p9(X8)	0
p3(a44, a78)	p3(X5, X9) :- p1(a20, X9, X5), p8(X5)	0
p2(a37)	p2(X7) :- p2(X7)	0
p1(a20, X911, X511)	p1(a20, X110, a10)	0
p4(X15, X15, a1)	p4(a0, a0, a1)	0
p1(X32, X32, X32)	p1(a50, a50, a50)	0
p3(a83, X0)	p3(X4, a15) :- p2(X4), p5(X4)	0
p2(a47)	p2(X3) :- p4(X1, X1, a1), p9(X3), p3(X3, X1), p1(X3, X3, X3)	0
p5(X20)	p5(a8)	0
p2(X3)	p2(X8) :- p9(X8)	0
p1(a20, X95, X55)	p1(a20, a42, a42)	0
p2(a2)	p2(X3) :- p4(X1, X1, a1), p9(X3), p3(X3, X1), p1(X3, X3, X3)	0
p0(a61, X0, X1)	p0(X3, a2, X3) :- p6(X3, X3), p2(X3)	0
p1(a20, X913, X513)	p1(a20, X112, a10)	0
p4(X27, X97, X97)	p4(X27, a88, a88)	0
p0(X4, X9, X4)	p0(a10, a0, X6) :- p2(X6), p3(X6, X6)	0
p1(a20, X910, X510)	p1(a20, a78, a19)	0
p2(X9)	p2(X6) :- p3(X6, a78), p5(X6)	0
p5(X8)	p5(a12)	0
p4(X23, X93, X93)	p4(X23, a10, a10)	0
p0(X26, X96, X66)	p0(X26, a4, a19)	0
p1(X1, X1, X1)	p1(a98, a98, a98)	0
p3(a65, a65)	p3(X5, X9) :- p1(a20, X9, X5), p8(X5)	0
p2(a64)	p2(X6) :- p3(X6, a78), p5(X6)	0
p4(X24, X94, X94)	p4(X24, a21, a21)	0
p4(X25, X95, X95)	p4(X25, a98, a98)	0
p3(X3, X0)	p3(X5, X9) :- p1(a20, X9, X5), p8(X5)	0
p4(X17, X17, a1)	p4(a82, a82, a1)	0
p9(X34)	p9(a31)	0
p1(a20, X99, X59)	p1(a20, X18, a0)	0
p2(a44)	p2(X3) :- p4(X1, X1, a1), p9(X3), p3(X3, X1), p1(X3, X3, X3)	0
p9(X33)	p9(a75)	0
p1(X35, X35, X35)	p1(a86, a86, a86)	0
p1(X33, X33, X33)	p1(a79, a79, a79)	0
p5(X3)	p5(a87)	0
p4(X15, X15, a1)	p4(a7, a7, a1)	0
p0(X20, X90, X60)	p0(X20, a27, X0)	0
p4(X26, X96, X96)	p4(X26, a27, a27)	0
p5(X45)	p5(a64)	0
p5(X44)	p5(a12)	0
p6(X0, X0)	p6(X2, X2) :- p0(X2, X0, X9)	0
p1(X31, X31, X31)	p1(a49, a49, a49)	0
p1(X9, X9, X9)	p1(a87, a87, a87)	0
p0(X25, X95, X65)	p0(X25, a24, a19)	0
p2(a64)	p2(X7) :- p2(X7)	0
p1(a20, X90, X50)	p1(a20, a84, a1)	0
p1(X311, X311, X311)	p1(a49, a49, a49)	0
p4(X11, X11, a1)	p4(a7, a7, a1)	0
p2(a47)	p2(X7) :- p2(X7)	0
p4(X25, X95, X95)	p4(X25, a43, a43)	0
p1(X36, X36, X36)	p1(a69, a69, a69)	0
p5(X4)	p5(a42)	0
p9(X9)	p9(a57)	0
p1(X0, X0, X0)	p1(a88, a88, a88)	0
p2(a2)	p2(X7) :- p2(X7)	0
p4(X11, X11, a1)	p4(a35, a35, a1)	0
p5(X91)	p5(a49)	0
p5(X40)	p5(a14)	0
p0(X5, X1, X5)	p0(a10, a0, X6) :- p2(X6), p3(X6, X6)	0
p4(X27, X97, X97)	p4(X27, a11, a11)	0
p5(X2)	p5(a90)	0
p5(X90)	p5(a87)	0
p1(X36, X36, X36)	p1(a10, a10, a10)	0
p3(a12, a12)	p3(X5, X9) :- p1(a20, X9, X5), p8(X5)	0
p0(X1, X0, X2)	p0(X3, a2, X3) :- p6(X3, X3), p2(X3)	0
p5(X90)	p5(a12)	0
p0(X28, X98, X68)	p0(X28, a98, a19)	0
p5(X1)	p5(a69)	0
p9(X32)	p9(a48)	0
p2(a44)	p2(X7) :- p2(X7)	0
p2(a17)	p2(X6) :- p3(X6, a78), p5(X6)	0
p1(X0, X0, X0)	p1(a19, a19, a19)	0
p9(X33)	p9(a18)	0
p1(a20, X913, X513)	p1(a20, a78, a87)	0
p1(X31, X31, X31)	p1(a75, a75, a75)	0
p4(X25, X95, X95)	p4(X25, a0, a0)	0
p1(a20, X97, X57)	p1(a20, X16, a34)	0
p0(X20, X90, X60)	p0(X20, a43, X2)	0
p6(X9, X9)	p6(a19, X6) :- p7(X6), p8(X6)	0
p5(X42)	p5(a83)	0
p5(X1)	p5(a38)	0
p1(a20, X92, X52)	p1(a20, a87, a87)	0
p4(X23, X93, X93)	p4(X23, a19, a19)	0
p9(X1)	p9(a98)	0
p4(X113, X113, a1)	p4(a35, a35, a1)	0
p1(X4, X4, X4)	p1(a10, a10, a10)	0
p5(X3)	p5(a41)	0
p1(a20, X96, X56)	p1(a20, a42, a42)	0
p5(X0)	p5(a17)	0
p1(X1, X1, X1)	p1(a88, a88, a88)	0
p1(a20, X913, X513)	p1(a20, X112, a0)	0
p1(a20, X94, X54)	p1(a20, a0, a0)	0
p1(a20, X94, X54)	p1(a20, a78, a42)	0
p3(a98, a78)	p3(X5, X9) :- p1(a20, X9, X5), p8(X5)	0
p5(X9)	p5(a49)	0
p4(X17, X17, a1)	p4(a65, a65, a1)	0
p0(a87, X0, X1)	p0(X3, a2, X3) :- p6(X3, X3), p2(X3)	0
p5(a64)	p5(a64)	0
p2(X7)	p2(X6) :- p3(X6, a78), p5(X6)	0
p5(X43)	p5(a49)	0
p4(X13, X13, a1)	p4(a53, a53, a1)	0
p0(a10, X0, X1)	p0(X3, a2, X3) :- p6(X3, X3), p2(X3)	0
p5(X2)	p5(a5)	0
p1(X33, X33, X33)	p1(a0, a0, a0)	0
p5(X47)	p5(a64)	0
p0(X29, X99, X69)	p0(X29, a19, a19)	0
p5(X2)	p5(a49)	0
p1(a20, X90, X50)	p1(a20, a84, a30)	0
p2(a75)	p2(X8) :- p9(X8)	0
p5(X6)	p5(a73)	0
p1(X1, X1, X1)	p1(a19, a19, a19)	0
p6(X4, X4)	p6(X2, X2) :- p0(X2, X0, X9)	0
p9(X35)	p9(a79)	0
p1(X1, X1, X1)	p1(a24, a24, a24)	0
p1(X2, X2, X2)	p1(a0, a0, a0)	0
p3(a56, X0)	p3(X4, a15) :- p2(X4), p5(X4)	0
p3(a98, X0)	p3(X4, a15) :- p2(X4), p5(X4)	0
p5(X90)	p5(a41)	0
p5(X3)	p5(a8)	0
p1(a20, X90, X50)	p1(a20, X5, a15)	0
p4(X14, X14, a1)	p4(a17, a17, a1)	0
p3(a21, X0)	p3(X4, a15) :- p2(X4), p5(X4)	0
p4(X27, X97, X97)	p4(X27, a95, a95)	0
p4(X14, X14, a1)	p4(a68, a68, a1)	0
p4(X27, X97, X97)	p4(X27, a98, a98)	0
p6(a57, a57)	p6(X2, X2) :- p0(X2, X0, X9)	0
p1(a20, X91, X51)	p1(a20, X10, a0)	0
p1(X30, X30, X30)	p1(a96, a96, a96)	0
p3(a22, X0)	p3(X5, X9) :- p1(a20, X9, X5), p8(X5)	0
p9(X91)	p9(a24)	0
p3(X1, X0)	p3(X5, X9) :- p1(a20, X9, X5), p8(X5)	0
p1(a20, X913, X513)	p1(a20, X112, a42)	0
p5(X41)	p5(a65)	0
p1(X9, X9, X9)	p1(a61, a61, a61)	0
p9(X6)	p9(a95)	0
p1(a20, X912, X512)	p1(a20, a78, a42)	0
p4(X26, X96, X96)	p4(X26, a81, a81)	0
p1(a20, X94, X54)	p1(a20, X13, a30)	0
p4(X212, X912, X912)	p4(X212, a43, a43)	0
p6(a92, X69)	p6(a92, a19)	0
p3(a40, X0)	p3(X4, a15) :- p2(X4), p5(X4)	0
p5(X4)	p5(a69)	0
p0(X211, X911, X611)	p0(X211, a88, a19)	0
p4(X26, X96, X96)	p4(X26, a61, a61)	0
p2(a49)	p2(X6) :- p3(X6, a78), p5(X6)	0
p1(X35, X35, X35)	p1(a96, a96, a96)	0
p1(X1, X1, X1)	p1(a1, a1, a1)	0
p4(X17, X17, a1)	p4(a68, a68, a1)	0
p3(X0, a84)	p3(X5, X9) :- p1(a20, X9, X5), p8(X5)	0
p0(a88, X0, X1)	p0(X3, a2, X3) :- p6(X3, X3), p2(X3)	0
p1(X5, X5, X5)	p1(a61, a61, a61)	0
p8(a57)	p8(a57)	0
p2(a87)	p2(X3) :- p4(X1, X1, a1), p9(X3), p3(X3, X1), p1(X3, X3, X3)	0
p1(X37, X37, X37)	p1(a49, a49, a49)	0
p5(X90)	p5(a8)	0
p4(X28, X98, X98)	p4(X28, a1, a1)	0
p0(X213, X913, X613)	p0(X213, a19, a19)	0
p1(a20, X97, X57)	p1(a20, X16, a0)	0
p2(a61)	p2(X3) :- p4(X1, X1, a1), p9(X3), p3(X3, X1), p1(X3, X3, X3)	0
p4(X11, X11, a1)	p4(a2, a2, a1)	0
p1(a20, X92, X52)	p1(a20, X01, a28)	0
p4(X28, X98, X98)	p4(X28, a56, a56)	0
p5(X9)	p5(a52)	0
p0(X26, X96, X66)	p0(X26, a98, a19)	0
p5(a2)	p5(a2)	0
p5(a52)	p5(a52)	0
p4(X21, X91, X91)	p4(a44, a19, a19)	0
p1(a20, X94, X54)	p1(a20, a52, a52)	0
p1(a20, X95, X55)	p1(a20, a78, a52)	0
p6(a27, a27)	p6(X2, X2) :- p0(X2, X0, X9)	0
p4(X23, X93, X93)	p4(X23, a27, a27)	0
p4(X21, X91, X91)	p4(X21, a27, a27)	0
p2(a98)	p2(X8) :- p9(X8)	0
p5(X7)	p5(a87)	0
p9(X0)	p9(a95)	0
p7(a52)	p7(X6) :- p5(X9), p0(X2, X9, X6), p4(X2, X9, X9), p6(a92, X6)	0
p1(a20, X93, X53)	p1(a20, a1, a1)	0
p4(X211, X911, X911)	p4(a20, a0, a0)	0
p1(a20, X97, X57)	p1(a20, a24, a24)	0
p4(X19, X19, a1)	p4(X19, X19, a1)	0
p5(X7)	p5(a12)	0
p6(a40, a40)	p6(X2, X2) :- p0(X2, X0, X9)	0
p5(X2)	p5(a69)	0
p7(a3)	p7(X2) :- p5(X2), p3(X2, X0)	0
p9(X37)	p9(a41)	0
p2(a8)	p2(X3) :- p4(X1, X1, a1), p9(X3), p3(X3, X1), p1(X3, X3, X3)	0
p5(X6)	p5(a90)	0
p1(X30, X30, X30)	p1(a69, a69, a69)	0
p4(X17, X17, a1)	p4(a7, a7, a1)	0
p2(a45)	p2(X8) :- p9(X8)	0
p0(a40, X0, X1)	p0(X3, a2, X3) :- p6(X3, X3), p2(X3)	0
p5(X5)	p5(a9)	0
p4(X18, X18, a1)	p4(a2, a2, a1)	0
p2(a38)	p2(X8) :- p9(X8)	0
p3(X9, X3)	p3(X5, X9) :- p1(a20, X9, X5), p8(X5)	0
p4(X27, X97, X97)	p4(X27, a24, a24)	0
p1(X91, X91, X91)	p1(a95, a95, a95)	0
p5(X1)	p5(a90)	0
p1(X2, X2, X2)	p1(a95, a95, a95)	0
p1(a20, X95, X55)	p1(a20, X13, a15)	0
p1(X31, X31, X31)	p1(a10, a10, a10)	0
p4(X10, X10, a1)	p4(a68, a68, a1)	0
p2(a87)	p2(X7) :- p2(X7)	0
p1(X311, X311, X311)	p1(a10, a10, a10)	0
p2(a61)	p2(X7) :- p2(X7)	0
p1(X35, X35, X35)	p1(a69, a69, a69)	0
p9(X31)	p9(a41)	0
p3(a64, a64)	p3(X5, X9) :- p1(a20, X9, X5), p8(X5)	0
p9(X35)	p9(a86)	0
p1(X7, X7, X7)	p1(a10, a10, a10)	0
p2(a1)	p2(X3) :- p4(X1, X1, a1), p9(X3), p3(X3, X1), p1(X3, X3, X3)	0
p4(X112, X112, a1)	p4(a2, a2, a1)	0
p4(X210, X910, X910)	p4(X210, a61, a61)	0
p1(X36, X36, X36)	p1(a67, a67, a67)	0
p1(a20, X93, X53)	p1(a20, X02, a42)	0
p4(X210, X910, X910)	p4(X210, a24, a24)	0
p2(a69)	p2(X8) :- p9(X8)	0
p1(a20, X92, X52)	p1(a20, a42, a42)	0
p2(a43)	p2(X7) :- p2(X7)	0
p1(a20, X97, X57)	p1(a20, X16, a18)	0
p3(a43, X0)	p3(X5, X9) :- p1(a20, X9, X5), p8(X5)	0
p3(a17, X0)	p3(X5, X9) :- p1(a20, X9, X5), p8(X5)	0
p2(a42)	p2(X8) :- p9(X8)	0
p4(X24, X94, X94)	p4(X24, a1, a1)	0
p5(X5)	p5(a65)	0
p5(X0)	p5(a64)	0
p2(a15)	p2(X3) :- p4(X1, X1, a1), p9(X3), p3(X3, X1), p1(X3, X3, X3)	0
p1(a20, X911, X511)	p1(a20, a78, a87)	0
p5(X9)	p5(a14)	0
p0(X22, X92, X62)	p0(X22, a98, a19)	0
p5(X5)	p5(a15)	0
p4(X14, X14, a1)	p4(a14, a14, a1)	0
p5(X43)	p5(a14)	0
p0(X0, X1, X2)	p0(a45, a85, a30) :- p8(X5)	0
p2(a8)	p2(X7) :- p2(X7)	0
p5(X7)	p5(a41)	0
p2(a65)	p2(X8) :- p9(X8)	0
p1(a20, X92, X52)	p1(a20, a30, a30)	0
p2(a5)	p2(X8) :- p9(X8)	0
p5(X21)	p5(a67)	0
p1(a20, X94, X54)	p1(a20, a42, a42)	0
p4(X27, X97, X97)	p4(a20, a0, a0)	0
p5(a90)	p5(a90)	0
p0(X212, X912, X612)	p0(X212, a81, a19)	0
p5(X91)	p5(a82)	0
p0(X211, X911, X611)	p0(X211, a95, a19)	0
p3(a11, X0)	p3(X5, X9) :- p1(a20, X9, X5), p8(X5)	0
p5(X45)	p5(a49)	0
p1(a20, X97, X57)	p1(a20, X16, a1)	0
p1(X32, X32, X32)	p1(a49, a49, a49)	0
p2(a23)	p2(X8) :- p9(X8)	0
p9(X33)	p9(a79)	0
p1(a20, X91, X51)	p1(a20, X10, a59)	0
p5(X1)	p5(a49)	0
p1(a20, X90, X50)	p1(a20, X5, a52)	0
p9(X32)	p9(a16)	0
p2(X6)	p2(X3) :- p4(X1, X1, a1), p9(X3), p3(X3, X1), p1(X3, X3, X3)	0
p9(X6)	p9(a19)	0
p5(X8)	p5(a65)	0
p1(a20, X96, X56)	p1(a20, a34, a34)	0
p0(X25, X95, X65)	p0(X25, a95, a19)	0
p6(a65, a65)	p6(X2, X2) :- p0(X2, X0, X9)	0
p1(a20, X912, X512)	p1(a20, X011, a19)	0
p5(X7)	p5(a8)	0
p1(X9, X9, X9)	p1(a19, a19, a19)	0
p1(a20, X92, X52)	p1(a20, X01, a42)	0
p4(X13, X13, a1)	p4(a84, a84, a1)	0
p0(X26, X96, X66)	p0(X26, a43, a19)	0
p4(X24, X94, X94)	p4(X24, a11, a11)	0
p3(a56, a78)	p3(X5, X9) :- p1(a20, X9, X5), p8(X5)	0
p3(a69, X0)	p3(X4, a15) :- p2(X4), p5(X4)	0
p5(X45)	p5(a65)	0
p4(X23, X93, X93)	p4(X23, a61, a61)	0
p4(X21, X91, X91)	p4(X21, a88, a88)	0
p2(a57)	p2(X8) :- p9(X8)	0
p1(X39, X39, X39)	p1(a49, a49, a49)	0
p3(a23, X0)	p3(X5, X9) :- p1(a20, X9, X5), p8(X5)	0
p4(X16, X16, a1)	p4(X16, X16, a1)	0
p1(a20, X92, X52)	p1(a20, X01, a52)	0
p1(a20, X94, X54)	p1(a20, X13, a0)	0
p2(a11)	p2(X8) :- p9(X8)	0
p3(a42, X0)	p3(X5, X9) :- p1(a20, X9, X5), p8(X5)	0
p1(a20, X96, X56)	p1(a20, a18, a18)	0
p1(X31, X31, X31)	p1(a1, a1, a1)	0
p3(X4, X0)	p3(X5, X9) :- p1(a20, X9, X5), p8(X5)	0
p4(X12, X12, a1)	p4(a53, a53, a1)	0
p5(a42)	p5(a42)	0
p1(a20, X92, X52)	p1(a20, X01, a19)	0
p4(X20, X90, X90)	p4(a44, a19, a19)	0
p0(X5, X0, X1)	p0(a10, a0, X6) :- p2(X6), p3(X6, X6)	0
p9(X35)	p9(a52)	0
p0(X3, X0, X1)	p0(a10, a0, X6) :- p2(X6), p3(X6, X6)	0
p1(X37, X37, X37)	p1(a73, a73, a73)	0
p4(X26, X96, X96)	p4(a20, a0, a0)	0
p5(X9)	p5(a40)	0
p4(X26, X96, X96)	p4(X26, a57, a57)	0
p5(X6)	p5(a52)	0
p3(a44, X0)	p3(X4, a15) :- p2(X4), p5(X4)	0
p1(X4, X4, X4)	p1(a15, a15, a15)	0
p5(X45)	p5(a52)	0
p2(X6)	p2(X7) :- p2(X7)	0
p2(a40)	p2(X8) :- p9(X8)	0
p1(X36, X36, X36)	p1(a61, a61, a61)	0
p4(X10, X10, a1)	p4(a14, a14, a1)	0
p5(X1)	p5(a52)	0
p5(X6)	p5(a69)	0
p1(X36, X36, X36)	p1(a9, a9, a9)	0
p3(a49, X0)	p3(X5, X9) :- p1(a20, X9, X5), p8(X5)	0
p0(X20, X90, X60)	p0(X20, a98, X0)	0
p5(X40)	p5(a64)	0
p4(X12, X12, a1)	p4(a1, a1, a1)	0
p1(X31, X31, X31)	p1(a61, a61, a61)	0
p3(a27, a78)	p3(X5, X9) :- p1(a20, X9, X5), p8(X5)	0
p5(X3)	p5(a17)	0
p9(X34)	p9(a29)	0
p1(X31, X31, X31)	p1(a9, a9, a9)	0
p2(X9)	p2(X8) :- p9(X8)	0
p0(X27, X97, X67)	p0(X27, a4, a19)	0
p5(X2)	p5(a87)	0
p0(X22, X92, X62)	p0(X22, a27, a19)	0
p2(a64)	p2(X8) :- p9(X8)	0
p2(a21)	p2(X3) :- p4(X1, X1, a1), p9(X3), p3(X3, X1), p1(X3, X3, X3)	0
p2(a14)	p2(X3) :- p4(X1, X1, a1), p9(X3), p3(X3, X1), p1(X3, X3, X3)	0
p5(X91)	p5(a41)	0
p3(a15, a15)	p3(X5, X9) :- p1(a20, X9, X5), p8(X5)	0
p5(X8)	p5(a90)	0
p1(X9, X9, X9)	p1(a57, a57, a57)	0
p5(X2)	p5(a12)	0
p1(a20, X90, X50)	p1(a20, X5, a59)	0
p1(X32, X32, X32)	p1(a8, a8, a8)	0
p1(X31, X31, X31)	p1(a31, a31, a31)	0
p3(a45, X0)	p3(X4, a15) :- p2(X4), p5(X4)	0
p0(X20, X90, X60)	p0(X20, a11, X0)	0
p1(a20, X96, X56)	p1(a20, X15, a18)	0
p1(X30, X30, X30)	p1(a52, a52, a52)	0
p5(X20)	p5(a31)	0
p6(a19, a19)	p6(X2, X2) :- p0(X2, X0, X9)	0
p5(X5)	p5(a5)	0
p4(X16, X16, a1)	p4(a7, a7, a1)	0
p3(a26, X0)	p3(X4, a15) :- p2(X4), p5(X4)	0
p3(a22, a78)	p3(X5, X9) :- p1(a20, X9, X5), p8(X5)	0
p5(X47)	p5(a65)	0
p3(a1, a1)	p3(X5, X9) :- p1(a20, X9, X5), p8(X5)	0
p1(a20, X94, X54)	p1(a20, X13, a19)	0
p3(X5, X0)	p3(X5, X9) :- p1(a20, X9, X5), p8(X5)	0
p1(X30, X30, X30)	p1(a87, a87, a87)	0
p4(X27, X97, X97)	p4(X27, a4, a4)	0
p3(a57, a57)	p3(X5, X9) :- p1(a20, X9, X5), p8(X5)	0
p1(X35, X35, X35)	p1(a52, a52, a52)	0
p4(X21, X91, X91)	p4(X21, a19, a19)	0
p7(a19)	p7(X6) :- p5(X9), p0(X2, X9, X6), p4(X2, X9, X9), p6(a92, X6)	0
p3(a15, X0)	p3(X5, X9) :- p1(a20, X9, X5), p8(X5)	0
p1(a20, X910, X510)	p1(a20, X08, a19)	0
p1(X312, X312, X312)	p1(a12, a12, a12)	0
p1(X34, X34, X34)	p1(a8, a8, a8)	0
p5(X20)	p5(a38)	0
p2(a26)	p2(X6) :- p3(X6, a78), p5(X6)	0
p1(X35, X35, X35)	p1(a87, a87, a87)	0
p1(a20, X912, X512)	p1(a20, X010, a19)	0
p5(X45)	p5(a14)	0
p1(X311, X311, X311)	p1(a0, a0, a0)	0
p3(a30, X0)	p3(X4, a15) :- p2(X4), p5(X4)	0
p2(a83)	p2(X6) :- p3(X6, a78), p5(X6)	0
p1(X33, X33, X33)	p1(a50, a50, a50)	0
p9(X0)	p9(a88)	0
p4(X25, X95, X95)	p4(X25, a21, a21)	0
p1(a20, X91, X51)	p1(a20, X10, a10)	0
p4(X13, X13, a1)	p4(a50, a50, a1)	0
p2(a14)	p2(X7) :- p2(X7)	0
p4(X13, X13, a1)	p4(a1, a1, a1)	0
p1(a20, X90, X50)	p1(a20, X5, a28)	0
p2(a88)	p2(X6) :- p3(X6, a78), p5(X6)	0
p1(a20, X98, X58)	p1(a20, X17, a19)	0
p4(X212, X912, X912)	p4(X212, a0, a0)	0
p0(X23, X93, X63)	p0(X23, a61, a19)	0
p2(a17)	p2(X8) :- p9(X8)	0
p2(a10)	p2(X3) :- p4(X1, X1, a1), p9(X3), p3(X3, X1), p1(X3, X3, X3)	0
p1(a20, X912, X512)	p1(a20, X110, a10)	0
p0(X24, X94, X64)	p0(X24, a57, a19)	0
p2(a95)	p2(X7) :- p2(X7)	0
p5(X2)	p5(a41)	0
p3(X5, a15)	p3(X5, X9) :- p1(a20, X9, X5), p8(X5)	0
p3(a88, a88)	p3(X5, X9) :- p1(a20, X9, X5), p8(X5)	0
p1(a20, X96, X56)	p1(a20, X04, a19)	0
p1(a20, X95, X55)	p1(a20, a78, a24)	0
p4(X212, X912, X912)	p4(X212, a57, a57)	0
p4(X24, X94, X94)	p4(X24, a81, a81)	0
p3(a65, X0)	p3(X5, X9) :- p1(a20, X9, X5), p8(X5)	0
p3(X1, X6)	p3(X5, X9) :- p1(a20, X9, X5), p8(X5)	0
p3(a90, a78)	p3(X5, X9) :- p1(a20, X9, X5), p8(X5)	0
p5(X20)	p5(a29)	0
p4(X21, X91, X91)	p4(X21, a21, a21)	0
p7(a24)	p7(X6) :- p5(X9), p0(X2, X9, X6), p4(X2, X9, X9), p6(a92, X6)	0
p1(X37, X37, X37)	p1(a1, a1, a1)	0
p0(X28, X98, X68)	p0(X28, a11, a19)	0
p1(a20, X94, X54)	p1(a20, a78, a52)	0
p9(X1)	p9(a95)	0
p2(a88)	p2(X7) :- p2(X7)	0
p0(X211, X911, X611)	p0(X211, a61, a19)	0
p1(a20, X912, X512)	p1(a20, X111, a19)	0
p1(X5, X5, X5)	p1(a27, a27, a27)	0
p4(X28, X98, X98)	p4(X28, a57, a57)	0
p4(X212, X912, X912)	p4(X212, a10, a10)	0
p4(X22, X92, X92)	p4(X22, a56, a56)	0
p1(a20, X95, X55)	p1(a20, a78, a3)	0
p4(X27, X97, X97)	p4(X27, a61, a61)	0
p0(X212, X912, X612)	p0(X212, a57, a19)	0
p1(a20, X99, X59)	p1(a20, a78, a52)	0
p1(X33, X33, X33)	p1(a21, a21, a21)	0
p2(X7)	p2(X8) :- p9(X8)	0
p5(X5)	p5(a69)	0
p4(X212, X912, X912)	p4(X212, a98, a98)	0
p1(a20, X97, X57)	p1(a20, X16, a15)	0
p3(a8, X0)	p3(X5, X9) :- p1(a20, X9, X5), p8(X5)	0
p1(X30, X30, X30)	p1(a15, a15, a15)	0
p4(X210, X910, X910)	p4(X210, a88, a88)	0
p3(a0, X0)	p3(X5, X9) :- p1(a20, X9, X5), p8(X5)	0
p0(X211, X911, X611)	p0(X211, a98, a19)	0
p1(a20, X91, X51)	p1(a20, X10, a28)	0
p0(a49, X0, X1)	p0(X3, a2, X3) :- p6(X3, X3), p2(X3)	0
p4(X13, X13, a1)	p4(a0, a0, a1)	0
p2(a87)	p2(X6) :- p3(X6, a78), p5(X6)	0
p1(X7, X7, X7)	p1(a15, a15, a15)	0
p5(X4)	p5(a15)	0
p1(a20, X92, X52)	p1(a20, a1, a1)	0
p3(a95, X0)	p3(X5, X9) :- p1(a20, X9, X5), p8(X5)	0
p1(a20, X97, X57)	p1(a20, X05, a19)	0
p5(X20)	p5(a48)	0
p3(X0, X0)	p3(X5, X9) :- p1(a20, X9, X5), p8(X5)	0
p5(X40)	p5(a17)	0
p2(a41)	p2(X3) :- p4(X1, X1, a1), p9(X3), p3(X3, X1), p1(X3, X3, X3)	0
p5(X5)	p5(a38)	0
p1(X30, X30, X30)	p1(a21, a21, a21)	0
p1(X32, X32, X32)	p1(a67, a67, a67)	0
p0(X23, X93, X63)	p0(X23, a11, a19)	0
p4(X11, X11, a1)	p4(a50, a50, a1)	0
p0(X23, X93, X63)	p0(X23, a57, a19)	0
p1(X35, X35, X35)	p1(a15, a15, a15)	0
p2(a73)	p2(X3) :- p4(X1, X1, a1), p9(X3), p3(X3, X1), p1(X3, X3, X3)	0
p1(a20, X93, X53)	p1(a20, a42, a42)	0
p9(X32)	p9(a75)	0
p2(a43)	p2(X6) :- p3(X6, a78), p5(X6)	0
p5(X45)	p5(a40)	0
p3(a42, a78)	p3(X5, X9) :- p1(a20, X9, X5), p8(X5)	0
p1(X30, X30, X30)	p1(a61, a61, a61)	0
p1(a20, X910, X510)	p1(a20, X19, a15)	0
p0(X25, X95, X65)	p0(X25, a57, a19)	0
p1(a20, X94, X54)	p1(a20, X13, a10)	0
p0(X29, X99, X69)	p0(X29, a56, a19)	0
p5(X3)	p5(a64)	0
p2(a4)	p2(X7) :- p2(X7)	0
p6(a9, a9)	p6(X2, X2) :- p0(X2, X0, X9)	0
p1(X35, X35, X35)	p1(a21, a21, a21)	0
p4(X12, X12, a1)	p4(a84, a84, a1)	0
p1(a20, X96, X56)	p1(a20, X15, a1)	0
p1(a20, X95, X55)	p1(a20, a78, a10)	0
p3(a47, X0)	p3(X5, X9) :- p1(a20, X9, X5), p8(X5)	0
p4(X24, X94, X94)	p4(X24, a19, a19)	0
p1(a20, X95, X55)	p1(a20, a78, a42)	0
p5(X6)	p5(a87)	0
p2(a49)	p2(X8) :- p9(X8)	0
p5(X41)	p5(a90)	0
p3(a14, X0)	p3(X5, X9) :- p1(a20, X9, X5), p8(X5)	0
p5(X91)	p5(a5)	0
p9(X33)	p9(a35)	0
p5(X0)	p5(a65)	0
p0(a52, X0, X1)	p0(X3, a2, X3) :- p6(X3, X3), p2(X3)	0
p1(X5, X5, X5)	p1(a87, a87, a87)	0
p2(X8)	p2(X6) :- p3(X6, a78), p5(X6)	0
p1(X0, X0, X0)	p1(a0, a0, a0)	0
p5(X1)	p5(a87)	0
p4(X213, X913, X913)	p4(a20, a0, a0)	0
p1(a20, X911, X511)	p1(a20, X110, a19)	0
p7(a30)	p7(X2) :- p5(X2), p3(X2, X0)	0
p0(X28, X98, X68)	p0(X28, a88, a19)	0
p0(a83, X0, X1)	p0(X3, a2, X3) :- p6(X3, X3), p2(X3)	0
p9(X33)	p9(a41)	0
p2(a29)	p2(X6) :- p3(X6, a78), p5(X6)	0
p2(a98)	p2(X7) :- p2(X7)	0
p4(X24, X94, X94)	p4(X24, a95, a95)	0
p4(X21, X91, X91)	p4(X21, a24, a24)	0
p5(X21)	p5(a96)	0
p1(a20, X93, X53)	p1(a20, X12, a42)	0
p3(a31, X0)	p3(X5, X9) :- p1(a20, X9, X5), p8(X5)	0
p2(a41)	p2(X7) :- p2(X7)	0
p5(X90)	p5(a64)	0
p1(X91, X91, X91)	p1(a1, a1, a1)	0
p1(a20, X97, X57)	p1(a20, X06, a19)	0
p1(a20, X92, X52)	p1(a20, X11, a0)	0
p1(a20, X92, X52)	p1(a20, X01, a59)	0
p5(X42)	p5(a40)	0
p1(a20, X95, X55)	p1(a20, X14, a30)	0
p0(X26, X96, X66)	p0(X26, a1, a19)	0
p6(X9, X9)	p6(X2, X2) :- p0(X2, X0, X9)	0
p4(X111, X111, a1)	p4(X111, X111, a1)	0
p2(a73)	p2(X7) :- p2(X7)	0
p1(X36, X36, X36)	p1(a38, a38, a38)	0
p0(a65, X0, X1)	p0(X3, a2, X3) :- p6(X3, X3), p2(X3)	0
p5(X43)	p5(a64)	0
p0(X26, X96, X66)	p0(X26, a81, a19)	0
p4(X24, X94, X94)	p4(X24, a4, a4)	0
p9(X6)	p9(a57)	0
p1(X32, X32, X32)	p1(a1, a1, a1)	0
p7(a42)	p7(X2) :- p5(X2), p3(X2, X0)	0
p7(a52)	p7(X2) :- p5(X2), p3(X2, X0)	0
p1(a20, X90, X50)	p1(a20, a84, a34)	0
p9(X32)	p9(a96)	0
p3(a57, a78)	p3(X5, X9) :- p1(a20, X9, X5), p8(X5)	0
p2(a0)	p2(X3) :- p4(X1, X1, a1), p9(X3), p3(X3, X1), p1(X3, X3, X3)	0
p4(X212, X912, X912)	p4(X212, a88, a88)	0
p1(a20, X98, X58)	p1(a20, a78, a42)	0
p3(a52, a78)	p3(X5, X9) :- p1(a20, X9, X5), p8(X5)	0
p0(X26, X96, X66)	p0(X26, a95, a19)	0
p5(X41)	p5(a49)	0
p5(X46)	p5(a49)	0
p9(X9)	p9(a24)	0
p2(a92)	p2(X6) :- p3(X6, a78), p5(X6)	0
p1(X34, X34, X34)	p1(a5, a5, a5)	0
p1(a20, X92, X52)	p1(a20, X11, a59)	0
p1(X34, X34, X34)	p1(a87, a87, a87)	0
p0(X1, X8, X1)	p0(a10, a0, X6) :- p2(X6), p3(X6, X6)	0
p5(a14)	p5(a14)	0
p5(X5)	p5(a83)	0
p1(a20, X91, X51)	p1(a20, X10, a42)	0
p1(X33, X33, X33)	p1(a12, a12, a12)	0
p1(a20, X95, X55)	p1(a20, a52, a52)	0
p5(X90)	p5(a38)	0
p2(a20)	p2(X8) :- p9(X8)	0
p5(X1)	p5(a41)	0
p5(X91)	p5(a69)	0
p3(a57, X0)	p3(X4, a15) :- p2(X4), p5(X4)	0
p2(a42)	p2(X7) :- p2(X7)	0
p0(X20, X90, X60)	p0(X20, a11, X2)	0
p9(X37)	p9(a67)	0
p0(X29, X99, X69)	p0(X29, a98, a19)	0
p4(X28, X98, X98)	p4(X28, a0, a0)	0
p0(X213, X913, X613)	p0(X213, a11, a19)	0
p1(a20, X92, X52)	p1(a20, X11, a15)	0
p3(a5, X0)	p3(X5, X9) :- p1(a20, X9, X5), p8(X5)	0
p5(X20)	p5(a49)	0
p1(X30, X30, X30)	p1(a12, a12, a12)	0
p2(a92)	p2(X7) :- p2(X7)	0
p9(X90)	p9(a98)	0
p3(a1, X0)	p3(X4, a15) :- p2(X4), p5(X4)	0
p0(X20, X90, X60)	p0(X20, a81, X2)	0
p1(X310, X310, X310)	p1(a49, a49, a49)	0
p2(a65)	p2(X7) :- p2(X7)	0
p1(a20, X96, X56)	p1(a20, a78, a10)	0
p3(a92, X0)	p3(X4, a15) :- p2(X4), p5(X4)	0
p5(X411)	p5(a49)	0
p1(X32, X32, X32)	p1(a31, a31, a31)	0
p0(X212, X912, X612)	p0(X212, a88, a19)	0
p5(X7)	p5(a5)	0
p1(a20, X913, X513)	p1(a20, a78, a52)	0
p1(a20, X912, X512)	p1(a20, X110, a0)	0
p2(a0)	p2(X7) :- p2(X7)	0
p4(X111, X111, a1)	p4(a2, a2, a1)	0
p1(a20, X96, X56)	p1(a20, a59, a59)	0
p9(X37)	p9(a79)	0
p5(X6)	p5(a9)	0
p9(X34)	p9(a50)	0
p4(X12, X12, a1)	p4(a65, a65, a1)	0
p1(X313, X313, X313)	p1(a10, a10, a10)	0
p5(X1)	p5(a8)	0
p4(X12, X12, a1)	p4(a50, a50, a1)	0
p4(X28, X98, X98)	p4(X28, a4, a4)	0
p1(X35, X35, X35)	p1(a18, a18, a18)	0
p1(a20, X94, X54)	p1(a20, a78, a34)	0
p3(a83, X0)	p3(X5, X9) :- p1(a20, X9, X5), p8(X5)	0
p5(X0)	p5(a42)	0
p1(X33, X33, X33)	p1(a48, a48, a48)	0
p5(X20)	p5(a96)	0
p3(a3, X0)	p3(X5, X9) :- p1(a20, X9, X5), p8(X5)	0
p1(a20, X94, X54)	p1(a20, X02, a0)	0
p9(X3)	p9(a98)	0
p1(X313, X313, X313)	p1(a52, a52, a52)	0
p0(X27, X97, X67)	p0(X27, a11, a19)	0
p0(X25, X95, X65)	p0(X25, a11, a19)	0
p0(X22, X92, X62)	p0(X22, a21, a19)	0
p0(X5, X6, X5)	p0(a10, a0, X6) :- p2(X6), p3(X6, X6)	0
p6(a49, a49)	p6(X2, X2) :- p0(X2, X0, X9)	0
p1(X34, X34, X34)	p1(a79, a79, a79)	0
p5(X21)	p5(a50)	0
p3(a21, a78)	p3(X5, X9) :- p1(a20, X9, X5), p8(X5)	0
p5(X40)	p5(a52)	0
p1(a87, a87, a87)	p1(a87, a87, a87)	0
p9(X4)	p9(a24)	0
p9(X34)	p9(a96)	0
p1(X6, X6, X6)	p1(a88, a88, a88)	0
p0(X213, X913, X613)	p0(X213, a10, a19)	0
p1(a20, X94, X54)	p1(a20, a24, a24)	0
p5(X7)	p5(a64)	0
p3(a9, X0)	p3(X4, a15) :- p2(X4), p5(X4)	0
p6(X8, X8)	p6(a19, X6) :- p7(X6), p8(X6)	0
p3(a83, a83)	p3(X5, X9) :- p1(a20, X9, X5), p8(X5)	0
p5(X45)	p5(a90)	0
p5(X20)	p5(a52)	0
p5(X6)	p5(a15)	0
p4(X21, X91, X91)	p4(X21, a57, a57)	0
p0(X23, X93, X63)	p0(X23, a27, a19)	0
p0(X212, X912, X612)	p0(X212, a56, a19)	0
p5(X410)	p5(a83)	0
p4(X11, X11, a1)	p4(a17, a17, a1)	0
p4(X26, X96, X96)	p4(X26, a11, a11)	0
p3(X0, a14)	p3(X5, X9) :- p1(a20, X9, X5), p8(X5)	0
p4(X11, X11, a1)	p4(a68, a68, a1)	0
p0(X212, X912, X612)	p0(X212, a61, a19)	0
p1(a20, X93, X53)	p1(a20, a28, a28)	0
p1(X38, X38, X38)	p1(a52, a52, a52)	0
p5(X9)	p5(a17)	0
p2(a14)	p2(X6) :- p3(X6, a78), p5(X6)	0
p9(X1)	p9(a88)	0
p4(X212, X912, X912)	p4(X212, a4, a4)	0
p3(a2, X0)	p3(X5, X9) :- p1(a20, X9, X5), p8(X5)	0
p9(X34)	p9(a41)	0
p5(X43)	p5(a17)	0
p0(X211, X911, X611)	p0(X211, a19, a19)	0
p4(X12, X12, a1)	p4(a0, a0, a1)	0
p0(X29, X99, X69)	p0(X29, a10, a19)	0
p1(a20, X95, X55)	p1(a20, X14, a10)	0
p9(a24)	p9(a24)	0
p4(X20, X90, X90)	p4(a20, a0, a0)	0
p5(X7)	p5(a52)	0
p1(X6, X6, X6)	p1(a24, a24, a24)	0
p9(X9)	p9(a27)	0
p1(a20, X96, X56)	p1(a20, a52, a52)	0
p3(a75, X0)	p3(X4, a15) :- p2(X4), p5(X4)	0
p5(X6)	p5(a14)	0
p6(a12, a12)	p6(X2, X2) :- p0(X2, X0, X9)	0
p0(X25, X95, X65)	p0(X25, a19, a19)	0
p1(a61, a61, a61)	p1(a61, a61, a61)	0
p5(X7)	p5(a69)	0
p0(a19, X0, X1)	p0(X3, a2, X3) :- p6(X3, X3), p2(X3)	0
p9(X91)	p9(a95)	0
p9(X32)	p9(a35)	0
p5(X45)	p5(a42)	0
p3(a19, X0)	p3(X4, a15) :- p2(X4), p5(X4)	0
p1(X33, X33, X33)	p1(a49, a49, a49)	0
p1(X30, X30, X30)	p1(a38, a38, a38)	0
p3(X9, X0)	p3(X5, X9) :- p1(a20, X9, X5), p8(X5)	0
p5(X5)	p5(a41)	0
p5(X91)	p5(a83)	0
p4(X24, X94, X94)	p4(a20, a0, a0)	0
p4(X16, X16, a1)	p4(a84, a84, a1)	0
p9(X5)	p9(a98)	0
p2(a15)	p2(X8) :- p9(X8)	0
p5(X0)	p5(a40)	0
p1(a20, X90, X50)	p1(a20, a84, a52)	0
p1(a20, X94, X54)	p1(a20, a78, a24)	0
p5(X0)	p5(a83)	0
p5(X7)	p5(a38)	0
p4(X10, X10, a1)	p4(a19, a19, a1)	0
p6(a1, a1)	p6(X2, X2) :- p0(X2, X0, X9)	0
p4(X28, X98, X98)	p4(X28, a27, a27)	0
p4(X24, X94, X94)	p4(X24, a0, a0)	0
p1(a20, X97, X57)	p1(a20, X16, a30)	0
p1(a20, X97, X57)	p1(a20, a78, a52)	0
p1(X35, X35, X35)	p1(a38, a38, a38)	0
p2(a22)	p2(X6) :- p3(X6, a78), p5(X6)	0
p1(X36, X36, X36)	p1(a12, a12, a12)	0
p1(a20, X913, X513)	p1(a20, a78, a19)	0
p1(X33, X33, X33)	p1(a69, a69, a69)	0
p1(a20, X911, X511)	p1(a20, X19, a87)	0
p1(a20, X94, X54)	p1(a20, X13, a87)	0
p1(X90, X90, X90)	p1(a61, a61, a61)	0
p0(X28, X98, X68)	p0(X28, a61, a19)	0
p3(a49, a78)	p3(X5, X9) :- p1(a20, X9, X5), p8(X5)	0
p1(a20, X93, X53)	p1(a20, X12, a15)	0
p1(X9, X9, X9)	p1(a0, a0, a0)	0
p6(a92, X610)	p6(a92, a19)	0
p1(a20, X93, X53)	p1(a20, X01, a0)	0
p5(X20)	p5(a14)	0
p1(a88, a88, a88)	p1(a88, a88, a88)	0
p4(X21, X91, X91)	p4(X21, a10, a10)	0
p1(X5, X5, X5)	p1(a88, a88, a88)	0
p1(a20, X94, X54)	p1(a20, X13, a42)	0
p1(a20, X93, X53)	p1(a20, X12, a24)	0
p4(X20, X90, X90)	p4(a47, a61, a61)	0
p4(X15, X15, a1)	p4(a50, a50, a1)	0
p4(X110, X110, a1)	p4(a0, a0, a1)	0
p0(X1, X0, X2)	p0(a45, a85, a30) :- p8(X5)	0
p1(X34, X34, X34)	p1(a73, a73, a73)	0
p1(a20, X95, X55)	p1(a20, X03, a19)	0
p1(a20, X97, X57)	p1(a20, X16, a42)	0
p1(a20, X92, X52)	p1(a20, X10, a1)	0
p1(X313, X313, X313)	p1(a61, a61, a61)	0
p1(X33, X33, X33)	p1(a31, a31, a31)	0
p1(X1, X1, X1)	p1(a27, a27, a27)	0
p6(a73, a73)	p6(X2, X2) :- p0(X2, X0, X9)	0
p1(a0, a0, a0)	p1(a0, a0, a0)	0
p6(a92, X63)	p6(a92, a19)	0
p4(X26, X96, X96)	p4(X26, a0, a0)	0
p1(a20, X94, X54)	p1(a20, X13, a15)	0
p1(a20, X94, X54)	p1(a20, a18, a18)	0
p0(X212, X912, X612)	p0(X212, a98, a19)	0
p2(a83)	p2(X8) :- p9(X8)	0
p2(a23)	p2(X3) :- p4(X1, X1, a1), p9(X3), p3(X3, X1), p1(X3, X3, X3)	0
p7(a19)	p7(X2) :- p5(X2), p3(X2, X0)	0
p1(a20, X910, X510)	p1(a20, a78, a87)	0
p0(X23, X93, X63)	p0(X23, a10, a19)	0
p1(a20, X95, X55)	p1(a20, a19, a19)	0
p9(X4)	p9(a27)	0
p5(X91)	p5(a64)	0
p0(X29, X99, X69)	p0(X29, a27, a19)	0
p1(a20, X97, X57)	p1(a20, a1, a1)	0
p5(X90)	p5(a49)	0
p0(X27, X97, X67)	p0(X27, a1, a19)	0
p1(a20, X94, X54)	p1(a20, a78, a10)	0
p2(X4)	p2(X6) :- p3(X6, a78), p5(X6)	0
p5(a9)	p5(a9)	0
p4(X24, X94, X94)	p4(X24, a88, a88)	0
p2(a88)	p2(X8) :- p9(X8)	0
p6(a0, a0)	p6(X2, X2) :- p0(X2, X0, X9)	0
p3(X6, X0)	p3(X4, a15) :- p2(X4), p5(X4)	0
p1(a20, X98, X58)	p1(a20, X07, a19)	0
p0(X24, X94, X64)	p0(X24, a98, a19)	0
p0(X211, X911, X611)	p0(X211, a57, a19)	0
p9(X33)	p9(a67)	0
p1(a20, X911, X511)	p1(a20, a78, a52)	0
p4(X21, X91, X91)	p4(X21, a56, a56)	0
p0(X0, X1, a29)	p0(a10, a0, X6) :- p2(X6), p3(X6, X6)	0
p0(X28, X98, X68)	p0(X28, a43, a19)	0
p2(a12)	p2(X3) :- p4(X1, X1, a1), p9(X3), p3(X3, X1), p1(X3, X3, X3)	0
p6(a42, a42)	p6(X2, X2) :- p0(X2, X0, X9)	0
p1(X9, X9, X9)	p1(a15, a15, a15)	0
p5(X47)	p5(a42)	0
p1(a20, X99, X59)	p1(a20, a78, a10)	0
p1(a20, X912, X512)	p1(a20, X111, a52)	0
p1(a20, X99, X59)	p1(a20, a78, a42)	0
p4(X11, X11, a1)	p4(a14, a14, a1)	0
p3(a40, X0)	p3(X5, X9) :- p1(a20, X9, X5), p8(X5)	0
p1(X34, X34, X34)	p1(a18, a18, a18)	0
p1(a20, X95, X55)	p1(a20, a78, a15)	0
p5(X0)	p5(a73)	0
p5(X4)	p5(a83)	0
p0(X211, X911, X611)	p0(X211, a11, a19)	0
p5(X90)	p5(a65)	0
p1(X34, X34, X34)	p1(a21, a21, a21)	0
p0(X20, X90, X60)	p0(X20, a27, X2)	0
p5(X40)	p5(a40)	0
p0(X28, X98, X68)	p0(X28, a19, a19)	0
p1(X31, X31, X31)	p1(a8, a8, a8)	0
p1(a20, X912, X512)	p1(a20, a78, a10)	0
p3(a43, a78)	p3(X5, X9) :- p1(a20, X9, X5), p8(X5)	0
p0(X22, X92, X62)	p0(X22, a56, a19)	0
p6(a92, X8)	p6(X2, X2) :- p0(X2, X0, X9)	0
p1(X1, X1, X1)	p1(a87, a87, a87)	0
p7(X6)	p7(X6) :- p5(X9), p0(X2, X9, X6), p4(X2, X9, X9), p6(a92, X6)	0
p4(X16, X16, a1)	p4(a65, a65, a1)	0
p0(X23, X93, X63)	p0(X23, a56, a19)	0
p1(a20, X98, X58)	p1(a20, a19, a19)	0
p4(X16, X16, a1)	p4(a50, a50, a1)	0
p0(X213, X913, X613)	p0(X213, a27, a19)	0
p1(X32, X32, X32)	p1(a86, a86, a86)	0
p7(a15)	p7(X6) :- p5(X9), p0(X2, X9, X6), p4(X2, X9, X9), p6(a92, X6)	0
p0(X212, X912, X612)	p0(X212, a10, a19)	0
p5(X2)	p5(a64)	0
p5(X45)	p5(a17)	0
p2(a26)	p2(X3) :- p4(X1, X1, a1), p9(X3), p3(X3, X1), p1(X3, X3, X3)	0
p5(X20)	p5(a18)	0
p8(X60)	p8(a13)	0
p5(X90)	p5(a52)	0
p2(a2)	p2(X6) :- p3(X6, a78), p5(X6)	0
p6(a45, a45)	p6(X2, X2) :- p0(X2, X0, X9)	0
p5(X1)	p5(a17)	0
p2(a42)	p2(X6) :- p3(X6, a78), p5(X6)	0
p4(X12, X12, a1)	p4(a2, a2, a1)	0
p9(X31)	p9(a52)	0
p5(X43)	p5(a52)	0
p5(X42)	p5(a49)	0
p1(X91, X91, X91)	p1(a27, a27, a27)	0
p9(a95)	p9(a95)	0
p1(a20, X93, X53)	p1(a20, a78, a34)	0
p0(X26, X96, X66)	p0(X26, a61, a19)	0
p5(X411)	p5(a12)	0
p1(X312, X312, X312)	p1(a52, a52, a52)	0
p1(a20, X99, X59)	p1(a20, a78, a0)	0
p4(X22, X92, X92)	p4(X22, a0, a0)	0
p0(X26, X96, X66)	p0(X26, a19, a19)	0
p4(X110, X110, a1)	p4(X110, X110, a1)	0
p1(a20, X94, X54)	p1(a20, X13, a3)	0
p3(a90, a90)	p3(X5, X9) :- p1(a20, X9, X5), p8(X5)	0
p2(X8)	p2(X8) :- p9(X8)	0
p0(X27, X97, X67)	p0(X27, a10, a19)	0
p8(a27)	p8(a27)	0
p0(X9, X0, X1)	p0(X3, a2, X3) :- p6(X3, X3), p2(X3)	0
p1(a20, X96, X56)	p1(a20, a19, a19)	0
p2(a27)	p2(X3) :- p4(X1, X1, a1), p9(X3), p3(X3, X1), p1(X3, X3, X3)	0
p1(X31, X31, X31)	p1(a73, a73, a73)	0
p2(a52)	p2(X3) :- p4(X1, X1, a1), p9(X3), p3(X3, X1), p1(X3, X3, X3)	0
p1(a20, X93, X53)	p1(a20, X12, a52)	0
p4(X17, X17, a1)	p4(X17, X17, a1)	0
p0(X213, X913, X613)	p0(X213, a1, a19)	0
p4(X14, X14, a1)	p4(a0, a0, a1)	0
p1(X35, X35, X35)	p1(a16, a16, a16)	0
p1(X33, X33, X33)	p1(a10, a10, a10)	0
p5(X3)	p5(a14)	0
p5(X41)	p5(a41)	0
p1(X36, X36, X36)	p1(a35, a35, a35)	0
p2(a29)	p2(X8) :- p9(X8)	0
p1(X36, X36, X36)	p1(a75, a75, a75)	0
p5(X2)	p5(a38)	0
p5(X4)	p5(a73)	0
p3(a27, X0)	p3(X5, X9) :- p1(a20, X9, X5), p8(X5)	0
p5(X3)	p5(a42)	0
p4(X112, X112, a1)	p4(X112, X112, a1)	0
p1(a20, X912, X512)	p1(a20, a78, a0)	0
p1(X2, X2, X2)	p1(a10, a10, a10)	0
p3(a5, a5)	p3(X5, X9) :- p1(a20, X9, X5), p8(X5)	0
p2(a26)	p2(X7) :- p2(X7)	0
p9(a88)	p9(a88)	0
p1(X6, X6, X6)	p1(a57, a57, a57)	0
p1(X30, X30, X30)	p1(a10, a10, a10)	0
p1(a20, X93, X53)	p1(a20, X02, a30)	0
p0(X213, X913, X613)	p0(X213, a88, a19)	0
p5(X90)	p5(a74)	0
p1(X33, X33, X33)	p1(a52, a52, a52)	0
p5(X7)	p5(a49)	0
p4(X28, X98, X98)	p4(X28, a43, a43)	0
p4(X22, X92, X92)	p4(X22, a27, a27)	0
p2(a31)	p2(X6) :- p3(X6, a78), p5(X6)	0
p1(a20, X97, X57)	p1(a20, a78, a34)	0
p0(X24, X94, X64)	p0(X24, a43, a19)	0
p5(a73)	p5(a73)	0
p2(a30)	p2(X3) :- p4(X1, X1, a1), p9(X3), p3(X3, X1), p1(X3, X3, X3)	0
p5(X413)	p5(a52)	0
p5(X90)	p5(a14)	0
p1(X35, X35, X35)	p1(a10, a10, a10)	0
p1(X91, X91, X91)	p1(a87, a87, a87)	0
p4(X14, X14, a1)	p4(a7, a7, a1)	0
p1(X2, X2, X2)	p1(a87, a87, a87)	0
p3(a87, a78)	p3(X5, X9) :- p1(a20, X9, X5), p8(X5)	0
p3(a65, a78)	p3(X5, X9) :- p1(a20, X9, X5), p8(X5)	0
p5(X5)	p5(a12)	0
p1(X31, X31, X31)	p1(a67, a67, a67)	0
p0(X22, X92, X62)	p0(X22, a43, a19)	0
p1(X91, X91, X91)	p1(a98, a98, a98)	0
p2(a92)	p2(X8) :- p9(X8)	0
p0(X212, X912, X612)	p0(X212, a19, a19)	0
p1(X1, X1, X1)	p1(a61, a61, a61)	0
p0(a27, X0, X1)	p0(X3, a2, X3) :- p6(X3, X3), p2(X3)	0
p0(X6, X0, X1)	p0(a10, a0, X6) :- p2(X6), p3(X6, X6)	0
p2(a52)	p2(X7) :- p2(X7)	0
p3(a29, X0)	p3(X5, X9) :- p1(a20, X9, X5), p8(X5)	0
p5(X2)	p5(a73)	0
p1(a20, X93, X53)	p1(a20, a78, a24)	0
p1(a20, X94, X54)	p1(a20, X12, a10)	0
p3(X0, X1)	p3(X5, X9) :- p1(a20, X9, X5), p8(X5)	0
p2(X0)	p2(X6) :- p3(X6, a78), p5(X6)	0
p1(X313, X313, X313)	p1(a8, a8, a8)	0
p6(a10, a10)	p6(X2, X2) :- p0(X2, X0, X9)	0
p5(X412)	p5(a49)	0
p9(X31)	p9(a96)	0
p4(X11, X11, a1)	p4(a1, a1, a1)	0
p8(X60)	p8(a44)	0
p4(X26, X96, X96)	p4(X26, a21, a21)	0
p0(X4, X0, X1)	p0(a45, a85, a30) :- p8(X5)	0
p1(X90, X90, X90)	p1(a57, a57, a57)	0
p4(X23, X93, X93)	p4(X23, a21, a21)	0
p1(a27, a27, a27)	p1(a27, a27, a27)	0
p1(a20, X92, X52)	p1(a20, a28, a28)	0
p5(a87)	p5(a87)	0
p9(X35)	p9(a96)	0
p1(a20, X95, X55)	p1(a20, a78, a19)	0
p6(a92, X66)	p6(a92, a19)	0
p1(a20, X92, X52)	p1(a20, a34, a34)	0
p5(X3)	p5(a40)	0
p5(X44)	p5(a40)	0
p0(X24, X94, X64)	p0(X24, a1, a19)	0
p9(X90)	p9(a95)	0
p1(a20, X95, X55)	p1(a20, X14, a42)	0
p1(X32, X32, X32)	p1(a96, a96, a96)	0
p0(X22, X92, X62)	p0(X22, a95, a19)	0
p0(a45, X0, X1)	p0(X3, a2, X3) :- p6(X3, X3), p2(X3)	0
p5(X4)	p5(a90)	0
p1(X36, X36, X36)	p1(a5, a5, a5)	0
p3(a0, a78)	p3(X5, X9) :- p1(a20, X9, X5), p8(X5)	0
p9(X32)	p9(a67)	0
p0(a45, X0, X1)	p0(a45, a85, a30) :- p8(X5)	0
p4(X23, X93, X93)	p4(X23, a81, a81)	0
p1(X312, X312, X312)	p1(a61, a61, a61)	0
p3(a12, a78)	p3(X5, X9) :- p1(a20, X9, X5), p8(X5)	0
p3(a73, X0)	p3(X4, a15) :- p2(X4), p5(X4)	0
p1(X92, X92, X92)	p1(a10, a10, a10)	0
p1(X31, X31, X31)	p1(a5, a5, a5)	0
p1(a20, X94, X54)	p1(a20, X13, a28)	0
p3(a50, X0)	p3(X5, X9) :- p1(a20, X9, X5), p8(X5)	0
p5(X6)	p5(a64)	0
p1(X33, X33, X33)	p1(a1, a1, a1)	0
p0(X20, X90, X60)	p0(X20, a57, X2)	0
p1(a20, X95, X55)	p1(a20, a10, a10)	0
p4(X15, X15, a1)	p4(a35, a35, a1)	0
p1(a20, X93, X53)	p1(a20, a18, a18)	0
p9(X35)	p9(a31)	0
p1(a20, X90, X50)	p1(a20, X5, a34)	0
p5(X1)	p5(a64)	0
p1(a20, X95, X55)	p1(a20, a78, a1)	0
p4(X22, X92, X92)	p4(X22, a95, a95)	0
p5(X90)	p5(a40)	0
p1(a20, X93, X53)	p1(a20, a78, a10)	0
p2(a9)	p2(X3) :- p4(X1, X1, a1), p9(X3), p3(X3, X1), p1(X3, X3, X3)	0
p6(a92, X2)	p6(a92, a21)	0
p9(X3)	p9(a95)	0
p4(X25, X95, X95)	p4(X25, a95, a95)	0
p4(X22, X92, X92)	p4(X22, a4, a4)	0
p1(X34, X34, X34)	p1(a41, a41, a41)	0
p1(a20, X90, X50)	p1(a20, a84, a24)	0
p3(a43, X0)	p3(X4, a15) :- p2(X4), p5(X4)	0
p1(a20, X99, X59)	p1(a20, X07, a19)	0
p1(a20, X95, X55)	p1(a20, a78, a28)	0
p3(a17, X0)	p3(X4, a15) :- p2(X4), p5(X4)	0
p3(a95, a95)	p3(X5, X9) :- p1(a20, X9, X5), p8(X5)	0
p1(a20, X94, X54)	p1(a20, a78, a3)	0
p5(X49)	p5(a42)	0
p1(a20, X91, X51)	p1(a20, X10, a24)	0
p3(a8, a78)	p3(X5, X9) :- p1(a20, X9, X5), p8(X5)	0
p2(a61)	p2(X6) :- p3(X6, a78), p5(X6)	0
p2(a90)	p2(X3) :- p4(X1, X1, a1), p9(X3), p3(X3, X1), p1(X3, X3, X3)	0
p1(X33, X33, X33)	p1(a61, a61, a61)	0
p0(X7, X6, X7)	p0(a10, a0, X6) :- p2(X6), p3(X6, X6)	0
p5(X40)	p5(a42)	0
p4(X23, X93, X93)	p4(X23, a98, a98)	0
p1(a20, X98, X58)	p1(a20, a78, a19)	0
p0(X0, X1, a42)	p0(X3, a2, X3) :- p6(X3, X3), p2(X3)	0
p4(X212, X912, X912)	p4(X212, a24, a24)	0
p5(X5)	p5(a8)	0
p3(X6, a78)	p3(X5, X9) :- p1(a20, X9, X5), p8(X5)	0
p1(X33, X33, X33)	p1(a9, a9, a9)	0
p1(a20, X94, X54)	p1(a20, X03, a19)	0
p4(X26, X96, X96)	p4(X26, a43, a43)	0
p4(X25, X95, X95)	p4(a20, a0, a0)	0
p2(X3)	p2(X3) :- p4(X1, X1, a1), p9(X3), p3(X3, X1), p1(X3, X3, X3)	0
p1(a20, X92, X52)	p1(a20, X01, a0)	0
p0(X22, X92, X62)	p0(X22, a19, a19)	0
p1(a20, X95, X55)	p1(a20, X13, a1)	0
p0(X25, X95, X65)	p0(X25, a1, a19)	0
p0(X0, X1, a24)	p0(X3, a2, X3) :- p6(X3, X3), p2(X3)	0
p6(a64, a64)	p6(X2, X2) :- p0(X2, X0, X9)	0
p5(X20)	p5(a42)	0
p6(a92, X612)	p6(a92, a19)	0
p9(X31)	p9(a86)	0
p3(a69, a69)	p3(X5, X9) :- p1(a20, X9, X5), p8(X5)	0
p5(X20)	p5(a67)	0
p1(a20, X96, X56)	p1(a20, X15, a3)	0
p5(X91)	p5(a65)	0
p1(a20, X94, X54)	p1(a20, a19, a19)	0
p1(X30, X30, X30)	p1(a35, a35, a35)	0
p5(X91)	p5(a12)	0
p5(X7)	p5(a14)	0
p4(X22, X92, X92)	p4(X22, a10, a10)	0
p1(X36, X36, X36)	p1(a29, a29, a29)	0
p1(X34, X34, X34)	p1(a16, a16, a16)	0
p9(X5)	p9(a24)	0
p4(X16, X16, a1)	p4(a2, a2, a1)	0
p3(a52, a52)	p3(X5, X9) :- p1(a20, X9, X5), p8(X5)	0
p0(X0, X1, a19)	p0(a10, a0, X6) :- p2(X6), p3(X6, X6)	0
p0(X0, a0, X2)	p0(a10, a0, X6) :- p2(X6), p3(X6, X6)	0
p1(a20, X99, X59)	p1(a20, a19, a19)	0
p1(a20, X95, X55)	p1(a20, a78, a87)	0
p0(X20, X90, X60)	p0(X20, a88, X2)	0
p3(a14, a78)	p3(X5, X9) :- p1(a20, X9, X5), p8(X5)	0
p5(X0)	p5(a15)	0
p0(X212, X912, X612)	p0(X212, a27, a19)	0
p1(X35, X35, X35)	p1(a35, a35, a35)	0
p3(X9, a78)	p3(X5, X9) :- p1(a20, X9, X5), p8(X5)	0
p1(a20, X96, X56)	p1(a20, a78, a19)	0
p1(a20, X95, X55)	p1(a20, a24, a24)	0
p2(a90)	p2(X7) :- p2(X7)	0
p9(X5)	p9(a95)	0
p1(X6, X6, X6)	p1(a10, a10, a10)	0
p0(a1, X0, X1)	p0(X3, a2, X3) :- p6(X3, X3), p2(X3)	0
p7(X8)	p7(X6) :- p5(X9), p0(X2, X9, X6), p4(X2, X9, X9), p6(a92, X6)	0
p9(X91)	p9(a27)	0
p2(a22)	p2(X8) :- p9(X8)	0
p1(a20, X913, X513)	p1(a20, X112, a19)	0
p1(a20, X99, X59)	p1(a20, a78, a15)	0
p2(X3)	p2(X7) :- p2(X7)	0
p1(a10, a10, a10)	p1(a10, a10, a10)	0
p1(a20, X97, X57)	p1(a20, a78, a1)	0
p0(X27, X97, X67)	p0(X27, a56, a19)	0
p1(a20, X95, X55)	p1(a20, X14, a24)	0
p9(X32)	p9(a18)	0
p3(X4, X0)	p3(X4, a15) :- p2(X4), p5(X4)	0
p1(X30, X30, X30)	p1(a0, a0, a0)	0
p1(a20, X94, X54)	p1(a20, X12, a0)	0
p1(a20, X97, X57)	p1(a20, X16, a28)	0
p2(a15)	p2(X6) :- p3(X6, a78), p5(X6)	0
p5(X40)	p5(a83)	0
p5(X43)	p5(a65)	0
p5(X413)	p5(a12)	0
p1(a20, X94, X54)	p1(a20, X12, a87)	0
p9(X34)	p9(a79)	0
p9(X35)	p9(a35)	0
p4(X13, X13, a1)	p4(a19, a19, a1)	0
p1(X0, X0, X0)	p1(a57, a57, a57)	0
p4(X25, X95, X95)	p4(X25, a81, a81)	0
p1(X30, X30, X30)	p1(a50, a50, a50)	0
p1(a20, X94, X54)	p1(a20, X13, a59)	0
p1(X37, X37, X37)	p1(a5, a5, a5)	0
p2(X9)	p2(X3) :- p4(X1, X1, a1), p9(X3), p3(X3, X1), p1(X3, X3, X3)	0
p1(X35, X35, X35)	p1(a0, a0, a0)	0
p1(a20, X910, X510)	p1(a20, a78, a0)	0
p3(a69, a78)	p3(X5, X9) :- p1(a20, X9, X5), p8(X5)	0
p9(X91)	p9(a57)	0
p3(a49, X0)	p3(X4, a15) :- p2(X4), p5(X4)	0
p1(X37, X37, X37)	p1(a87, a87, a87)	0
p3(X2, X0)	p3(X5, X9) :- p1(a20, X9, X5), p8(X5)	0
p1(a20, X99, X59)	p1(a20, X18, a10)	0
p5(X6)	p5(a17)	0
p1(a20, X98, X58)	p1(a20, X17, a0)	0
p9(X0)	p9(a24)	0
p5(X7)	p5(a40)	0
p7(X2)	p7(X6) :- p5(X9), p0(X2, X9, X6), p4(X2, X9, X9), p6(a92, X6)	0
p2(X6)	p2(X6) :- p3(X6, a78), p5(X6)	0
p4(X111, X111, a1)	p4(a0, a0, a1)	0
p1(X35, X35, X35)	p1(a50, a50, a50)	0
p4(X23, X93, X93)	p4(X23, a11, a11)	0
p2(X4)	p2(X8) :- p9(X8)	0
p0(X22, X92, X62)	p0(X22, a81, a19)	0
p1(X90, X90, X90)	p1(a10, a10, a10)	0
p4(X20, X90, X90)	p4(a23, a21, a21)	0
p3(a12, X0)	p3(X5, X9) :- p1(a20, X9, X5), p8(X5)	0
p5(X91)	p5(a74)	0
p7(a87)	p7(X6) :- p5(X9), p0(X2, X9, X6), p4(X2, X9, X9), p6(a92, X6)	0
p1(a20, X97, X57)	p1(a20, a78, a87)	0
p5(X41)	p5(a17)	0
p4(X18, X18, a1)	p4(X18, X18, a1)	0
p6(a83, a83)	p6(X2, X2) :- p0(X2, X0, X9)	0
p5(X4)	p5(a12)	0
p5(X91)	p5(a8)	0
p5(X2)	p5(a52)	0
p7(X7)	p7(X6) :- p5(X9), p0(X2, X9, X6), p4(X2, X9, X9), p6(a92, X6)	0
p4(X27, X97, X97)	p4(X27, a1, a1)	0
p1(a20, X93, X53)	p1(a20, X02, a19)	0
p0(X213, X913, X613)	p0(X213, a61, a19)	0
p0(X0, X1, a42)	p0(a10, a0, X6) :- p2(X6), p3(X6, X6)	0
p4(X12, X12, a1)	p4(a35, a35, a1)	0
p5(X21)	p5(a16)	0
p1(X1, X1, X1)	p1(a57, a57, a57)	0
p2(a75)	p2(X3) :- p4(X1, X1, a1), p9(X3), p3(X3, X1), p1(X3, X3, X3)	0
p4(X212, X912, X912)	p4(a20, a0, a0)	0
p0(X28, X98, X68)	p0(X28, a21, a19)	0
p6(a17, a17)	p6(X2, X2) :- p0(X2, X0, X9)	0
p1(a20, X93, X53)	p1(a20, X12, a10)	0
p1(a20, X911, X511)	p1(a20, X110, a87)	0
p6(a92, X68)	p6(a92, a19)	0
p3(a4, X0)	p3(X4, a15) :- p2(X4), p5(X4)	0
p5(X91)	p5(a50)	0
p5(X42)	p5(a41)	0
p1(a20, X96, X56)	p1(a20, a24, a24)	0
p5(X20)	p5(a17)	0
p3(a15, X0)	p3(X4, a15) :- p2(X4), p5(X4)	0
p5(X90)	p5(a90)	0
p5(X44)	p5(a42)	0
p4(X17, X17, a1)	p4(a35, a35, a1)	0
p0(X29, X99, X69)	p0(X29, a57, a19)	0
p0(X0, X1, X7)	p0(X3, a2, X3) :- p6(X3, X3), p2(X3)	0
p1(X38, X38, X38)	p1(a12, a12, a12)	0
p0(X24, X94, X64)	p0(X24, a27, a19)	0
p1(a20, X92, X52)	p1(a20, X11, a3)	0
p2(X2)	p2(X7) :- p2(X7)	0
p9(X34)	p9(a18)	0
p3(X7, a78)	p3(X5, X9) :- p1(a20, X9, X5), p8(X5)	0
p2(a8)	p2(X6) :- p3(X6, a78), p5(X6)	0
p2(a20)	p2(X6) :- p3(X6, a78), p5(X6)	0
p4(X28, X98, X98)	p4(X28, a10, a10)	0
p3(a31, a78)	p3(X5, X9) :- p1(a20, X9, X5), p8(X5)	0
p9(X90)	p9(a88)	0
p0(a15, X0, X1)	p0(X3, a2, X3) :- p6(X3, X3), p2(X3)	0
p1(X5, X5, X5)	p1(a98, a98, a98)	0
p1(X38, X38, X38)	p1(a10, a10, a10)	0
p0(X0, X1, X2)	p0(a10, a0, X6) :- p2(X6), p3(X6, X6)	0
p9(X6)	p9(a98)	0
p4(X25, X95, X95)	p4(X25, a11, a11)	0
p4(X24, X94, X94)	p4(X24, a57, a57)	0
p2(a2)	p2(X8) :- p9(X8)	0
p4(X110, X110, a1)	p4(a2, a2, a1)	0
p1(a20, X97, X57)	p1(a20, X16, a87)	0
p2(a81)	p2(X6) :- p3(X6, a78), p5(X6)	0
p1(X312, X312, X312)	p1(a49, a49, a49)	0
p6(a92, X61)	p6(a92, a19)	0
p4(X24, X94, X94)	p4(X24, a27, a27)	0
p7(a15)	p7(X2) :- p5(X2), p3(X2, X0)	0
p9(X34)	p9(a86)	0
p4(X22, X92, X92)	p4(X22, a98, a98)	0
p0(X23, X93, X63)	p0(X23, a98, a19)	0
p3(a20, X0)	p3(X4, a15) :- p2(X4), p5(X4)	0
p2(a75)	p2(X7) :- p2(X7)	0
p1(a20, X912, X512)	p1(a20, X111, a42)	0
p5(X9)	p5(a42)	0
p4(X21, X91, X91)	p4(a20, a0, a0)	0
p9(X32)	p9(a29)	0
p5(X43)	p5(a42)	0
p1(X32, X32, X32)	p1(a5, a5, a5)	0
p1(a20, X92, X52)	p1(a20, a78, a24)	0
p1(X32, X32, X32)	p1(a87, a87, a87)	0
p5(X2)	p5(a14)	0
p1(a24, a24, a24)	p1(a24, a24, a24)	0
p2(a95)	p2(X6) :- p3(X6, a78), p5(X6)	0
p9(X311)	p9(a52)	0
p3(a88, X0)	p3(X5, X9) :- p1(a20, X9, X5), p8(X5)	0
p9(X3)	p9(a88)	0
p1(a20, X94, X54)	p1(a20, a78, a19)	0
p1(a20, X910, X510)	p1(a20, X09, a19)	0
p1(a20, X92, X52)	p1(a20, X11, a30)	0
p4(X17, X17, a1)	p4(a14, a14, a1)	0
p1(a20, X98, X58)	p1(a20, a78, a10)	0
p0(a64, X0, X1)	p0(X3, a2, X3) :- p6(X3, X3), p2(X3)	0
p4(X14, X14, a1)	p4(a84, a84, a1)	0
p2(a45)	p2(X3) :- p4(X1, X1, a1), p9(X3), p3(X3, X1), p1(X3, X3, X3)	0
p9(X0)	p9(a27)	0
p5(X5)	p5(a17)	0
p5(X4)	p5(a8)	0
p2(a38)	p2(X3) :- p4(X1, X1, a1), p9(X3), p3(X3, X1), p1(X3, X3, X3)	0
p3(a95, X0)	p3(X4, a15) :- p2(X4), p5(X4)	0
p0(X213, X913, X613)	p0(X213, a57, a19)	0
p4(X27, X97, X97)	p4(X27, a57, a57)	0
p1(a20, X91, X51)	p1(a20, X10, a30)	0
p1(a20, X92, X52)	p1(a20, a78, a28)	0
p1(a20, X95, X55)	p1(a20, a3, a3)	0
p1(X2, X2, X2)	p1(a57, a57, a57)	0
p5(X91)	p5(a25)	0
p0(X25, X95, X65)	p0(X25, a61, a19)	0
p5(X20)	p5(a16)	0
p1(X34, X34, X34)	p1(a67, a67, a67)	0
p1(X39, X39, X39)	p1(a87, a87, a87)	0
p1(X36, X36, X36)	p1(a86, a86, a86)	0
p6(a92, X6)	p6(X2, X2) :- p0(X2, X0, X9)	0
p2(a31)	p2(X8) :- p9(X8)	0
p0(X22, X92, X62)	p0(X22, a88, a19)	0
p1(a20, X95, X55)	p1(a20, a15, a15)	0
p5(X1)	p5(a65)	0
p0(X28, X98, X68)	p0(X28, a56, a19)	0
p9(a19)	p9(a19)	0
p1(X6, X6, X6)	p1(a0, a0, a0)	0
p4(X27, X97, X97)	p4(X27, a21, a21)	0
p1(X5, X5, X5)	p1(a15, a15, a15)	0
p9(X9)	p9(a19)	0
p1(X31, X31, X31)	p1(a86, a86, a86)	0
p1(a20, X97, X57)	p1(a20, X16, a59)	0
p2(a69)	p2(X3) :- p4(X1, X1, a1), p9(X3), p3(X3, X1), p1(X3, X3, X3)	0
p3(a47, X0)	p3(X4, a15) :- p2(X4), p5(X4)	0
p2(a10)	p2(X6) :- p3(X6, a78), p5(X6)	0
p5(X44)	p5(a49)	0
p3(a14, X0)	p3(X4, a15) :- p2(X4), p5(X4)	0
p4(X21, X91, X91)	p4(a47, a61, a61)	0
p4(X13, X13, a1)	p4(a82, a82, a1)	0
p1(X34, X34, X34)	p1(a96, a96, a96)	0
p1(X0, X0, X0)	p1(a10, a10, a10)	0
p1(a20, X93, X53)	p1(a20, a0, a0)	0
p1(a20, X93, X53)	p1(a20, a78, a42)	0
p5(X5)	p5(a90)	0
p0(X27, X97, X67)	p0(X27, a61, a19)	0
p1(a20, X92, X52)	p1(a20, a78, a10)	0
p1(a20, X92, X52)	p1(a20, a78, a42)	0
p5(X9)	p5(a83)	0
p5(X41)	p5(a64)	0
p4(X210, X910, X910)	p4(X210, a81, a81)	0
p1(X32, X32, X32)	p1(a79, a79, a79)	0
p4(X16, X16, a1)	p4(a1, a1, a1)	0
p2(X0)	p2(X8) :- p9(X8)	0
p5(X43)	p5(a40)	0
p5(X43)	p5(a83)	0
p3(a42, a42)	p3(X5, X9) :- p1(a20, X9, X5), p8(X5)	0
p2(a5)	p2(X3) :- p4(X1, X1, a1), p9(X3), p3(X3, X1), p1(X3, X3, X3)	0
p1(a20, X92, X52)	p1(a20, a59, a59)	0
p1(a20, X93, X53)	p1(a20, a87, a87)	0
p1(a20, X93, X53)	p1(a20, X02, a3)	0
p5(X0)	p5(a9)	0
p9(X5)	p9(a88)	0
p0(X25, X95, X65)	p0(X25, a88, a19)	0
p2(a38)	p2(X7) :- p2(X7)	0
p1(a20, X94, X54)	p1(a20, X13, a1)	0
p9(X34)	p9(a52)	0
p0(X20, X90, X60)	p0(X20, a95, X2)	0
p5(X2)	p5(a40)	0
p0(a95, X0, X1)	p0(X3, a2, X3) :- p6(X3, X3), p2(X3)	0
p8(X60)	p8(a66)	0
p0(X25, X95, X65)	p0(X25, a21, a19)	0
p1(a95, a95, a95)	p1(a95, a95, a95)	0
p0(X23, X93, X63)	p0(X23, a43, a19)	0
p3(a64, X0)	p3(X5, X9) :- p1(a20, X9, X5), p8(X5)	0
p5(X44)	p5(a17)	0
p1(a20, X92, X52)	p1(a20, X01, a87)	0
p5(X41)	p5(a52)	0
p1(X5, X5, X5)	p1(a24, a24, a24)	0
p3(a56, X0)	p3(X5, X9) :- p1(a20, X9, X5), p8(X5)	0
p4(X23, X93, X93)	p4(X23, a56, a56)	0
p9(X312)	p9(a52)	0
p0(X24, X94, X64)	p0(X24, a88, a19)	0
p1(a20, X93, X53)	p1(a20, X12, a0)	0
p1(a20, X90, X50)	p1(a20, a84, a15)	0
p5(X20)	p5(a64)	0
p0(a17, X0, X1)	p0(X3, a2, X3) :- p6(X3, X3), p2(X3)	0
p2(X5)	p2(X3) :- p4(X1, X1, a1), p9(X3), p3(X3, X1), p1(X3, X3, X3)	0
p4(X10, X10, a1)	p4(a84, a84, a1)	0
p2(a69)	p2(X7) :- p2(X7)	0
p5(X91)	p5(a73)	0
p1(X1, X1, X1)	p1(a10, a10, a10)	0
p1(X34, X34, X34)	p1(a15, a15, a15)	0
p4(X15, X15, a1)	p4(a82, a82, a1)	0
p4(X17, X17, a1)	p4(a19, a19, a1)	0
p1(a15, a15, a15)	p1(a15, a15, a15)	0
p0(X22, X92, X62)	p0(X22, a1, a19)	0
p4(X210, X910, X910)	p4(X210, a1, a1)	0
p1(X36, X36, X36)	p1(a8, a8, a8)	0
p0(X24, X94, X64)	p0(X24, a56, a19)	0
p0(X5, X0, X1)	p0(a45, a85, a30) :- p8(X5)	0
p0(a9, X0, X1)	p0(X3, a2, X3) :- p6(X3, X3), p2(X3)	0
p2(a57)	p2(X3) :- p4(X1, X1, a1), p9(X3), p3(X3, X1), p1(X3, X3, X3)	0
p1(a20, X91, X51)	p1(a20, X10, a15)	0
p9(X37)	p9(a21)	0
p1(a20, X97, X57)	p1(a20, X16, a10)	0
p5(X90)	p5(a17)	0
p9(X39)	p9(a52)	0
p5(X5)	p5(a49)	0
p1(a20, X99, X59)	p1(a20, X17, a0)	0
p2(a11)	p2(X3) :- p4(X1, X1, a1), p9(X3), p3(X3, X1), p1(X3, X3, X3)	0
p1(X34, X34, X34)	p1(a69, a69, a69)	0
p2(a5)	p2(X7) :- p2(X7)	0
p4(X12, X12, a1)	p4(a68, a68, a1)	0
p4(X16, X16, a1)	p4(a35, a35, a1)	0
p0(X212, X912, X612)	p0(X212, a1, a19)	0
p9(X4)	p9(a19)	0
p4(X25, X95, X95)	p4(X25, a24, a24)	0
p5(X21)	p5(a15)	0
p9(X35)	p9(a16)	0
p4(X27, X97, X97)	p4(X27, a19, a19)	0
p0(X26, X96, X66)	p0(X26, a88, a19)	0
p4(X28, X98, X98)	p4(X28, a11, a11)	0
p3(a24, a78)	p3(X5, X9) :- p1(a20, X9, X5), p8(X5)	0
p1(a20, X96, X56)	p1(a20, X15, a0)	0
p1(X6, X6, X6)	p1(a19, a19, a19)	0
p1(a20, X93, X53)	p1(a20, a52, a52)	0
p1(a20, X96, X56)	p1(a20, a87, a87)	0
p4(X14, X14, a1)	p4(a50, a50, a1)	0
p0(X4, a2, X4)	p0(X3, a2, X3) :- p6(X3, X3), p2(X3)	0
p2(a87)	p2(X8) :- p9(X8)	0
p0(a73, X0, X1)	p0(X3, a2, X3) :- p6(X3, X3), p2(X3)	0
p1(a20, X92, X52)	p1(a20, a52, a52)	0
p0(X213, X913, X613)	p0(X213, a95, a19)	0
p2(a24)	p2(X8) :- p9(X8)	0
p2(a61)	p2(X8) :- p9(X8)	0
p1(a20, X90, X50)	p1(a20, X5, a1)	0
p3(a90, X0)	p3(X4, a15) :- p2(X4), p5(X4)	0
p9(X31)	p9(a21)	0
p1(a20, X912, X512)	p1(a20, a78, a87)	0
p2(a40)	p2(X3) :- p4(X1, X1, a1), p9(X3), p3(X3, X1), p1(X3, X3, X3)	0
p0(X29, X99, X69)	p0(X29, a24, a19)	0
p4(X13, X13, a1)	p4(a65, a65, a1)	0
p2(a21)	p2(X7) :- p2(X7)	0
p5(X9)	p5(a73)	0
p2(X5)	p2(X7) :- p2(X7)	0
p5(X1)	p5(a14)	0
p1(X94, X94, X94)	p1(a87, a87, a87)	0
p1(a20, X911, X511)	p1(a20, a19, a19)	0
p3(a10, X0)	p3(X5, X9) :- p1(a20, X9, X5), p8(X5)	0
p0(a98, X0, X1)	p0(X3, a2, X3) :- p6(X3, X3), p2(X3)	0
p1(X312, X312, X312)	p1(a10, a10, a10)	0
p0(X29, X99, X69)	p0(X29, a88, a19)	0
p5(X1)	p5(a42)	0
p9(X1)	p9(a24)	0
p1(X38, X38, X38)	p1(a0, a0, a0)	0
p5(X4)	p5(a9)	0
p1(a20, X911, X511)	p1(a20, X09, a19)	0
p0(X25, X95, X65)	p0(X25, a98, a19)	0
p8(X0)	p8(a21)	0
p2(a57)	p2(X7) :- p2(X7)	0
p1(X30, X30, X30)	p1(a49, a49, a49)	0
p1(X32, X32, X32)	p1(a73, a73, a73)	0
p2(a64)	p2(X3) :- p4(X1, X1, a1), p9(X3), p3(X3, X1), p1(X3, X3, X3)	0
p5(X20)	p5(a79)	0
p2(a56)	p2(X6) :- p3(X6, a78), p5(X6)	0
p2(a11)	p2(X7) :- p2(X7)	0
p1(a20, X911, X511)	p1(a20, a78, a15)	0
p5(X91)	p5(a90)	0
p1(a20, X97, X57)	p1(a20, a52, a52)	0
p2(X1)	p2(X6) :- p3(X6, a78), p5(X6)	0
p1(a20, X92, X52)	p1(a20, X01, a10)	0
p4(X25, X95, X95)	p4(X25, a61, a61)	0
p5(X5)	p5(a52)	0
p6(a92, X64)	p6(a92, a19)	0
p0(X212, X912, X612)	p0(X212, a43, a19)	0
p1(X35, X35, X35)	p1(a49, a49, a49)	0
p1(X32, X32, X32)	p1(a35, a35, a35)	0
p9(X3)	p9(a57)	0
p1(X0, X0, X0)	p1(a61, a61, a61)	0
p4(X21, X91, X91)	p4(X21, a81, a81)	0
p3(a9, a78)	p3(X5, X9) :- p1(a20, X9, X5), p8(X5)	0
p5(X42)	p5(a17)	0
p4(X13, X13, a1)	p4(a68, a68, a1)	0
p1(a20, X92, X52)	p1(a20, X00, a19)	0
p2(a40)	p2(X7) :- p2(X7)	0
p1(X37, X37, X37)	p1(a38, a38, a38)	0
p3(a52, X0)	p3(X5, X9) :- p1(a20, X9, X5), p8(X5)	0
p5(a69)	p5(a69)	0
p2(a56)	p2(X7) :- p2(X7)	0
p0(a12, X0, X1)	p0(X3, a2, X3) :- p6(X3, X3), p2(X3)	0
p4(X23, X93, X93)	p4(X23, a1, a1)	0
p2(a4)	p2(X6) :- p3(X6, a78), p5(X6)	0
p4(X210, X910, X910)	p4(X210, a10, a10)	0
p4(X26, X96, X96)	p4(X26, a95, a95)	0
p1(a20, X95, X55)	p1(a20, a30, a30)	0
p3(a83, a78)	p3(X5, X9) :- p1(a20, X9, X5), p8(X5)	0
p1(a20, X92, X52)	p1(a20, X01, a30)	0
p5(X410)	p5(a49)	0
p1(X310, X310, X310)	p1(a0, a0, a0)	0
p2(X1)	p2(X7) :- p2(X7)	0
p4(X23, X93, X93)	p4(X23, a95, a95)	0
p1(X36, X36, X36)	p1(a16, a16, a16)	0
p1(a20, X95, X55)	p1(a20, X13, a10)	0
p1(X32, X32, X32)	p1(a18, a18, a18)	0
p3(a24, X0)	p3(X5, X9) :- p1(a20, X9, X5), p8(X5)	0
p3(a0, a0)	p3(X5, X9) :- p1(a20, X9, X5), p8(X5)	0
p4(X23, X93, X93)	p4(X23, a4, a4)	0
p5(X91)	p5(a85)	0
p3(a2, X0)	p3(X4, a15) :- p2(X4), p5(X4)	0
p5(X6)	p5(a40)	0
p4(X212, X912, X912)	p4(X212, a11, a11)	0
p6(a88, a88)	p6(X2, X2) :- p0(X2, X0, X9)	0
p2(a37)	p2(X6) :- p3(X6, a78), p5(X6)	0
p1(X31, X31, X31)	p1(a16, a16, a16)	0
p5(X45)	p5(a83)	0
p0(X212, X912, X612)	p0(X212, a95, a19)	0
p5(X8)	p5(a52)	0
p0(X27, X97, X67)	p0(X27, a95, a19)	0
p5(X1)	p5(a40)	0
p1(a20, X93, X53)	p1(a20, a78, a19)	0
p4(X111, X111, a1)	p4(a35, a35, a1)	0
p3(X3, X0)	p3(X4, a15) :- p2(X4), p5(X4)	0
p1(a20, X913, X513)	p1(a20, X111, a10)	0
p1(a20, X96, X56)	p1(a20, X14, a10)	0
p4(X28, X98, X98)	p4(X28, a21, a21)	0
p6(a49, X0)	p6(X2, X2) :- p0(X2, X0, X9)	0
p1(a20, X97, X57)	p1(a20, X16, a19)	0
p1(a20, X98, X58)	p1(a20, X06, a19)	0
p4(X13, X13, a1)	p4(a7, a7, a1)	0
p1(a20, X913, X513)	p1(a20, X111, a87)	0
p3(X9, X0)	p3(X4, a15) :- p2(X4), p5(X4)	0
p5(X7)	p5(a17)	0
p1(X31, X31, X31)	p1(a69, a69, a69)	0
p5(X0)	p5(a5)	0
p6(a92, X611)	p6(a92, a19)	0
p0(X20, X90, X60)	p0(X20, a56, X2)	0
p4(X21, X91, X91)	p4(X21, a1, a1)	0
p1(X33, X33, X33)	p1(a8, a8, a8)	0
p9(X32)	p9(a50)	0
p5(a49)	p5(a49)	0
p4(X12, X12, a1)	p4(a82, a82, a1)	0
p1(a1, a1, a1)	p1(a1, a1, a1)	0
p3(a38, a38)	p3(X5, X9) :- p1(a20, X9, X5), p8(X5)	0
p5(X5)	p5(a14)	0
p0(X23, X93, X63)	p0(X23, a4, a19)	0
p9(X37)	p9(a52)	0
p4(X21, X91, X91)	p4(X21, a95, a95)	0
p1(a20, X91, X51)	p1(a20, a10, a10)	0
p4(X10, X10, a1)	p4(X10, X10, a1)	0
p2(a19)	p2(X7) :- p2(X7)	0
p1(a20, X95, X55)	p1(a20, a78, a18)	0
p1(X30, X30, X30)	p1(a8, a8, a8)	0
p0(X28, X98, X68)	p0(X28, a81, a19)	0
p2(X7)	p2(X3) :- p4(X1, X1, a1), p9(X3), p3(X3, X1), p1(X3, X3, X3)	0
p1(a20, X92, X52)	p1(a20, X01, a15)	0
p4(X10, X10, a1)	p4(a0, a0, a1)	0
p1(a20, X93, X53)	p1(a20, X12, a34)	0
p9(X1)	p9(a27)	0
p1(a20, X94, X54)	p1(a20, X13, a34)	0
p1(X9, X9, X9)	p1(a10, a10, a10)	0
p0(X26, X96, X66)	p0(X26, a10, a19)	0
p1(a20, X96, X56)	p1(a20, a15, a15)	0
p9(X33)	p9(a16)	0
p1(a20, X94, X54)	p1(a20, X12, a1)	0
p1(a20, X97, X57)	p1(a20, a78, a19)	0
p1(a20, X92, X52)	p1(a20, a15, a15)	0
p1(a20, X90, X50)	p1(a20, X5, a3)	0
p7(a87)	p7(X2) :- p5(X2), p3(X2, X0)	0
p2(X2)	p2(X8) :- p9(X8)	0
p2(a47)	p2(X6) :- p3(X6, a78), p5(X6)	0
p5(X2)	p5(a42)	0
p4(X16, X16, a1)	p4(a19, a19, a1)	0
p0(a24, X0, X1)	p0(X3, a2, X3) :- p6(X3, X3), p2(X3)	0
p3(a29, a78)	p3(X5, X9) :- p1(a20, X9, X5), p8(X5)	0
p1(X35, X35, X35)	p1(a8, a8, a8)	0
p1(X36, X36, X36)	p1(a49, a49, a49)	0
p1(a20, X98, X58)	p1(a20, X17, a10)	0
p1(X1, X1, X1)	p1(a0, a0, a0)	0
p1(a20, X94, X54)	p1(a20, a3, a3)	0
p1(X34, X34, X34)	p1(a52, a52, a52)	0
p1(a20, X98, X58)	p1(a20, a78, a15)	0
p3(X8, X0)	p3(X5, X9) :- p1(a20, X9, X5), p8(X5)	0
p1(a20, X96, X56)	p1(a20, a30, a30)	0
p5(X91)	p5(a52)	0
p1(X37, X37, X37)	p1(a41, a41, a41)	0
p9(X32)	p9(a41)	0
p0(X213, X913, X613)	p0(X213, a43, a19)	0
p2(a44)	p2(X6) :- p3(X6, a78), p5(X6)	0
p6(a52, a52)	p6(X2, X2) :- p0(X2, X0, X9)	0
p5(X47)	p5(a83)	0
p1(X33, X33, X33)	p1(a73, a73, a73)	0
p3(a1, a78)	p3(X5, X9) :- p1(a20, X9, X5), p8(X5)	0
p5(X1)	p5(a73)	0
p0(X28, X98, X68)	p0(X28, a10, a19)	0
p0(X23, X93, X63)	p0(X23, a88, a19)	0
p5(X3)	p5(a9)	0
p4(X210, X910, X910)	p4(X210, a43, a43)	0
p2(a81)	p2(X8) :- p9(X8)	0
p2(X7)	p2(X7) :- p2(X7)	0
p9(X37)	p9(a50)	0
p1(X310, X310, X310)	p1(a87, a87, a87)	0
p1(a20, X94, X54)	p1(a20, a78, a28)	0
p3(a41, X0)	p3(X4, a15) :- p2(X4), p5(X4)	0
p5(X4)	p5(a5)	0
p4(X25, X95, X95)	p4(X25, a19, a19)	0
p3(a9, a9)	p3(X5, X9) :- p1(a20, X9, X5), p8(X5)	0
p4(X212, X912, X912)	p4(X212, a61, a61)	0
p2(a14)	p2(X8) :- p9(X8)	0
p9(X35)	p9(a75)	0
p7(a30)	p7(X6) :- p5(X9), p0(X2, X9, X6), p4(X2, X9, X9), p6(a92, X6)	0
p1(a20, X911, X511)	p1(a20, a78, a19)	0
p1(a20, X92, X52)	p1(a20, a0, a0)	0
p8(a61)	p8(a61)	0
p5(X42)	p5(a64)	0
p1(X312, X312, X312)	p1(a0, a0, a0)	0
p1(X1, X1, X1)	p1(a15, a15, a15)	0
p5(X413)	p5(a83)	0
p1(a20, X96, X56)	p1(a20, a78, a15)	0
p1(X36, X36, X36)	p1(a79, a79, a79)	0
p2(a95)	p2(X8) :- p9(X8)	0
p1(X35, X35, X35)	p1(a12, a12, a12)	0
p4(X15, X15, a1)	p4(a53, a53, a1)	0
p5(X20)	p5(a65)	0
p5(X44)	p5(a41)	0
p1(X33, X33, X33)	p1(a67, a67, a67)	0
p5(X5)	p5(a87)	0
p1(X0, X1, a76)	p1(a20, a19, X0)	0
p9(X37)	p9(a96)	0
p0(X213, X913, X613)	p0(X213, a56, a19)	0
p3(a98, X0)	p3(X5, X9) :- p1(a20, X9, X5), p8(X5)	0
p4(X11, X11, a1)	p4(a53, a53, a1)	0
p4(X13, X13, a1)	p4(a2, a2, a1)	0
p5(X21)	p5(a75)	0
p4(X212, X912, X912)	p4(X212, a1, a1)	0
p2(a43)	p2(X3) :- p4(X1, X1, a1), p9(X3), p3(X3, X1), p1(X3, X3, X3)	0
p3(a19, a19)	p3(X5, X9) :- p1(a20, X9, X5), p8(X5)	0
p1(X34, X34, X34)	p1(a86, a86, a86)	0
p0(X20, X90, X60)	p0(X20, a10, X0)	0
p1(a20, X94, X54)	p1(a20, a59, a59)	0
p1(a20, X93, X53)	p1(a20, X12, a30)	0
p3(a87, X0)	p3(X4, a15) :- p2(X4), p5(X4)	0
p1(X30, X30, X30)	p1(a67, a67, a67)	0
p1(a20, X912, X512)	p1(a20, X110, a87)	0
p1(X30, X30, X30)	p1(a48, a48, a48)	0
p0(X5, X0, X1)	p0(X3, a2, X3) :- p6(X3, X3), p2(X3)	0
p3(a17, a78)	p3(X5, X9) :- p1(a20, X9, X5), p8(X5)	0
p0(X3, X0, X1)	p0(X3, a2, X3) :- p6(X3, X3), p2(X3)	0
p2(a23)	p2(X6) :- p3(X6, a78), p5(X6)	0
p1(a20, X910, X510)	p1(a20, X19, a19)	0
p2(a20)	p2(X3) :- p4(X1, X1, a1), p9(X3), p3(X3, X1), p1(X3, X3, X3)	0
p0(X3, X0, X1)	p0(a45, a85, a30) :- p8(X5)	0
p9(X31)	p9(a35)	0
p9(X4)	p9(a57)	0
p1(X35, X35, X35)	p1(a48, a48, a48)	0
p5(X9)	p5(a65)	0
p2(a10)	p2(X8) :- p9(X8)	0
p1(a20, X93, X53)	p1(a20, a78, a52)	0
p4(X22, X92, X92)	p4(a20, a0, a0)	0
p5(X9)	p5(a15)	0
p1(X34, X34, X34)	p1(a61, a61, a61)	0
p9(X37)	p9(a48)	0
p4(X25, X95, X95)	p4(X25, a27, a27)	0
p0(X24, X94, X64)	p0(X24, a81, a19)	0
p3(a23, a78)	p3(X5, X9) :- p1(a20, X9, X5), p8(X5)	0
p1(a20, X95, X55)	p1(a20, a1, a1)	0
p1(a20, X99, X59)	p1(a20, X08, a19)	0
p5(X2)	p5(a17)	0
p1(X33, X33, X33)	p1(a5, a5, a5)	0
p1(X31, X31, X31)	p1(a52, a52, a52)	0
p1(X32, X32, X32)	p1(a41, a41, a41)	0
p1(a20, X92, X52)	p1(a20, X10, a10)	0
p6(a87, a87)	p6(X2, X2) :- p0(X2, X0, X9)	0
p3(a40, a40)	p3(X5, X9) :- p1(a20, X9, X5), p8(X5)	0
p1(a20, X91, X51)	p1(a20, X10, a34)	0
p1(a20, X95, X55)	p1(a20, X13, a0)	0
p0(X29, X99, X69)	p0(X29, a81, a19)	0
p5(X6)	p5(a42)	0
p3(a27, X0)	p3(X4, a15) :- p2(X4), p5(X4)	0
p5(X4)	p5(a38)	0
p1(X31, X31, X31)	p1(a87, a87, a87)	0
p4(X21, X91, X91)	p4(a23, a21, a21)	0
p9(X313)	p9(a52)	0
p1(X310, X310, X310)	p1(a61, a61, a61)	0
p0(X212, X912, X612)	p0(X212, a21, a19)	0
p1(X30, X30, X30)	p1(a5, a5, a5)	0
p1(X311, X311, X311)	p1(a87, a87, a87)	0
p4(X21, X91, X91)	p4(X21, a98, a98)	0
p5(X41)	p5(a14)	0
p5(a8)	p5(a8)	0
p9(X31)	p9(a48)	0
p1(a20, X92, X52)	p1(a20, X00, a10)	0
p0(X27, X97, X67)	p0(X27, a24, a19)	0
p1(a20, X95, X55)	p1(a20, a34, a34)	0
p1(a20, X95, X55)	p1(a20, a78, a59)	0
p4(X25, X95, X95)	p4(X25, a88, a88)	0
p4(X12, X12, a1)	p4(a7, a7, a1)	0
p5(X41)	p5(a42)	0
p1(a20, X90, X50)	p1(a20, a84, a87)	0
p1(a20, X93, X53)	p1(a20, X01, a24)	0
p9(X37)	p9(a86)	0
p0(X28, X98, X68)	p0(X28, a1, a19)	0
p9(X35)	p9(a48)	0
p1(X31, X31, X31)	p1(a96, a96, a96)	0
p8(X1)	p8(a21)	0
p3(a61, a78)	p3(X5, X9) :- p1(a20, X9, X5), p8(X5)	0
p1(X32, X32, X32)	p1(a16, a16, a16)	0
p4(X16, X16, a1)	p4(a82, a82, a1)	0
p4(X22, X92, X92)	p4(X22, a57, a57)	0
p3(a38, X0)	p3(X5, X9) :- p1(a20, X9, X5), p8(X5)	0
p4(X24, X94, X94)	p4(X24, a43, a43)	0
p0(X0, X1, a88)	p0(X3, a2, X3) :- p6(X3, X3), p2(X3)	0
p0(X211, X911, X611)	p0(X211, a24, a19)	0
p4(X25, X95, X95)	p4(X25, a10, a10)	0
p0(X20, X90, X60)	p0(X20, a1, X2)	0
p5(X20)	p5(a75)	0
p3(a29, X0)	p3(X4, a15) :- p2(X4), p5(X4)	0
p4(X28, X98, X98)	p4(X28, a98, a98)	0
p0(a42, X0, X1)	p0(X3, a2, X3) :- p6(X3, X3), p2(X3)	0
p1(a20, X96, X56)	p1(a20, X15, a52)	0
p0(X24, X94, X64)	p0(X24, a11, a19)	0
p1(X91, X91, X91)	p1(a10, a10, a10)	0
p4(X10, X10, a1)	p4(a17, a17, a1)	0
p5(X20)	p5(a50)	0
p5(X91)	p5(a87)	0
p1(a20, X92, X52)	p1(a20, X00, a1)	0
p3(X1, a78)	p3(X5, X9) :- p1(a20, X9, X5), p8(X5)	0
p4(a15, a15, a1)	p4(a15, a15, a1)	0
p5(X21)	p5(a86)	0
p4(X22, X92, X92)	p4(X22, a21, a21)	0
p5(X0)	p5(a87)	0
p1(X30, X30, X30)	p1(a75, a75, a75)	0
p3(a26, a78)	p3(X5, X9) :- p1(a20, X9, X5), p8(X5)	0
p2(a27)	p2(X6) :- p3(X6, a78), p5(X6)	0
p1(X36, X36, X36)	p1(a15, a15, a15)	0
p0(X25, X95, X65)	p0(X25, a43, a19)	0
p1(a20, X97, X57)	p1(a20, X16, a24)	0
p0(a8, X0, X1)	p0(X3, a2, X3) :- p6(X3, X3), p2(X3)	0
p5(X0)	p5(a12)	0
p3(X1, X1)	p3(X5, X9) :- p1(a20, X9, X5), p8(X5)	0
p0(X22, X92, X62)	p0(X22, a11, a19)	0
p1(X31, X31, X31)	p1(a79, a79, a79)	0
p5(X3)	p5(a5)	0
p1(X31, X31, X31)	p1(a29, a29, a29)	0
p1(X30, X30, X30)	p1(a31, a31, a31)	0
p4(X23, X93, X93)	p4(X23, a57, a57)	0
p1(X31, X31, X31)	p1(a15, a15, a15)	0
p1(X36, X36, X36)	p1(a21, a21, a21)	0
p1(a20, X92, X52)	p1(a20, a78, a18)	0
p1(X35, X35, X35)	p1(a75, a75, a75)	0
p1(a20, X92, X52)	p1(a20, a78, a19)	0
p0(X213, X913, X613)	p0(X213, a24, a19)	0
p4(X28, X98, X98)	p4(X28, a19, a19)	0
p1(a20, X99, X59)	p1(a20, X17, a10)	0
p1(X34, X34, X34)	p1(a12, a12, a12)	0
p6(a92, a92)	p6(X2, X2) :- p0(X2, X0, X9)	0
p1(a20, X93, X53)	p1(a20, a3, a3)	0
p9(X91)	p9(a98)	0
p1(a20, X94, X54)	p1(a20, X02, a24)	0
p5(X41)	p5(a40)	0
p2(a1)	p2(X6) :- p3(X6, a78), p5(X6)	0
p2(a56)	p2(X8) :- p9(X8)	0
p1(X35, X35, X35)	p1(a31, a31, a31)	0
p4(X17, X17, a1)	p4(a53, a53, a1)	0
p3(a17, a17)	p3(X5, X9) :- p1(a20, X9, X5), p8(X5)	0
p3(a42, X0)	p3(X4, a15) :- p2(X4), p5(X4)	0
p1(a20, X913, X513)	p1(a20, X012, a19)	0
p5(X6)	p5(a49)	0
p0(X4, X0, X1)	p0(X3, a2, X3) :- p6(X3, X3), p2(X3)	0
p1(a20, X92, X52)	p1(a20, X00, a0)	0
p1(X90, X90, X90)	p1(a98, a98, a98)	0
p1(a20, X92, X52)	p1(a20, X00, a24)	0
p0(X24, X94, X64)	p0(X24, a95, a19)	0
p2(X1)	p2(X8) :- p9(X8)	0
p1(a20, X913, X513)	p1(a20, a78, a42)	0
p3(a69, X0)	p3(X5, X9) :- p1(a20, X9, X5), p8(X5)	0
p1(a20, X94, X54)	p1(a20, a78, a18)	0
p1(a20, X96, X56)	p1(a20, a10, a10)	0
p1(a20, X90, X50)	p1(a20, X5, a18)	0
p3(a57, X0)	p3(X5, X9) :- p1(a20, X9, X5), p8(X5)	0
p4(X11, X11, a1)	p4(a84, a84, a1)	0
p5(X5)	p5(a42)	0
p5(X20)	p5(a83)	0
p2(a4)	p2(X8) :- p9(X8)	0
p1(a20, X93, X53)	p1(a20, a78, a28)	0
p9(X33)	p9(a96)	0
p9(X6)	p9(a88)	0
p4(X26, X96, X96)	p4(X26, a88, a88)	0
p5(X0)	p5(a41)	0
p1(a20, X96, X56)	p1(a20, X15, a19)	0
p1(a20, X912, X512)	p1(a20, X111, a10)	0
p1(X34, X34, X34)	p1(a48, a48, a48)	0
p2(a15)	p2(X7) :- p2(X7)	0
p1(a98, a98, a98)	p1(a98, a98, a98)	0
p3(a44, X0)	p3(X5, X9) :- p1(a20, X9, X5), p8(X5)	0
p9(X31)	p9(a31)	0
p0(X27, X97, X67)	p0(X27, a27, a19)	0
p3(a61, X0)	p3(X5, X9) :- p1(a20, X9, X5), p8(X5)	0
p1(X36, X36, X36)	p1(a1, a1, a1)	0
p2(a83)	p2(X3) :- p4(X1, X1, a1), p9(X3), p3(X3, X1), p1(X3, X3, X3)	0
p1(X5, X5, X5)	p1(a57, a57, a57)	0
p2(a37)	p2(X8) :- p9(X8)	0
p1(a20, X912, X512)	p1(a20, X111, a87)	0
p1(a20, X93, X53)	p1(a20, X11, a15)	0
p1(a20, X91, X51)	p1(a20, X10, a52)	0
p0(a90, X0, X1)	p0(X3, a2, X3) :- p6(X3, X3), p2(X3)	0
p4(X28, X98, X98)	p4(X28, a95, a95)	0
p1(X6, X6, X6)	p1(a95, a95, a95)	0
p5(X4)	p5(a87)	0
p1(X37, X37, X37)	p1(a0, a0, a0)	0
p2(a88)	p2(X3) :- p4(X1, X1, a1), p9(X3), p3(X3, X1), p1(X3, X3, X3)	0
p4(X212, X912, X912)	p4(X212, a21, a21)	0
p4(X21, X91, X91)	p4(X21, a0, a0)	0
p4(X212, X912, X912)	p4(X212, a95, a95)	0
p4(X22, X92, X92)	p4(X22, a24, a24)	0
p1(X313, X313, X313)	p1(a12, a12, a12)	0
p9(X34)	p9(a21)	0
p5(X20)	p5(a86)	0
p9(X0)	p9(a19)	0
p2(a19)	p2(X8) :- p9(X8)	0
p1(a20, X90, X50)	p1(a20, a84, a59)	0
p1(a20, X912, X512)	p1(a20, a19, a19)	0
p5(X91)	p5(a9)	0
p4(X25, X95, X95)	p4(X25, a4, a4)	0
p3(a81, X0)	p3(X5, X9) :- p1(a20, X9, X5), p8(X5)	0
p4(X21, X91, X91)	p4(X21, a61, a61)	0
p5(X0)	p5(a8)	0
p1(a20, X93, X53)	p1(a20, a59, a59)	0
p0(a69, X0, X1)	p0(X3, a2, X3) :- p6(X3, X3), p2(X3)	0
p1(a20, X97, X57)	p1(a20, a78, a28)	0
p5(X21)	p5(a79)	0
p4(X16, X16, a1)	p4(a68, a68, a1)	0
p1(a20, X92, X52)	p1(a20, X11, a28)	0
p1(a20, X96, X56)	p1(a20, a78, a87)	0
p5(X42)	p5(a65)	0
p3(a45, X0)	p3(X5, X9) :- p1(a20, X9, X5), p8(X5)	0
p1(a20, X910, X510)	p1(a20, X19, a0)	0
p1(a20, X93, X53)	p1(a20, a24, a24)	0
p8(a88)	p8(a88)	0
p1(X34, X34, X34)	p1(a38, a38, a38)	0
p1(a20, X98, X58)	p1(a20, a78, a0)	0
p1(a20, X92, X52)	p1(a20, a24, a24)	0
p0(X211, X911, X611)	p0(X211, a21, a19)	0
p1(a20, X93, X53)	p1(a20, X01, a1)	0
p0(X29, X99, X69)	p0(X29, a4, a19)	0
p4(X22, X92, X92)	p4(X22, a11, a11)	0
p5(X9)	p5(a69)	0
p5(X6)	p5(a38)	0
p1(a20, X91, X51)	p1(a20, X10, a19)	0
p1(X31, X31, X31)	p1(a35, a35, a35)	0
p1(a20, X95, X55)	p1(a20, X14, a0)	0
p3(a81, X0)	p3(X4, a15) :- p2(X4), p5(X4)	0
p3(a20, X0)	p3(X5, X9) :- p1(a20, X9, X5), p8(X5)	0
p2(a83)	p2(X7) :- p2(X7)	0
p3(a87, a87)	p3(X5, X9) :- p1(a20, X9, X5), p8(X5)	0
p6(X2, X2)	p6(a19, X6) :- p7(X6), p8(X6)	0
p2(a47)	p2(X8) :- p9(X8)	0
p1(X37, X37, X37)	p1(a15, a15, a15)	0
p9(X31)	p9(a50)	0
p1(a20, X97, X57)	p1(a20, a0, a0)	0
p1(a20, X97, X57)	p1(a20, a78, a42)	0
p5(X91)	p5(a15)	0
p1(X90, X90, X90)	p1(a95, a95, a95)	0
p5(X20)	p5(a73)	0
p9(X33)	p9(a86)	0
p3(a75, X0)	p3(X5, X9) :- p1(a20, X9, X5), p8(X5)	0
p5(X9)	p5(a9)	0
p4(X210, X910, X910)	p4(X210, a56, a56)	0
p1(X31, X31, X31)	p1(a18, a18, a18)	0
p5(X4)	p5(a41)	0
p1(X30, X30, X30)	p1(a29, a29, a29)	0
p9(X35)	p9(a50)	0
p5(X90)	p5(a42)	0
p2(X4)	p2(X3) :- p4(X1, X1, a1), p9(X3), p3(X3, X1), p1(X3, X3, X3)	0
p5(X90)	p5(a50)	0
p5(X47)	p5(a12)	0
p4(X14, X14, a1)	p4(a35, a35, a1)	0
p3(a19, X0)	p3(X5, X9) :- p1(a20, X9, X5), p8(X5)	0
p1(X94, X94, X94)	p1(a10, a10, a10)	0
p4(X15, X15, a1)	p4(a1, a1, a1)	0
p4(X26, X96, X96)	p4(X26, a56, a56)	0
p1(a20, X91, X51)	p1(a20, X10, a18)	0
p4(X210, X910, X910)	p4(X210, a4, a4)	0
p2(a98)	p2(X3) :- p4(X1, X1, a1), p9(X3), p3(X3, X1), p1(X3, X3, X3)	0
p9(X34)	p9(a67)	0
p3(X0, a53)	p3(X5, X9) :- p1(a20, X9, X5), p8(X5)	0
p2(a44)	p2(X8) :- p9(X8)	0
p1(a20, X92, X52)	p1(a20, X10, a15)	0
p4(X11, X11, a1)	p4(a65, a65, a1)	0
p4(X25, X95, X95)	p4(X25, a1, a1)	0
p0(X213, X913, X613)	p0(X213, a4, a19)	0
p9(X90)	p9(a24)	0
p1(X35, X35, X35)	p1(a29, a29, a29)	0
p1(a20, X92, X52)	p1(a20, X11, a34)	0
p4(X23, X93, X93)	p4(X23, a24, a24)	0
p2(X8)	p2(X3) :- p4(X1, X1, a1), p9(X3), p3(X3, X1), p1(X3, X3, X3)	0
p1(a20, X912, X512)	p1(a20, a78, a52)	0
p1(X34, X34, X34)	p1(a75, a75, a75)	0
p0(X26, X96, X66)	p0(X26, a57, a19)	0
p1(a20, X913, X513)	p1(a20, X011, a19)	0
p1(a20, X93, X53)	p1(a20, a78, a3)	0
p3(X7, X0)	p3(X5, X9) :- p1(a20, X9, X5), p8(X5)	0
p1(a20, X92, X52)	p1(a20, X01, a3)	0
p1(X0, X0, X0)	p1(a98, a98, a98)	0
p1(a20, X92, X52)	p1(a20, a78, a52)	0
p1(a20, X94, X54)	p1(a20, a1, a1)	0
p1(a20, X95, X55)	p1(a20, X14, a87)	0
p4(X23, X93, X93)	p4(X23, a43, a43)	0
p1(a20, X92, X52)	p1(a20, a78, a59)	0
p1(X32, X32, X32)	p1(a0, a0, a0)	0
p7(a59)	p7(X6) :- p5(X9), p0(X2, X9, X6), p4(X2, X9, X9), p6(a92, X6)	0
p1(a20, X911, X511)	p1(a20, X110, a42)	0
p5(X3)	p5(a83)	0
p3(X0, X0)	p3(X4, a15) :- p2(X4), p5(X4)	0
p1(a20, X90, X50)	p1(a20, X5, a10)	0
p4(X26, X96, X96)	p4(X26, a98, a98)	0
p5(X44)	p5(a83)	0
p4(X21, X91, X91)	p4(X21, a43, a43)	0
p0(X25, X95, X65)	p0(X25, a56, a19)	0
p4(X24, X94, X94)	p4(X24, a56, a56)	0
p5(X2)	p5(a15)	0
p1(X36, X36, X36)	p1(a41, a41, a41)	0
p1(X33, X33, X33)	p1(a86, a86, a86)	0
p2(X4)	p2(X7) :- p2(X7)	0
p9(X3)	p9(a24)	0
p4(X16, X16, a1)	p4(a53, a53, a1)	0
p4(X24, X94, X94)	p4(X24, a24, a24)	0
p4(X17, X17, a1)	p4(a84, a84, a1)	0
p1(a20, X96, X56)	p1(a20, X15, a15)	0
p3(a88, a78)	p3(X5, X9) :- p1(a20, X9, X5), p8(X5)	0
p4(X19, X19, a1)	p4(a2, a2, a1)	0
p1(a20, X94, X54)	p1(a20, a34, a34)	0
p0(X24, X94, X64)	p0(X24, a21, a19)	0
p2(a42)	p2(X3) :- p4(X1, X1, a1), p9(X3), p3(X3, X1), p1(X3, X3, X3)	0
p1(X91, X91, X91)	p1(a15, a15, a15)	0
p1(X30, X30, X30)	p1(a86, a86, a86)	0
p5(X42)	p5(a14)	0
p1(X39, X39, X39)	p1(a0, a0, a0)	0
p4(X11, X11, a1)	p4(a0, a0, a1)	0
p4(X210, X910, X910)	p4(X210, a21, a21)	0
p5(X90)	p5(a83)	0
p9(X32)	p9(a79)	0
p4(X210, X910, X910)	p4(X210, a95, a95)	0
p0(X9, X0, X1)	p0(a10, a0, X6) :- p2(X6), p3(X6, X6)	0
p1(X30, X30, X30)	p1(a1, a1, a1)	0
p2(a92)	p2(X3) :- p4(X1, X1, a1), p9(X3), p3(X3, X1), p1(X3, X3, X3)	0
p5(X42)	p5(a42)	0
p1(a20, X92, X52)	p1(a20, X01, a24)	0
p0(X20, X90, X60)	p0(X20, a1, X0)	0
p2(a65)	p2(X3) :- p4(X1, X1, a1), p9(X3), p3(X3, X1), p1(X3, X3, X3)	0
p4(X20, X90, X90)	p4(a37, a4, a4)	0
p1(X91, X91, X91)	p1(a88, a88, a88)	0
p1(X31, X31, X31)	p1(a38, a38, a38)	0
p1(X38, X38, X38)	p1(a49, a49, a49)	0
p5(X90)	p5(a25)	0
p1(X32, X32, X32)	p1(a15, a15, a15)	0
p1(X312, X312, X312)	p1(a8, a8, a8)	0
p9(a27)	p9(a27)	0
p0(X28, X98, X68)	p0(X28, a95, a19)	0
p2(a10)	p2(X7) :- p2(X7)	0
p1(X5, X5, X5)	p1(a10, a10, a10)	0
p1(a20, X91, X51)	p1(a20, X10, a87)	0
p5(X90)	p5(a69)	0
p5(X3)	p5(a12)	0
p0(X211, X911, X611)	p0(X211, a27, a19)	0
p4(X12, X12, a1)	p4(a19, a19, a1)	0
p1(a20, X93, X53)	p1(a20, a78, a18)	0
p1(X32, X32, X32)	p1(a69, a69, a69)	0
p5(X9)	p5(a90)	0
p5(X44)	p5(a64)	0
p1(X30, X30, X30)	p1(a9, a9, a9)	0
p5(a15)	p5(a15)	0
p4(X21, X91, X91)	p4(X21, a4, a4)	0
p3(a88, X0)	p3(X4, a15) :- p2(X4), p5(X4)	0
p4(X18, X18, a1)	p4(a0, a0, a1)	0
p1(X91, X91, X91)	p1(a24, a24, a24)	0
p5(X43)	p5(a90)	0
p2(a75)	p2(X6) :- p3(X6, a78), p5(X6)	0
p4(X25, X95, X95)	p4(X25, a56, a56)	0
p3(a24, a24)	p3(X5, X9) :- p1(a20, X9, X5), p8(X5)	0
p0(X212, X912, X612)	p0(X212, a4, a19)	0
p3(a92, a78)	p3(X5, X9) :- p1(a20, X9, X5), p8(X5)	0
p1(X39, X39, X39)	p1(a15, a15, a15)	0
p4(X28, X98, X98)	p4(X28, a88, a88)	0
p3(X0, X8)	p3(X5, X9) :- p1(a20, X9, X5), p8(X5)	0
p5(X48)	p5(a42)	0
p1(a20, X95, X55)	p1(a20, a59, a59)	0
p5(X7)	p5(a42)	0
p2(a73)	p2(X6) :- p3(X6, a78), p5(X6)	0
p1(X35, X35, X35)	p1(a61, a61, a61)	0
p1(a20, X94, X54)	p1(a20, X13, a18)	0
p1(a20, X912, X512)	p1(a20, a78, a19)	0
p1(a20, X92, X52)	p1(a20, X01, a18)	0
p6(a92, X2)	p6(a92, a19)	0
p3(a90, X0)	p3(X5, X9) :- p1(a20, X9, X5), p8(X5)	0
p0(X27, X97, X67)	p0(X27, a43, a19)	0
p1(X35, X35, X35)	p1(a9, a9, a9)	0
p9(X90)	p9(a27)	0
p1(X1, a62, X0)	p1(a20, a53, X0)	0
p4(X113, X113, a1)	p4(X113, X113, a1)	0
p0(X22, X92, X62)	p0(X22, a61, a19)	0
p1(X0, X0, X0)	p1(a95, a95, a95)	0
p9(X5)	p9(a57)	0
p6(a95, a95)	p6(X2, X2) :- p0(X2, X0, X9)	0
p1(a20, X94, X54)	p1(a20, a78, a15)	0
p4(X212, X912, X912)	p4(X212, a19, a19)	0
p0(X29, X99, X69)	p0(X29, a1, a19)	0
p0(X28, X98, X68)	p0(X28, a4, a19)	0
p1(a20, X96, X56)	p1(a20, a3, a3)	0
p1(X0, X0, X0)	p1(a24, a24, a24)	0
p1(a20, X92, X52)	p1(a20, a3, a3)	0
p0(X211, X911, X611)	p0(X211, a1, a19)	0
p1(a20, X97, X57)	p1(a20, a78, a18)	0
p4(X212, X912, X912)	p4(X212, a27, a27)	0
p5(X91)	p5(a17)	0
p4(X28, X98, X98)	p4(X28, a61, a61)	0
p1(X34, X34, X34)	p1(a10, a10, a10)	0
p5(X90)	p5(a73)	0
p4(X14, X14, a1)	p4(a19, a19, a1)	0
p5(X1)	p5(a9)	0
p5(X9)	p5(a5)	0
p9(X90)	p9(a57)	0
p9(X3)	p9(a27)	0
p9(X32)	p9(a86)	0
p1(X310, X310, X310)	p1(a10, a10, a10)	0
p5(X5)	p5(a64)	0
p4(X17, X17, a1)	p4(a1, a1, a1)	0
p1(X34, X34, X34)	p1(a29, a29, a29)	0
p1(X1, X1, X1)	p1(a95, a95, a95)	0
p4(X27, X97, X97)	p4(X27, a56, a56)	0
p0(X20, X90, X60)	p0(X20, a56, X0)	0
p1(X313, X313, X313)	p1(a87, a87, a87)	0
p1(a20, X95, X55)	p1(a20, a78, a0)	0
p5(X6)	p5(a65)	0
p5(X6)	p5(a41)	0
p4(X27, X97, X97)	p4(X27, a10, a10)	0
p6(a92, X0)	p6(X2, X2) :- p0(X2, X0, X9)	0
p9(X34)	p9(a35)	0
p0(X24, X94, X64)	p0(X24, a24, a19)	0
p2(a27)	p2(X8) :- p9(X8)	0
p2(a8)	p2(X8) :- p9(X8)	0
p4(X22, X92, X92)	p4(X22, a81, a81)	0
p3(a27, a27)	p3(X5, X9) :- p1(a20, X9, X5), p8(X5)	0
p3(a38, a78)	p3(X5, X9) :- p1(a20, X9, X5), p8(X5)	0
p3(a64, X0)	p3(X4, a15) :- p2(X4), p5(X4)	0
p1(a20, X93, X53)	p1(a20, X11, a87)	0
p3(a3, X0)	p3(X4, a15) :- p2(X4), p5(X4)	0
p9(X1)	p9(a19)	0
p2(a0)	p2(X6) :- p3(X6, a78), p5(X6)	0
p5(X7)	p5(a83)	0
p0(X212, X912, X612)	p0(X212, a11, a19)	0
p2(a45)	p2(X6) :- p3(X6, a78), p5(X6)	0
p1(X31, X31, X31)	p1(a41, a41, a41)	0
p8(a95)	p8(a95)	0
p4(X22, X92, X92)	p4(X22, a19, a19)	0
p2(a38)	p2(X6) :- p3(X6, a78), p5(X6)	0
p9(X31)	p9(a75)	0
p0(X23, X93, X63)	p0(X23, a95, a19)	0
p3(a15, a15)	p3(X4, a15) :- p2(X4), p5(X4)	0
p9(X0)	p9(a57)	0
p4(X13, X13, a1)	p4(a17, a17, a1)	0
p0(X22, X92, X62)	p0(X22, a4, a19)	0
p4(X212, X912, X912)	p4(X212, a56, a56)	0
p1(a20, X92, X52)	p1(a20, X11, a24)	0
p2(a1)	p2(X8) :- p9(X8)	0
p6(a8, a8)	p6(X2, X2) :- p0(X2, X0, X9)	0
p4(X15, X15, a1)	p4(a19, a19, a1)	0
p0(X8, X5, X8)	p0(a10, a0, X6) :- p2(X6), p3(X6, X6)	0
p2(a22)	p2(X3) :- p4(X1, X1, a1), p9(X3), p3(X3, X1), p1(X3, X3, X3)	0
p2(X2)	p2(X6) :- p3(X6, a78), p5(X6)	0
p5(X40)	p5(a12)	0
p1(X90, X90, X90)	p1(a15, a15, a15)	0
p4(X17, X17, a1)	p4(a0, a0, a1)	0
p1(X33, X33, X33)	p1(a16, a16, a16)	0
p9(X5)	p9(a27)	0
p9(X34)	p9(a48)	0
p1(a20, X96, X56)	p1(a20, X15, a34)	0
p0(X20, X90, X60)	p0(X20, a10, X2)	0
p1(a20, X96, X56)	p1(a20, X05, a19)	0
p1(a20, X910, X510)	p1(a20, a78, a52)	0
p1(a20, X95, X55)	p1(a20, X14, a15)	0
p1(a20, X90, X50)	p1(a20, X5, a87)	0
p1(X94, X94, X94)	p1(a15, a15, a15)	0
p4(X14, X14, a1)	p4(X14, X14, a1)	0
p8(X60)	p8(a98)	0
p1(a20, X95, X55)	p1(a20, a28, a28)	0
p1(a20, X92, X52)	p1(a20, X01, a34)	0
p5(X20)	p5(a15)	0
p1(X9, X9, X9)	p1(a98, a98, a98)	0
p4(X210, X910, X910)	p4(a20, a0, a0)	0
p7(X1)	p7(X6) :- p5(X9), p0(X2, X9, X6), p4(X2, X9, X9), p6(a92, X6)	0
p1(X6, X6, X6)	p1(a1, a1, a1)	0
p9(X31)	p9(a29)	0
p0(a41, X0, X1)	p0(X3, a2, X3) :- p6(X3, X3), p2(X3)	0
p2(a17)	p2(X3) :- p4(X1, X1, a1), p9(X3), p3(X3, X1), p1(X3, X3, X3)	0
p6(X5, X5)	p6(a19, X6) :- p7(X6), p8(X6)	0
p2(a5)	p2(X6) :- p3(X6, a78), p5(X6)	0
p3(a5, a78)	p3(X5, X9) :- p1(a20, X9, X5), p8(X5)	0
p0(X27, X97, X67)	p0(X27, a57, a19)	0
p1(a20, X90, X50)	p1(a20, a84, a3)	0
p3(a95, a78)	p3(X5, X9) :- p1(a20, X9, X5), p8(X5)	0
p0(a57, X0, X1)	p0(X3, a2, X3) :- p6(X3, X3), p2(X3)	0
p3(a10, X0)	p3(X4, a15) :- p2(X4), p5(X4)	0
p4(X15, X15, a1)	p4(a17, a17, a1)	0
p9(X31)	p9(a18)	0
p1(X31, X31, X31)	p1(a12, a12, a12)	0
p3(a10, a10)	p3(X5, X9) :- p1(a20, X9, X5), p8(X5)	0
p2(X6)	p2(X8) :- p9(X8)	0
p4(X113, X113, a1)	p4(a2, a2, a1)	0
p3(a75, a78)	p3(X5, X9) :- p1(a20, X9, X5), p8(X5)	0
p6(a19, a19)	p6(a19, X6) :- p7(X6), p8(X6)	0
p1(a20, X93, X53)	p1(a20, X12, a19)	0
p9(X31)	p9(a16)	0
p9(X35)	p9(a18)	0
p3(a45, a78)	p3(X5, X9) :- p1(a20, X9, X5), p8(X5)	0
p1(X6, X6, X6)	p1(a61, a61, a61)	0
p2(a21)	p2(X6) :- p3(X6, a78), p5(X6)	0
p2(X5)	p2(X6) :- p3(X6, a78), p5(X6)	0
p1(X32, X32, X32)	p1(a52, a52, a52)	0
p1(X5, X5, X5)	p1(a0, a0, a0)	0
p1(a20, X93, X53)	p1(a20, a34, a34)	0
p1(a20, X90, X50)	p1(a20, X5, a24)	0
p5(X7)	p5(a73)	0
p5(X40)	p5(a41)	0
p1(a20, X96, X56)	p1(a20, a78, a0)	0
p5(X21)	p5(a35)	0
p6(a69, a69)	p6(X2, X2) :- p0(X2, X0, X9)	0
p3(a19, a78)	p3(X5, X9) :- p1(a20, X9, X5), p8(X5)	0
p9(X9)	p9(a98)	0
p4(X22, X92, X92)	p4(X22, a43, a43)	0
p2(a57)	p2(X6) :- p3(X6, a78), p5(X6)	0
p0(X26, X96, X66)	p0(X26, a27, a19)	0
p5(a38)	p5(a38)	0
p3(a8, X0)	p3(X4, a15) :- p2(X4), p5(X4)	0
p2(a17)	p2(X7) :- p2(X7)	0
p1(X90, X90, X90)	p1(a1, a1, a1)	0
p1(a20, X92, X52)	p1(a20, a78, a3)	0
p4(X22, X92, X92)	p4(X22, a88, a88)	0
p1(a20, X911, X511)	p1(a20, X010, a19)	0
p0(X23, X93, X63)	p0(X23, a19, a19)	0
p4(X27, X97, X97)	p4(X27, a0, a0)	0
p5(X42)	p5(a90)	0
p3(a41, X0)	p3(X5, X9) :- p1(a20, X9, X5), p8(X5)	0
p9(X33)	p9(a21)	0
p1(X91, X91, X91)	p1(a57, a57, a57)	0
p3(a24, X0)	p3(X4, a15) :- p2(X4), p5(X4)	0
p1(a20, X96, X56)	p1(a20, X15, a28)	0
p1(X36, X36, X36)	p1(a96, a96, a96)	0
p5(X6)	p5(a5)	0
p3(X0, a78)	p3(X5, X9) :- p1(a20, X9, X5), p8(X5)	0
p2(a40)	p2(X6) :- p3(X6, a78), p5(X6)	0
p1(a20, X94, X54)	p1(a20, a10, a10)	0
p0(X6, X0, X1)	p0(X3, a2, X3) :- p6(X3, X3), p2(X3)	0
p2(a49)	p2(X3) :- p4(X1, X1, a1), p9(X3), p3(X3, X1), p1(X3, X3, X3)	0
p1(a20, X93, X53)	p1(a20, X12, a18)	0
p1(X37, X37, X37)	p1(a8, a8, a8)	0
p4(X22, X92, X92)	p4(X22, a1, a1)	0
p4(X13, X13, a1)	p4(a14, a14, a1)	0
p1(X9, X9, X9)	p1(a88, a88, a88)	0
p4(X14, X14, a1)	p4(a82, a82, a1)	0
p5(X1)	p5(a5)	0
p1(a20, X93, X53)	p1(a20, a19, a19)	0
p0(X8, X0, X1)	p0(a10, a0, X6) :- p2(X6), p3(X6, X6)	0
p1(a20, X94, X54)	p1(a20, a78, a1)	0
p0(X6, X0, X1)	p0(a45, a85, a30) :- p8(X5)	0
p4(X25, X95, X95)	p4(X25, a57, a57)	0
p1(a20, X94, X54)	p1(a20, a78, a59)	0
p0(X29, X99, X69)	p0(X29, a43, a19)	0
p5(X0)	p5(a69)	0
p3(X2, a78)	p3(X5, X9) :- p1(a20, X9, X5), p8(X5)	0
p1(a20, X95, X55)	p1(a20, X14, a59)	0
p5(X21)	p5(a31)	0
p3(X5, a78)	p3(X5, X9) :- p1(a20, X9, X5), p8(X5)	0
p1(a20, X96, X56)	p1(a20, a28, a28)	0
p8(a98)	p8(a98)	0
p1(X34, X34, X34)	p1(a0, a0, a0)	0
p1(X36, X36, X36)	p1(a52, a52, a52)	0
p6(a38, a38)	p6(X2, X2) :- p0(X2, X0, X9)	0
p5(X8)	p5(a41)	0
p5(X413)	p5(a42)	0
p1(X9, X9, X9)	p1(a95, a95, a95)	0
p2(a21)	p2(X8) :- p9(X8)	0
p4(X210, X910, X910)	p4(X210, a11, a11)	0
p3(a81, a78)	p3(X5, X9) :- p1(a20, X9, X5), p8(X5)	0
p1(a20, X92, X52)	p1(a20, X11, a10)	0
p1(a20, X95, X55)	p1(a20, a78, a30)	0
p1(X33, X33, X33)	p1(a75, a75, a75)	0
p3(X6, X0)	p3(X5, X9) :- p1(a20, X9, X5), p8(X5)	0
p5(X0)	p5(a38)	0
p0(X24, X94, X64)	p0(X24, a10, a19)	0
p5(X47)	p5(a90)	0
p1(a20, X93, X53)	p1(a20, a78, a15)	0
p3(X1, X2)	p3(X5, X9) :- p1(a20, X9, X5), p8(X5)	0
p1(X9, X9, X9)	p1(a24, a24, a24)	0
p1(X34, X34, X34)	p1(a50, a50, a50)	0
p3(a87, X0)	p3(X5, X9) :- p1(a20, X9, X5), p8(X5)	0
p5(X8)	p5(a14)	0
p6(a15, a15)	p6(X2, X2) :- p0(X2, X0, X9)	0
p3(a31, X0)	p3(X4, a15) :- p2(X4), p5(X4)	0
p1(a20, X913, X513)	p1(a20, X112, a87)	0
p4(X23, X93, X93)	p4(a20, a0, a0)	0
p6(a41, a41)	p6(X2, X2) :- p0(X2, X0, X9)	0
p5(X2)	p5(a83)	0
p5(X3)	p5(a65)	0
p5(X44)	p5(a65)	0
p1(X5, X5, X5)	p1(a19, a19, a19)	0
p9(X4)	p9(a98)	0
p1(X32, X32, X32)	p1(a21, a21, a21)	0
p9(X37)	p9(a35)	0
p0(X23, X93, X63)	p0(X23, a24, a19)	0
p5(X3)	p5(a15)	0
p1(a20, X93, X53)	p1(a20, X01, a19)	0
p2(a49)	p2(X7) :- p2(X7)	0
p3(a21, X0)	p3(X5, X9) :- p1(a20, X9, X5), p8(X5)	0
p6(a92, X67)	p6(a92, a19)	0
p1(X2, X2, X2)	p1(a27, a27, a27)	0
p5(X20)	p5(a35)	0
p1(X37, X37, X37)	p1(a12, a12, a12)	0
p4(X28, X98, X98)	p4(X28, a24, a24)	0
p1(X9, X9, X9)	p1(a1, a1, a1)	0
p1(a20, X94, X54)	p1(a20, a78, a87)	0
p2(a41)	p2(X6) :- p3(X6, a78), p5(X6)	0
p1(a20, X91, X51)	p1(a20, X10, a3)	0
p5(X4)	p5(a64)	0
p1(a20, X92, X52)	p1(a20, X11, a19)	0
p1(a20, X911, X511)	p1(a20, X19, a10)	0
p1(a20, X913, X513)	p1(a20, X111, a0)	0
p9(X35)	p9(a29)	0
p7(a59)	p7(X2) :- p5(X2), p3(X2, X0)	0
p6(a92, X4)	p6(X2, X2) :- p0(X2, X0, X9)	0
p0(X29, X99, X69)	p0(X29, a21, a19)	0
p3(X0, a19)	p3(X5, X9) :- p1(a20, X9, X5), p8(X5)	0
p2(a31)	p2(X3) :- p4(X1, X1, a1), p9(X3), p3(X3, X1), p1(X3, X3, X3)	0
p4(X26, X96, X96)	p4(X26, a4, a4)	0
p5(X21)	p5(a29)	0
p3(X8, X0)	p3(X4, a15) :- p2(X4), p5(X4)	0
p0(X9, X0, X1)	p0(a45, a85, a30) :- p8(X5)	0
p5(X9)	p5(a87)	0
p4(X16, X16, a1)	p4(a0, a0, a1)	0
p4(X27, X97, X97)	p4(X27, a81, a81)	0
p2(a81)	p2(X3) :- p4(X1, X1, a1), p9(X3), p3(X3, X1), p1(X3, X3, X3)	0
p4(X12, X12, a1)	p4(a17, a17, a1)	0
p4(X10, X10, a1)	p4(a82, a82, a1)	0
p5(X9)	p5(a12)	0
p5(X90)	p5(a15)	0
p7(a0)	p7(X6) :- p5(X9), p0(X2, X9, X6), p4(X2, X9, X9), p6(a92, X6)	0
p5(X47)	p5(a49)	0
p0(X27, X97, X67)	p0(X27, a81, a19)	0
p2(a12)	p2(X6) :- p3(X6, a78), p5(X6)	0
p5(X43)	p5(a12)	0
p1(X36, X36, X36)	p1(a31, a31, a31)	0
p4(X14, X14, a1)	p4(a65, a65, a1)	0
p1(a20, X92, X52)	p1(a20, a78, a0)	0
p9(X90)	p9(a19)	0
p0(X1, X0, X1)	p0(a10, a0, X6) :- p2(X6), p3(X6, X6)	0
p1(a20, X95, X55)	p1(a20, a78, a34)	0
p8(X60)	p8(a84)	0
p2(a23)	p2(X7) :- p2(X7)	0
p3(a49, a49)	p3(X5, X9) :- p1(a20, X9, X5), p8(X5)	0
p3(a5, X0)	p3(X4, a15) :- p2(X4), p5(X4)	0
p1(a20, X92, X52)	p1(a20, X10, a0)	0
p2(X0)	p2(X3) :- p4(X1, X1, a1), p9(X3), p3(X3, X1), p1(X3, X3, X3)	0
p1(X33, X33, X33)	p1(a87, a87, a87)	0
p4(X17, X17, a1)	p4(a17, a17, a1)	0
p1(a20, X93, X53)	p1(a20, X12, a28)	0
p5(X21)	p5(a48)	0
p9(X34)	p9(a16)	0
p5(X412)	p5(a42)	0
p2(a95)	p2(X3) :- p4(X1, X1, a1), p9(X3), p3(X3, X1), p1(X3, X3, X3)	0
p0(X28, X98, X68)	p0(X28, a27, a19)	0
p5(X42)	p5(a52)	0
p1(a20, X90, X50)	p1(a20, a84, a42)	0
p0(X0, X1, a19)	p0(X3, a2, X3) :- p6(X3, X3), p2(X3)	0
p2(a12)	p2(X7) :- p2(X7)	0
p7(X4)	p7(X6) :- p5(X9), p0(X2, X9, X6), p4(X2, X9, X9), p6(a92, X6)	0
p0(X28, X98, X68)	p0(X28, a24, a19)	0
p1(X2, X2, X2)	p1(a98, a98, a98)	0
p9(X91)	p9(a88)	0
p1(a20, X94, X54)	p1(a20, a78, a0)	0
p5(X413)	p5(a49)	0
p1(X0, X0, X0)	p1(a1, a1, a1)	0
p7(a88)	p7(X6) :- p5(X9), p0(X2, X9, X6), p4(X2, X9, X9), p6(a92, X6)	0
p4(X13, X13, a1)	p4(X13, X13, a1)	0
p1(X36, X36, X36)	p1(a0, a0, a0)	0
p2(a31)	p2(X7) :- p2(X7)	0
