goal	rule	score
muggle(_EX5)	muggle(marge_dursley)	1
member_of(_EX1, death_eaters)	member_of(voldemort, death_eaters)	1
enemy(P, X)	enemy(voldemort, hermione_granger)	1
parent(P, ginny_weasley)	parent(molly_weasley, ginny_weasley)	1
parent(Z, Y)	parent(ginny_weasley, james_sirius_potter)	1
ancestor(ron_weasley, X)	ancestor(X, Y) :- parent(X, Y)	1
enemy(P, X)	enemy(X, Y) :- member_of(X, order_of_the_phoenix), member_of(Y, death_eaters)	1
member_of(_EX2, dumbledores_army)	member_of(colin_creevey, dumbledores_army)	1
house(P, X)	house(slytherin, voldemort)	1
parent(Y, P)	parent(frank_longbottom, neville_longbottom)	1
enemy(P, X)	enemy(vernon_dursley, harry_potter)	1
parent(P, _EX3)	parent(molly_weasley, bill_weasley)	1
house(P, X)	house(slytherin, horace_slughorn)	1
member_of(_EX1, dumbledores_army)	member_of(luna_lovegood, dumbledores_army)	1
parent(ginny_weasley, X)	parent(ginny_weasley, james_sirius_potter)	1
betrays(Y, P)	betrays(percy_weasley, ron_weasley)	1
enemy(P, _EX3)	enemy(draco_malfoy, hermione_granger)	1
parent(Z, P)	parent(hermione_granger, rose_weasley)	1
parent(X, Y)	parent(james_potter, harry_potter)	1
creature(thestral)	creature(thestral)	1
parent(ron_weasley, X)	parent(ron_weasley, hugo_weasley)	1
betrays(Y, P)	betrays(percy_weasley, george_weasley)	1
enemy(_EX2, _EX0)	enemy(petunia_dursley, harry_potter)	1
enemy(X, Y)	enemy(draco_malfoy, harry_potter)	1
member_of(_EX1, order_of_the_phoenix)	member_of(alastor_moody, order_of_the_phoenix)	1
enemy(P, _EX3)	enemy(petunia_dursley, harry_potter)	1
enemy(X, Y)	enemy(X, Y) :- member_of(X, order_of_the_phoenix), member_of(Y, death_eaters)	1
member_of(alastor_moody, order_of_the_phoenix)	member_of(alastor_moody, order_of_the_phoenix)	1
enemy(X, P)	enemy(dudley_dursley, harry_potter)	1
ancestor(harry_potter, _EX3)	ancestor(X, Y) :- parent(X, Y)	1
hates(_EX1, myrtle_warren)	hates(X, Y) :- deatheater(X), muggleborn(Y)	1
parent(P, _EX1)	parent(ginny_weasley, albus_severus_potter)	1
enemy(P, padma_patil)	enemy(X, Y) :- member_of(X, death_eaters), member_of(Y, dumbledores_army)	1
parent(X, P)	parent(molly_weasley, bill_weasley)	1
creature(fawkes)	creature(fawkes)	1
parent(_EX2, P)	parent(arthur_weasley, charlie_weasley)	1
parent(X, P)	parent(arthur_weasley, george_weasley)	1
parent(Y, P)	parent(alice_longbottom, neville_longbottom)	1
ancestor(P, james_sirius_potter)	ancestor(X, Y) :- parent(X, Y)	1
parent(P, X)	parent(narcissa_malfoy, draco_malfoy)	1
parent(Y, P)	parent(lily_potter, harry_potter)	1
parent(Y, _EX3)	parent(narcissa_malfoy, draco_malfoy)	1
parent(_EX1, P)	parent(james_potter, harry_potter)	1
parent(ron_weasley, hugo_weasley)	parent(ron_weasley, hugo_weasley)	1
member_of(_EX1, dumbledores_army)	member_of(harry_potter, dumbledores_army)	1
ancestor(ginny_weasley, Z)	ancestor(X, Y) :- parent(X, Y)	1
parent(Y, _EX3)	parent(molly_weasley, percy_weasley)	1
house(P, X)	house(slytherin, gregory_goyle)	1
parent(_EX1, P)	parent(molly_weasley, fred_weasley)	1
parent(X, Y)	parent(lucius_malfoy, draco_malfoy)	1
parent(_EX1, P)	parent(arthur_weasley, bill_weasley)	1
member_of(_EX0, dumbledores_army)	member_of(colin_creevey, dumbledores_army)	1
member_of(_EX3, dumbledores_army)	member_of(george_weasley, dumbledores_army)	1
hates(severus_snape, colin_creevey)	hates(X, Y) :- deatheater(X), muggleborn(Y)	1
creature(norbert)	creature(norbert)	1
enemy(P, _EX3)	enemy(dolores_umbridge, harry_potter)	1
male(P)	male(hugo_weasley)	1
member_of(Z, death_eaters)	member_of(severus_snape, death_eaters)	1
member_of(Z, order_of_the_phoenix)	member_of(alastor_moody, order_of_the_phoenix)	1
parent(ginny_weasley, P)	parent(ginny_weasley, albus_severus_potter)	1
parent(P, Z)	parent(molly_weasley, bill_weasley)	1
enemy(X, P)	enemy(voldemort, rubeus_hagrid)	1
parent(Z, Y)	parent(molly_weasley, percy_weasley)	1
parent(Y, P)	parent(james_potter, harry_potter)	1
house(gryffindor, Z)	house(gryffindor, charlie_weasley)	1
house(X, P)	house(gryffindor, harry_potter)	1
member_of(_EX0, dumbledores_army)	member_of(cho_chang, dumbledores_army)	1
parent(Y, P)	parent(molly_weasley, fred_weasley)	1
hates(_EX4, _EX0)	hates(X, Y) :- deatheater(X), muggle(Y)	1
parent(Y, P)	parent(arthur_weasley, bill_weasley)	1
parent(harry_potter, _EX3)	parent(harry_potter, james_sirius_potter)	1
creature(P)	creature(thestral)	1
parent(arthur_weasley, P)	parent(arthur_weasley, percy_weasley)	1
parent(Y, draco_malfoy)	parent(lucius_malfoy, draco_malfoy)	1
member_of(X, dumbledores_army)	member_of(fred_weasley, dumbledores_army)	1
betrays(X, P)	betrays(xenophilius_lovegood, hermione_granger)	1
member_of(sirius_black, order_of_the_phoenix)	member_of(sirius_black, order_of_the_phoenix)	1
magical(_EX0)	magical(fawkes)	1
muggle(_EX5)	muggle(dudley_dursley)	1
enemy(P, harry_potter)	enemy(dudley_dursley, harry_potter)	1
enemy(_EX1, lucius_malfoy)	enemy(X, Y) :- member_of(X, order_of_the_phoenix), member_of(Y, death_eaters)	1
parent(_EX4, ginny_weasley)	parent(arthur_weasley, ginny_weasley)	1
parent(P, hugo_weasley)	parent(hermione_granger, hugo_weasley)	1
professor(P)	professor(severus_snape)	1
male(P)	male(rubeus_hagrid)	1
male(P)	male(xenophilius_lovegood)	1
parent(Y, _EX3)	parent(vernon_dursley, dudley_dursley)	1
enemy(Z, _EX1)	enemy(bellatrix_lestrange, sirius_black)	1
hates(_EX1, _EX0)	hates(X, Y) :- deatheater(X), squib(Y)	1
member_of(_EX2, death_eaters)	member_of(narcissa_malfoy, death_eaters)	1
parent(P, _EX3)	parent(petunia_dursley, dudley_dursley)	1
betrays(X, P)	betrays(percy_weasley, arthur_weasley)	1
parent(P, _EX3)	parent(arthur_weasley, percy_weasley)	1
enemy(X, P)	enemy(quirinus_quirrell, harry_potter)	1
enemy(Z, _EX1)	enemy(X, Y) :- member_of(X, death_eaters), member_of(Y, dumbledores_army)	1
member_of(_EX1, order_of_the_phoenix)	member_of(remus_lupin, order_of_the_phoenix)	1
magical_creature(P)	magical_creature(X) :- creature(X), magical(X)	1
male(P)	male(cedric_diggory)	1
house(gryffindor, P)	house(gryffindor, seamus_finnigan)	1
parent(P, _EX1)	parent(arthur_weasley, ron_weasley)	1
magical(P)	magical(fawkes)	1
enemy(Z, _EX1)	enemy(gilderoy_lockhart, harry_potter)	1
parent(P, _EX1)	parent(arthur_weasley, fred_weasley)	1
ancestor(_EX5, hugo_weasley)	ancestor(X, Y) :- parent(X, Y)	1
parent(X, Y)	parent(molly_weasley, ron_weasley)	1
member_of(_EX2, order_of_the_phoenix)	member_of(alastor_moody, order_of_the_phoenix)	1
betrays(X, P)	betrays(percy_weasley, molly_weasley)	1
parent(P, _EX1)	parent(arthur_weasley, george_weasley)	1
ancestor(P, lily_luna_potter)	ancestor(X, Y) :- ancestor(Z, Y), parent(X, Z)	1
enemy(P, X)	enemy(cormac_mclaggen, ron_weasley)	1
parent(harry_potter, Y)	parent(harry_potter, james_sirius_potter)	1
parent(ginny_weasley, Z)	parent(ginny_weasley, albus_severus_potter)	1
member_of(_EX2, death_eaters)	member_of(lucius_malfoy, death_eaters)	1
parent(_EX0, harry_potter)	parent(lily_potter, harry_potter)	1
parent(X, P)	parent(arthur_weasley, percy_weasley)	1
member_of(_EX2, dumbledores_army)	member_of(padma_patil, dumbledores_army)	1
parent(P, lily_luna_potter)	parent(ginny_weasley, lily_luna_potter)	1
enemy(P, _EX3)	enemy(quirinus_quirrell, harry_potter)	1
parent(_EX1, P)	parent(molly_weasley, ron_weasley)	1
member_of(_EX3, dumbledores_army)	member_of(parvati_patil, dumbledores_army)	1
muggleborn(P)	muggleborn(myrtle_warren)	1
house(P, X)	house(gryffindor, charlie_weasley)	1
hates(Y, P)	hates(X, Y) :- deatheater(X), squib(Y)	1
subject(P)	subject(history_of_magic)	1
parent(_EX2, P)	parent(alice_longbottom, neville_longbottom)	1
descendant(P, _EX1)	descendant(X, Y) :- ancestor(Y, X)	1
magical(_EX0)	magical(aragog)	1
destroyed(X, P)	destroyed(hermione_granger, hufflepuff_cup)	1
house(gryffindor, Z)	house(gryffindor, bill_weasley)	1
parent(ron_weasley, P)	parent(ron_weasley, hugo_weasley)	1
parent(Z, P)	parent(arthur_weasley, percy_weasley)	1
enemy(X, P)	enemy(gilderoy_lockhart, harry_potter)	1
ancestor(P, Z)	ancestor(X, Y) :- ancestor(Z, Y), parent(X, Z)	1
member_of(X, dumbledores_army)	member_of(ginny_weasley, dumbledores_army)	1
destroyed_horcrux(X, P)	destroyed_horcrux(X, Y) :- horcrux(Y), destroyed(X, Y)	1
enemy(X, P)	enemy(voldemort, hermione_granger)	1
ancestor(harry_potter, Y)	ancestor(X, Y) :- parent(X, Y)	1
enemy(P, harry_potter)	enemy(quirinus_quirrell, harry_potter)	1
parent(Y, P)	parent(molly_weasley, ron_weasley)	1
squib(_EX5)	squib(argus_filch)	1
enemy(X, P)	enemy(vernon_dursley, harry_potter)	1
enemy(voldemort, Y)	enemy(X, Y) :- member_of(X, death_eaters), member_of(Y, dumbledores_army)	1
house(X, P)	house(gryffindor, hermione_granger)	1
hero(albus_dumbledore)	hero(X) :- chocolate_frog_card(X)	1
enemy(voldemort, Y)	enemy(voldemort, hermione_granger)	1
enemy(Z, _EX1)	enemy(dudley_dursley, harry_potter)	1
parent(Z, Y)	parent(arthur_weasley, percy_weasley)	1
parent(X, P)	parent(hermione_granger, hugo_weasley)	1
member_of(X, dumbledores_army)	member_of(parvati_patil, dumbledores_army)	1
parent(Z, Y)	parent(molly_weasley, fred_weasley)	1
member_of(peter_pettigrew, death_eaters)	member_of(peter_pettigrew, death_eaters)	1
member_of(Y, dumbledores_army)	member_of(colin_creevey, dumbledores_army)	1
parent(_EX2, P)	parent(arthur_weasley, fred_weasley)	1
hates(Y, argus_filch)	hates(X, Y) :- deatheater(X), squib(Y)	1
parent(X, Y)	parent(arthur_weasley, george_weasley)	1
member_of(X, dumbledores_army)	member_of(cho_chang, dumbledores_army)	1
muggle(_EX3)	muggle(petunia_dursley)	1
betrays(Y, P)	betrays(cho_chang, harry_potter)	1
enemy(_EX2, _EX0)	enemy(gilderoy_lockhart, harry_potter)	1
enemy(P, X)	enemy(marge_dursley, harry_potter)	1
parent(P, _EX3)	parent(harry_potter, lily_luna_potter)	1
enemy(P, X)	enemy(dolores_umbridge, ginny_weasley)	1
parent(Y, _EX3)	parent(arthur_weasley, charlie_weasley)	1
parent(Z, Y)	parent(lucius_malfoy, draco_malfoy)	1
enemy(Z, _EX1)	enemy(voldemort, rubeus_hagrid)	1
enemy(P, harry_potter)	enemy(X, Y) :- member_of(X, death_eaters), member_of(Y, dumbledores_army)	1
parent(_EX1, P)	parent(arthur_weasley, george_weasley)	1
enemy(P, _EX3)	enemy(dolores_umbridge, ron_weasley)	1
enemy(P, harry_potter)	enemy(gilderoy_lockhart, harry_potter)	1
deatheater(bellatrix_lestrange)	deatheater(X) :- member_of(X, death_eaters)	1
ancestor(harry_potter, P)	ancestor(X, Y) :- parent(X, Y)	1
parent(X, albus_severus_potter)	parent(ginny_weasley, albus_severus_potter)	1
hates(Z, P)	hates(X, Y) :- deatheater(X), squib(Y)	1
muggleborn(_EX3)	muggleborn(lily_potter)	1
enemy(P, harry_potter)	enemy(vernon_dursley, harry_potter)	1
hates(X, Z)	hates(X, Y) :- deatheater(X), muggleborn(Y)	1
parent(P, Z)	parent(arthur_weasley, ron_weasley)	1
parent(_EX1, P)	parent(ginny_weasley, james_sirius_potter)	1
parent(Z, P)	parent(molly_weasley, ginny_weasley)	1
enemy(_EX3, neville_longbottom)	enemy(bellatrix_lestrange, neville_longbottom)	1
subject(P)	subject(flying)	1
parent(Y, _EX3)	parent(arthur_weasley, ginny_weasley)	1
enemy(_EX2, _EX0)	enemy(draco_malfoy, harry_potter)	1
enemy(P, _EX3)	enemy(draco_malfoy, harry_potter)	1
member_of(_EX3, death_eaters)	member_of(peter_pettigrew, death_eaters)	1
enemy(P, _EX3)	enemy(voldemort, wizarding_world)	1
parent(P, _EX3)	parent(ron_weasley, rose_weasley)	1
parent(P, harry_potter)	parent(lily_potter, harry_potter)	1
enemy(_EX2, _EX0)	enemy(voldemort, hermione_granger)	1
enemy(X, P)	enemy(peter_pettigrew, sirius_black)	1
parent(P, Y)	parent(molly_weasley, ginny_weasley)	1
member_of(Y, dumbledores_army)	member_of(george_weasley, dumbledores_army)	1
enemy(X, Y)	enemy(gilderoy_lockhart, severus_snape)	1
enemy(P, X)	enemy(dolores_umbridge, fred_weasley)	1
enemy(X, Y)	enemy(peter_pettigrew, sirius_black)	1
ancestor(arthur_weasley, P)	ancestor(X, Y) :- parent(X, Y)	1
member_of(narcissa_malfoy, death_eaters)	member_of(narcissa_malfoy, death_eaters)	1
member_of(_EX0, dumbledores_army)	member_of(neville_longbottom, dumbledores_army)	1
hates(Y, P)	hates(X, Y) :- deatheater(X), muggle(Y)	1
magical(_EX0)	magical(nagini)	1
parent(Y, P)	parent(vernon_dursley, dudley_dursley)	1
parent(Y, ron_weasley)	parent(molly_weasley, ron_weasley)	1
parent(P, Y)	parent(petunia_dursley, dudley_dursley)	1
parent(harry_potter, P)	parent(harry_potter, albus_severus_potter)	1
parent(P, _EX1)	parent(hermione_granger, hugo_weasley)	1
parent(P, _EX3)	parent(lily_potter, harry_potter)	1
parent(arthur_weasley, P)	parent(arthur_weasley, charlie_weasley)	1
parent(P, ron_weasley)	parent(arthur_weasley, ron_weasley)	1
parent(P, X)	parent(molly_weasley, ginny_weasley)	1
evil(Y)	evil(X) :- deatheater(X)	1
squib(Y)	squib(argus_filch)	1
member_of(X, dumbledores_army)	member_of(george_weasley, dumbledores_army)	1
hates(_EX3, marge_dursley)	hates(X, Y) :- deatheater(X), muggle(Y)	1
deatheater(_EX0)	deatheater(X) :- member_of(X, death_eaters)	1
enemy(P, X)	enemy(petunia_dursley, harry_potter)	1
parent(Y, _EX3)	parent(frank_longbottom, neville_longbottom)	1
member_of(X, order_of_the_phoenix)	member_of(albus_dumbledore, order_of_the_phoenix)	1
muggleborn(_EX5)	muggleborn(colin_creevey)	1
enemy(X, P)	enemy(dolores_umbridge, hermione_granger)	1
enemy(X, P)	enemy(cormac_mclaggen, ron_weasley)	1
parent(P, X)	parent(petunia_dursley, dudley_dursley)	1
parent(X, Y)	parent(ginny_weasley, james_sirius_potter)	1
parent(X, Y)	parent(molly_weasley, george_weasley)	1
parent(_EX1, P)	parent(ron_weasley, hugo_weasley)	1
female(P)	female(narcissa_malfoy)	1
magical(P)	magical(nagini)	1
deatheater(X)	deatheater(X) :- member_of(X, death_eaters)	1
betrays(X, P)	betrays(xenophilius_lovegood, ron_weasley)	1
parent(P, _EX3)	parent(molly_weasley, fred_weasley)	1
parent(P, _EX3)	parent(arthur_weasley, bill_weasley)	1
parent(P, Z)	parent(ron_weasley, rose_weasley)	1
parent(P, _EX1)	parent(molly_weasley, percy_weasley)	1
parent(_EX4, ginny_weasley)	parent(molly_weasley, ginny_weasley)	1
parent(Z, Y)	parent(frank_longbottom, neville_longbottom)	1
creature(scabbers)	creature(scabbers)	1
enemy(Z, _EX1)	enemy(voldemort, hermione_granger)	1
member_of(harry_potter, dumbledores_army)	member_of(harry_potter, dumbledores_army)	1
hates(lucius_malfoy, X)	hates(X, Y) :- deatheater(X), squib(Y)	1
hates(_EX4, _EX0)	hates(X, Y) :- deatheater(X), squib(Y)	1
betrays(Y, P)	betrays(xenophilius_lovegood, hermione_granger)	1
parent(X, P)	parent(harry_potter, james_sirius_potter)	1
member_of(Y, death_eaters)	member_of(bellatrix_lestrange, death_eaters)	1
house(X, P)	house(slytherin, voldemort)	1
parent(P, _EX1)	parent(molly_weasley, bill_weasley)	1
parent(Y, P)	parent(ron_weasley, hugo_weasley)	1
parent(_EX1, P)	parent(molly_weasley, george_weasley)	1
ancestor(ginny_weasley, albus_severus_potter)	ancestor(X, Y) :- parent(X, Y)	1
house(X, P)	house(slytherin, horace_slughorn)	1
member_of(_EX4, dumbledores_army)	member_of(harry_potter, dumbledores_army)	1
parent(Y, _EX3)	parent(alice_longbottom, neville_longbottom)	1
betrays(X, P)	betrays(cho_chang, harry_potter)	1
male(P)	male(vernon_dursley)	1
member_of(_EX0, order_of_the_phoenix)	member_of(alastor_moody, order_of_the_phoenix)	1
parent(P, Z)	parent(lily_potter, harry_potter)	1
member_of(_EX2, order_of_the_phoenix)	member_of(albus_dumbledore, order_of_the_phoenix)	1
parent(X, P)	parent(molly_weasley, fred_weasley)	1
parent(X, P)	parent(arthur_weasley, bill_weasley)	1
muggle(_EX3)	muggle(vernon_dursley)	1
likes_voldemort(_EX4)	likes_voldemort(X) :- deatheater(X)	1
chocolate_frog_card(albus_dumbledore)	chocolate_frog_card(albus_dumbledore)	1
muggleborn(Y)	muggleborn(myrtle_warren)	1
enemy(X, Y)	enemy(dolores_umbridge, harry_potter)	1
parent(Y, P)	parent(molly_weasley, george_weasley)	1
parent(Z, Y)	parent(alice_longbottom, neville_longbottom)	1
enemy(P, _EX3)	enemy(gilderoy_lockhart, hermione_granger)	1
professor(P)	professor(remus_lupin)	1
parent(P, Z)	parent(ginny_weasley, james_sirius_potter)	1
male(P)	male(remus_lupin)	1
enemy(X, P)	enemy(quirinus_quirrell, hermione_granger)	1
ancestor(P, X)	ancestor(X, Y) :- parent(X, Y)	1
muggleborn(Y)	muggleborn(hermione_granger)	1
parent(ginny_weasley, _EX3)	parent(ginny_weasley, james_sirius_potter)	1
hates(_EX0, Z)	hates(X, Y) :- deatheater(X), squib(Y)	1
parent(Y, P)	parent(xenophilius_lovegood, luna_lovegood)	1
deatheater(Z)	deatheater(X) :- member_of(X, death_eaters)	1
parent(P, X)	parent(arthur_weasley, ron_weasley)	1
parent(_EX1, P)	parent(hermione_granger, hugo_weasley)	1
ancestor(ron_weasley, _EX3)	ancestor(X, Y) :- parent(X, Y)	1
parent(Y, _EX3)	parent(arthur_weasley, fred_weasley)	1
enemy(X, Y)	enemy(quirinus_quirrell, ron_weasley)	1
male(P)	male(george_weasley)	1
subject(P)	subject(divination)	1
female(P)	female(minerva_mccgonagall)	1
parent(P, Y)	parent(harry_potter, lily_luna_potter)	1
parent(X, Y)	parent(molly_weasley, percy_weasley)	1
ancestor(ginny_weasley, X)	ancestor(X, Y) :- parent(X, Y)	1
male(P)	male(harry_potter)	1
betrays(X, P)	betrays(percy_weasley, charlie_weasley)	1
parent(P, james_sirius_potter)	parent(ginny_weasley, james_sirius_potter)	1
parent(Z, Y)	parent(james_potter, harry_potter)	1
parent(P, Y)	parent(arthur_weasley, charlie_weasley)	1
member_of(X, death_eaters)	member_of(bellatrix_lestrange, death_eaters)	1
house(gryffindor, P)	house(gryffindor, petter_pettigrew)	1
parent(Z, Y)	parent(arthur_weasley, bill_weasley)	1
parent(Y, P)	parent(hermione_granger, hugo_weasley)	1
male(P)	male(horace_slughorn)	1
male(P)	male(frank_longbottom)	1
male(P)	male(albus_dumbledore)	1
parent(Y, harry_potter)	parent(lily_potter, harry_potter)	1
member_of(X, death_eaters)	member_of(narcissa_malfoy, death_eaters)	1
member_of(P, dumbledores_army)	member_of(neville_longbottom, dumbledores_army)	1
member_of(_EX2, dumbledores_army)	member_of(luna_lovegood, dumbledores_army)	1
ancestor(_EX2, draco_malfoy)	ancestor(X, Y) :- parent(X, Y)	1
house(gryffindor, P)	house(gryffindor, percy_weasley)	1
enemy(P, _EX3)	enemy(dolores_umbridge, george_weasley)	1
house(gryffindor, Z)	house(gryffindor, james_potter)	1
member_of(P, dumbledores_army)	member_of(fred_weasley, dumbledores_army)	1
parent(_EX0, james_sirius_potter)	parent(harry_potter, james_sirius_potter)	1
parent(Y, _EX3)	parent(ginny_weasley, lily_luna_potter)	1
parent(Y, draco_malfoy)	parent(narcissa_malfoy, draco_malfoy)	1
parent(P, X)	parent(harry_potter, lily_luna_potter)	1
ancestor(X, Y)	ancestor(X, Y) :- parent(X, Y)	1
enemy(Z, _EX1)	enemy(peter_pettigrew, sirius_black)	1
male(P)	male(gilderoy_lockhart)	1
parent(P, X)	parent(arthur_weasley, charlie_weasley)	1
house(gryffindor, Z)	house(gryffindor, ron_weasley)	1
parent(_EX1, P)	parent(molly_weasley, bill_weasley)	1
parent(X, Y)	parent(molly_weasley, ginny_weasley)	1
squib(P)	squib(arabella_figg)	1
member_of(_EX3, death_eaters)	member_of(bellatrix_lestrange, death_eaters)	1
member_of(X, order_of_the_phoenix)	member_of(sirius_black, order_of_the_phoenix)	1
hates(voldemort, Y)	hates(X, Y) :- deatheater(X), squib(Y)	1
male(P)	male(colin_creevey)	1
member_of(X, order_of_the_phoenix)	member_of(molly_weasley, order_of_the_phoenix)	1
parent(Z, Y)	parent(ginny_weasley, lily_luna_potter)	1
parent(P, Y)	parent(ron_weasley, rose_weasley)	1
member_of(_EX0, death_eaters)	member_of(peter_pettigrew, death_eaters)	1
hates(_EX1, _EX0)	hates(X, Y) :- deatheater(X), muggleborn(Y)	1
member_of(_EX2, death_eaters)	member_of(draco_malfoy, death_eaters)	1
teaches(P, divination)	teaches(sybill_trelawney, divination)	1
ancestor(Z, harry_potter)	ancestor(X, Y) :- parent(X, Y)	1
parent(P, Z)	parent(molly_weasley, percy_weasley)	1
ancestor(ginny_weasley, P)	ancestor(X, Y) :- parent(X, Y)	1
member_of(_EX1, dumbledores_army)	member_of(padma_patil, dumbledores_army)	1
ancestor(james_potter, _EX1)	ancestor(X, Y) :- parent(X, Y)	1
enemy(X, P)	enemy(voldemort, harry_potter)	1
member_of(P, order_of_the_phoenix)	member_of(harry_potter, order_of_the_phoenix)	1
member_of(_EX4, dumbledores_army)	member_of(ron_weasley, dumbledores_army)	1
parent(P, _EX1)	parent(petunia_dursley, dudley_dursley)	1
parent(Y, _EX3)	parent(molly_weasley, charlie_weasley)	1
parent(P, _EX1)	parent(arthur_weasley, percy_weasley)	1
parent(Y, P)	parent(molly_weasley, bill_weasley)	1
parent(P, _EX1)	parent(molly_weasley, fred_weasley)	1
parent(ginny_weasley, X)	parent(ginny_weasley, lily_luna_potter)	1
parent(X, P)	parent(molly_weasley, ron_weasley)	1
enemy(voldemort, Y)	enemy(voldemort, harry_potter)	1
parent(Z, P)	parent(harry_potter, james_sirius_potter)	1
enemy(lucius_malfoy, _EX3)	enemy(X, Y) :- member_of(X, death_eaters), member_of(Y, dumbledores_army)	1
parent(P, X)	parent(ron_weasley, rose_weasley)	1
parent(arthur_weasley, P)	parent(arthur_weasley, george_weasley)	1
hates(Z, petunia_dursley)	hates(X, Y) :- deatheater(X), muggle(Y)	1
member_of(P, dumbledores_army)	member_of(harry_potter, dumbledores_army)	1
horcrux(nagini)	horcrux(nagini)	1
parent(Z, Y)	parent(molly_weasley, charlie_weasley)	1
enemy(Z, _EX1)	enemy(cormac_mclaggen, ron_weasley)	1
house(X, P)	house(gryffindor, colin_creevey)	1
subject(P)	subject(defense_against_the_dark_arts)	1
house(gryffindor, P)	house(gryffindor, parvati_patil)	1
enemy(P, X)	enemy(X, Y) :- member_of(X, death_eaters), member_of(Y, dumbledores_army)	1
parent(Y, P)	parent(ginny_weasley, albus_severus_potter)	1
parent(P, Y)	parent(harry_potter, james_sirius_potter)	1
parent(P, Y)	parent(harry_potter, albus_severus_potter)	1
enemy(X, P)	enemy(petunia_dursley, harry_potter)	1
parent(Z, Y)	parent(harry_potter, james_sirius_potter)	1
male(P)	male(argus_filch)	1
enemy(P, X)	enemy(gilderoy_lockhart, harry_potter)	1
member_of(P, death_eaters)	member_of(draco_malfoy, death_eaters)	1
parent(Z, Y)	parent(molly_weasley, george_weasley)	1
member_of(_EX4, dumbledores_army)	member_of(neville_longbottom, dumbledores_army)	1
magical_pet(P, aragog)	magical_pet(X, Y) :- magical_creature(Y), owns(X, Y)	1
parent(Y, P)	parent(lucius_malfoy, draco_malfoy)	1
ancestor(X, albus_severus_potter)	ancestor(X, Y) :- parent(X, Y)	1
house(P, X)	house(gryffindor, james_potter)	1
member_of(Z, order_of_the_phoenix)	member_of(nymphadora_tonks, order_of_the_phoenix)	1
house(P, X)	house(slytherin, tom_riddle)	1
muggleborn(colin_creevey)	muggleborn(colin_creevey)	1
member_of(_EX0, dumbledores_army)	member_of(seamus_finnigan, dumbledores_army)	1
parent(Z, Y)	parent(molly_weasley, ron_weasley)	1
parent(_EX4, harry_potter)	parent(james_potter, harry_potter)	1
member_of(_EX0, dumbledores_army)	member_of(harry_potter, dumbledores_army)	1
house(gryffindor, P)	house(gryffindor, ginny_weasley)	1
enemy(P, harry_potter)	enemy(voldemort, harry_potter)	1
enemy(_EX2, _EX0)	enemy(peter_pettigrew, sirius_black)	1
member_of(neville_longbottom, dumbledores_army)	member_of(neville_longbottom, dumbledores_army)	1
parent(james_potter, P)	parent(james_potter, harry_potter)	1
half_blood(severus_snape)	half_blood(severus_snape)	1
enemy(P, _EX3)	enemy(peter_pettigrew, sirius_black)	1
house(P, X)	house(gryffindor, ron_weasley)	1
member_of(_EX4, dumbledores_army)	member_of(luna_lovegood, dumbledores_army)	1
squib(_EX3)	squib(arabella_figg)	1
parent(ron_weasley, Y)	parent(ron_weasley, rose_weasley)	1
ancestor(_EX1, P)	ancestor(X, Y) :- parent(X, Y)	1
parent(P, X)	parent(ginny_weasley, james_sirius_potter)	1
parent(ron_weasley, Z)	parent(ron_weasley, rose_weasley)	1
male(P)	male(godric_gryffindor)	1
professor(P)	professor(gilderoy_lockhart)	1
muggleborn(_EX5)	muggleborn(hermione_granger)	1
parent(_EX2, P)	parent(petunia_dursley, dudley_dursley)	1
parent(P, Y)	parent(hermione_granger, rose_weasley)	1
parent(X, P)	parent(lily_potter, harry_potter)	1
enemy(Z, _EX1)	enemy(quirinus_quirrell, ron_weasley)	1
muggle(Y)	muggle(dudley_dursley)	1
creature(nagini)	creature(nagini)	1
enemy(P, X)	enemy(draco_malfoy, harry_potter)	1
member_of(Y, death_eaters)	member_of(severus_snape, death_eaters)	1
ancestor(ron_weasley, Y)	ancestor(X, Y) :- parent(X, Y)	1
enemy(X, Y)	enemy(dolores_umbridge, ron_weasley)	1
enemy(P, harry_potter)	enemy(petunia_dursley, harry_potter)	1
member_of(Z, order_of_the_phoenix)	member_of(harry_potter, order_of_the_phoenix)	1
parent(X, P)	parent(ginny_weasley, james_sirius_potter)	1
parent(P, _EX1)	parent(harry_potter, lily_luna_potter)	1
magical(_EX0)	magical(unicorn)	1
parent(Z, P)	parent(arthur_weasley, george_weasley)	1
enemy(X, Y)	enemy(draco_malfoy, ron_weasley)	1
enemy(Z, _EX1)	enemy(dolores_umbridge, ginny_weasley)	1
enemy(P, fred_weasley)	enemy(dolores_umbridge, fred_weasley)	1
member_of(_EX4, death_eaters)	member_of(bellatrix_lestrange, death_eaters)	1
parent(P, draco_malfoy)	parent(narcissa_malfoy, draco_malfoy)	1
parent(Z, Y)	parent(narcissa_malfoy, draco_malfoy)	1
muggle(P)	muggle(vernon_dursley)	1
deatheater(Y)	deatheater(X) :- member_of(X, death_eaters)	1
parent(_EX0, harry_potter)	parent(james_potter, harry_potter)	1
member_of(_EX4, death_eaters)	member_of(narcissa_malfoy, death_eaters)	1
member_of(Z, death_eaters)	member_of(voldemort, death_eaters)	1
hates(voldemort, Y)	hates(X, Y) :- deatheater(X), muggle(Y)	1
parent(X, Y)	parent(arthur_weasley, charlie_weasley)	1
muggle(Z)	muggle(vernon_dursley)	1
parent(P, Z)	parent(arthur_weasley, percy_weasley)	1
member_of(Y, order_of_the_phoenix)	member_of(sirius_black, order_of_the_phoenix)	1
enemy(X, Y)	enemy(voldemort, wizarding_world)	1
member_of(fred_weasley, dumbledores_army)	member_of(fred_weasley, dumbledores_army)	1
member_of(P, dumbledores_army)	member_of(ron_weasley, dumbledores_army)	1
muggleborn(_EX0)	muggleborn(lily_potter)	1
enemy(P, harry_potter)	enemy(dolores_umbridge, harry_potter)	1
hates(Z, P)	hates(X, Y) :- deatheater(X), muggleborn(Y)	1
betrays(Y, P)	betrays(xenophilius_lovegood, ron_weasley)	1
member_of(X, order_of_the_phoenix)	member_of(alastor_moody, order_of_the_phoenix)	1
ancestor(_EX0, james_sirius_potter)	ancestor(X, Y) :- ancestor(Z, Y), parent(X, Z)	1
parent(Z, Y)	parent(arthur_weasley, george_weasley)	1
ancestor(X, P)	ancestor(X, Y) :- ancestor(Z, Y), parent(X, Z)	1
enemy(X, Y)	enemy(bellatrix_lestrange, neville_longbottom)	1
member_of(_EX0, order_of_the_phoenix)	member_of(albus_dumbledore, order_of_the_phoenix)	1
parent(harry_potter, Z)	parent(harry_potter, albus_severus_potter)	1
enemy(P, _EX3)	enemy(bellatrix_lestrange, sirius_black)	1
member_of(Y, dumbledores_army)	member_of(hermione_granger, dumbledores_army)	1
parent(P, X)	parent(molly_weasley, percy_weasley)	1
enemy(_EX2, _EX0)	enemy(X, Y) :- member_of(X, death_eaters), member_of(Y, dumbledores_army)	1
enemy(P, X)	enemy(voldemort, rubeus_hagrid)	1
magical(P)	magical(unicorn)	1
parent(P, _EX3)	parent(ron_weasley, hugo_weasley)	1
ancestor(Y, _EX3)	ancestor(X, Y) :- ancestor(Z, Y), parent(X, Z)	1
parent(P, Y)	parent(ginny_weasley, lily_luna_potter)	1
enemy(P, _EX3)	enemy(X, Y) :- member_of(X, death_eaters), member_of(Y, dumbledores_army)	1
muggle(dudley_dursley)	muggle(dudley_dursley)	1
parent(ginny_weasley, Y)	parent(ginny_weasley, james_sirius_potter)	1
parent(Y, P)	parent(harry_potter, albus_severus_potter)	1
parent(P, _EX1)	parent(ron_weasley, rose_weasley)	1
magical(_EX0)	magical(norbert)	1
parent(_EX5, hugo_weasley)	parent(ron_weasley, hugo_weasley)	1
hates(X, Z)	hates(X, Y) :- deatheater(X), squib(Y)	1
enemy(Z, _EX1)	enemy(voldemort, harry_potter)	1
muggle(P)	muggle(petunia_dursley)	1
member_of(Y, dumbledores_army)	member_of(luna_lovegood, dumbledores_army)	1
member_of(_EX2, order_of_the_phoenix)	member_of(harry_potter, order_of_the_phoenix)	1
parent(P, _EX3)	parent(molly_weasley, george_weasley)	1
descendant(Y, Z)	descendant(X, Y) :- ancestor(Y, X)	1
enemy(_EX2, _EX0)	enemy(quirinus_quirrell, ron_weasley)	1
parent(Z, Y)	parent(vernon_dursley, dudley_dursley)	1
enemy(P, _EX3)	enemy(quirinus_quirrell, ron_weasley)	1
parent(_EX1, ginny_weasley)	parent(molly_weasley, ginny_weasley)	1
member_of(_EX2, death_eaters)	member_of(peter_pettigrew, death_eaters)	1
parent(harry_potter, _EX3)	parent(harry_potter, albus_severus_potter)	1
parent(X, P)	parent(ron_weasley, hugo_weasley)	1
parent(_EX0, james_sirius_potter)	parent(ginny_weasley, james_sirius_potter)	1
parent(P, Y)	parent(molly_weasley, charlie_weasley)	1
parent(_EX2, P)	parent(harry_potter, lily_luna_potter)	1
female(P)	female(rowena_ravenclaw)	1
house(P, X)	house(gryffindor, colin_creevey)	1
parent(P, _EX3)	parent(xenophilius_lovegood, luna_lovegood)	1
house(P, X)	house(slytherin, narcissa_malfoy)	1
parent(P, _EX1)	parent(lily_potter, harry_potter)	1
member_of(X, dumbledores_army)	member_of(seamus_finnigan, dumbledores_army)	1
magical(aragog)	magical(aragog)	1
member_of(Z, death_eaters)	member_of(lucius_malfoy, death_eaters)	1
male(P)	male(percy_weasley)	1
enemy(X, Y)	enemy(gilderoy_lockhart, ron_weasley)	1
member_of(voldemort, death_eaters)	member_of(voldemort, death_eaters)	1
member_of(P, death_eaters)	member_of(bellatrix_lestrange, death_eaters)	1
ancestor(P, lily_luna_potter)	ancestor(X, Y) :- parent(X, Y)	1
ancestor(_EX4, lily_luna_potter)	ancestor(X, Y) :- parent(X, Y)	1
parent(Y, P)	parent(hermione_granger, rose_weasley)	1
member_of(P, death_eaters)	member_of(narcissa_malfoy, death_eaters)	1
parent(X, P)	parent(molly_weasley, george_weasley)	1
parent(P, ginny_weasley)	parent(arthur_weasley, ginny_weasley)	1
parent(Y, _EX3)	parent(ron_weasley, hugo_weasley)	1
parent(X, Y)	parent(harry_potter, albus_severus_potter)	1
parent(X, Y)	parent(frank_longbottom, neville_longbottom)	1
ancestor(_EX5, hugo_weasley)	ancestor(X, Y) :- ancestor(Z, Y), parent(X, Z)	1
house(X, P)	house(hufflepuff, nymphadora_tonks)	1
parent(ron_weasley, _EX3)	parent(ron_weasley, rose_weasley)	1
betrays(X, P)	betrays(cho_chang, luna_lovegood)	1
house(X, P)	house(slytherin, regulus_black)	1
parent(P, _EX1)	parent(arthur_weasley, bill_weasley)	1
betrays(Y, P)	betrays(cho_chang, hermione_granger)	1
parent(X, P)	parent(xenophilius_lovegood, luna_lovegood)	1
professor(P)	professor(sybill_trelawney)	1
parent(_EX5, ron_weasley)	parent(arthur_weasley, ron_weasley)	1
member_of(P, death_eaters)	member_of(peter_pettigrew, death_eaters)	1
parent(Z, Y)	parent(ron_weasley, hugo_weasley)	1
hates(lucius_malfoy, X)	hates(X, Y) :- deatheater(X), muggleborn(Y)	1
hates(_EX4, _EX0)	hates(X, Y) :- deatheater(X), muggleborn(Y)	1
ancestor(P, Z)	ancestor(X, Y) :- parent(X, Y)	1
ancestor(ron_weasley, hugo_weasley)	ancestor(X, Y) :- parent(X, Y)	1
enemy(X, P)	enemy(voldemort, ron_weasley)	1
parent(P, harry_potter)	parent(james_potter, harry_potter)	1
creature(unicorn)	creature(unicorn)	1
house(X, P)	house(hufflepuff, cedric_diggory)	1
house(X, P)	house(gryffindor, fred_weasley)	1
member_of(_EX3, dumbledores_army)	member_of(colin_creevey, dumbledores_army)	1
parent(harry_potter, Y)	parent(harry_potter, albus_severus_potter)	1
enemy(_EX2, _EX0)	enemy(voldemort, harry_potter)	1
parent(Y, _EX3)	parent(xenophilius_lovegood, luna_lovegood)	1
enemy(voldemort, Y)	enemy(voldemort, ron_weasley)	1
parent(X, Y)	parent(alice_longbottom, neville_longbottom)	1
magical_creature(aragog)	magical_creature(X) :- creature(X), magical(X)	1
descendant(X, P)	descendant(X, Y) :- ancestor(Y, X)	1
parent(X, Y)	parent(hermione_granger, rose_weasley)	1
member_of(_EX1, dumbledores_army)	member_of(parvati_patil, dumbledores_army)	1
enemy(P, _EX3)	enemy(voldemort, rubeus_hagrid)	1
betrays(Y, P)	betrays(cho_chang, fred_weasley)	1
parent(P, Z)	parent(frank_longbottom, neville_longbottom)	1
betrays(X, P)	betrays(percy_weasley, bill_weasley)	1
parent(_EX2, P)	parent(lily_potter, harry_potter)	1
enemy(_EX2, _EX0)	enemy(voldemort, ron_weasley)	1
parent(Z, P)	parent(hermione_granger, hugo_weasley)	1
parent(P, X)	parent(arthur_weasley, percy_weasley)	1
parent(Y, _EX3)	parent(petunia_dursley, dudley_dursley)	1
female(P)	female(lily_luna_potter)	1
enemy(X, P)	enemy(draco_malfoy, harry_potter)	1
descendant(Y, harry_potter)	descendant(X, Y) :- ancestor(Y, X)	1
parent(P, Y)	parent(narcissa_malfoy, draco_malfoy)	1
parent(_EX1, P)	parent(alice_longbottom, neville_longbottom)	1
member_of(_EX1, death_eaters)	member_of(bellatrix_lestrange, death_eaters)	1
house(gryffindor, P)	house(gryffindor, minerva_mccgonall)	1
member_of(P, dumbledores_army)	member_of(colin_creevey, dumbledores_army)	1
parent(_EX1, P)	parent(lily_potter, harry_potter)	1
female(P)	female(alice_longbottom)	1
member_of(_EX1, death_eaters)	member_of(narcissa_malfoy, death_eaters)	1
enemy(X, Y)	enemy(dolores_umbridge, george_weasley)	1
parent(harry_potter, X)	parent(harry_potter, lily_luna_potter)	1
descendant(james_sirius_potter, _EX0)	descendant(X, Y) :- ancestor(Y, X)	1
parent(X, Y)	parent(arthur_weasley, fred_weasley)	1
parent(P, hugo_weasley)	parent(ron_weasley, hugo_weasley)	1
enemy(X, Y)	enemy(marge_dursley, harry_potter)	1
house(P, X)	house(gryffindor, remus_lupin)	1
parent(Z, Y)	parent(hermione_granger, hugo_weasley)	1
house(X, P)	house(gryffindor, parvati_patil)	1
parent(P, _EX3)	parent(lucius_malfoy, draco_malfoy)	1
parent(harry_potter, Z)	parent(harry_potter, james_sirius_potter)	1
parent(P, Z)	parent(alice_longbottom, neville_longbottom)	1
member_of(X, death_eaters)	member_of(draco_malfoy, death_eaters)	1
parent(Z, P)	parent(molly_weasley, percy_weasley)	1
parent(petunia_dursley, Z)	parent(petunia_dursley, dudley_dursley)	1
parent(_EX1, P)	parent(arthur_weasley, fred_weasley)	1
parent(Z, P)	parent(molly_weasley, bill_weasley)	1
ancestor(P, harry_potter)	ancestor(X, Y) :- parent(X, Y)	1
parent(X, Y)	parent(ginny_weasley, lily_luna_potter)	1
house(gryffindor, Z)	house(gryffindor, george_weasley)	1
parent(Z, harry_potter)	parent(lily_potter, harry_potter)	1
parent(X, P)	parent(ginny_weasley, albus_severus_potter)	1
female(P)	female(ginny_weasley)	1
muggleborn(P)	muggleborn(hermione_granger)	1
male(P)	male(bill_weasley)	1
descendant(lily_luna_potter, _EX4)	descendant(X, Y) :- ancestor(Y, X)	1
magical(_EX0)	magical(thestral)	1
enemy(P, harry_potter)	enemy(draco_malfoy, harry_potter)	1
hates(bellatrix_lestrange, _EX5)	hates(X, Y) :- deatheater(X), muggleborn(Y)	1
parent(P, Z)	parent(james_potter, harry_potter)	1
house(X, P)	house(gryffindor, seamus_finnigan)	1
parent(ginny_weasley, _EX1)	parent(ginny_weasley, james_sirius_potter)	1
parent(X, P)	parent(lucius_malfoy, draco_malfoy)	1
parent(Y, P)	parent(arthur_weasley, fred_weasley)	1
parent(P, Z)	parent(arthur_weasley, bill_weasley)	1
parent(ron_weasley, _EX1)	parent(ron_weasley, rose_weasley)	1
parent(Z, Y)	parent(molly_weasley, bill_weasley)	1
professor(P)	professor(albus_dumbledore)	1
destroyed(X, P)	destroyed(voldemort, harry_potter)	1
parent(X, P)	parent(harry_potter, lily_luna_potter)	1
muggleborn(_EX0)	muggleborn(myrtle_warren)	1
parent(arthur_weasley, P)	parent(arthur_weasley, bill_weasley)	1
enemy(P, X)	enemy(peter_pettigrew, sirius_black)	1
parent(P, albus_severus_potter)	parent(harry_potter, albus_severus_potter)	1
parent(Y, _EX3)	parent(ginny_weasley, albus_severus_potter)	1
member_of(P, order_of_the_phoenix)	member_of(nymphadora_tonks, order_of_the_phoenix)	1
parent(X, Y)	parent(molly_weasley, charlie_weasley)	1
hates(voldemort, _EX3)	hates(X, Y) :- deatheater(X), muggle(Y)	1
betrays(X, P)	betrays(cho_chang, ron_weasley)	1
enemy(_EX2, _EX0)	enemy(voldemort, wizarding_world)	1
enemy(Y, ginny_weasley)	enemy(voldemort, ginny_weasley)	1
member_of(_EX2, death_eaters)	member_of(bellatrix_lestrange, death_eaters)	1
member_of(Z, death_eaters)	member_of(narcissa_malfoy, death_eaters)	1
parent(P, Z)	parent(lucius_malfoy, draco_malfoy)	1
descendant(albus_severus_potter, X)	descendant(X, Y) :- ancestor(Y, X)	1
muggleborn(X)	muggleborn(colin_creevey)	1
enemy(P, _EX3)	enemy(voldemort, hermione_granger)	1
magical(P)	magical(thestral)	1
house(gryffindor, P)	house(gryffindor, remus_lupin)	1
member_of(nymphadora_tonks, order_of_the_phoenix)	member_of(nymphadora_tonks, order_of_the_phoenix)	1
house(P, X)	house(hufflepuff, nymphadora_tonks)	1
ancestor(arthur_weasley, P)	ancestor(X, Y) :- ancestor(Z, Y), parent(X, Z)	1
parent(P, Z)	parent(ginny_weasley, lily_luna_potter)	1
parent(harry_potter, X)	parent(harry_potter, albus_severus_potter)	1
betrays(X, P)	betrays(percy_weasley, hermione_granger)	1
member_of(_EX3, death_eaters)	member_of(lucius_malfoy, death_eaters)	1
house(P, X)	house(slytherin, regulus_black)	1
parent(P, _EX3)	parent(molly_weasley, ron_weasley)	1
parent(ginny_weasley, X)	parent(ginny_weasley, albus_severus_potter)	1
parent(Y, P)	parent(narcissa_malfoy, draco_malfoy)	1
creature(P)	creature(crookshanks)	1
magical(_EX0)	magical(scabbers)	1
enemy(X, Y)	enemy(voldemort, albus_dumbledore)	1
male(P)	male(seamus_finnigan)	1
enemy(severus_snape, _EX3)	enemy(X, Y) :- member_of(X, order_of_the_phoenix), member_of(Y, death_eaters)	1
enemy(Z, _EX1)	enemy(voldemort, ron_weasley)	1
member_of(P, death_eaters)	member_of(severus_snape, death_eaters)	1
member_of(_EX0, order_of_the_phoenix)	member_of(harry_potter, order_of_the_phoenix)	1
professor(P)	professor(alastor_moody)	1
house(X, P)	house(slytherin, tom_riddle)	1
horcrux(resurrection_stone)	horcrux(resurrection_stone)	1
creature(crookshanks)	creature(crookshanks)	1
parent(X, albus_severus_potter)	parent(harry_potter, albus_severus_potter)	1
parent(P, Z)	parent(molly_weasley, charlie_weasley)	1
parent(P, X)	parent(frank_longbottom, neville_longbottom)	1
house(gryffindor, P)	house(gryffindor, harry_potter)	1
house(X, P)	house(gryffindor, ron_weasley)	1
member_of(_EX4, death_eaters)	member_of(severus_snape, death_eaters)	1
squib(_EX3)	squib(argus_filch)	1
muggleborn(myrtle_warren)	muggleborn(myrtle_warren)	1
member_of(Y, order_of_the_phoenix)	member_of(harry_potter, order_of_the_phoenix)	1
enemy(_EX2, _EX0)	enemy(gilderoy_lockhart, ron_weasley)	1
parent(P, Z)	parent(harry_potter, james_sirius_potter)	1
parent(_EX4, lily_luna_potter)	parent(ginny_weasley, lily_luna_potter)	1
parent(_EX2, P)	parent(hermione_granger, hugo_weasley)	1
squib(_EX5)	squib(arabella_figg)	1
member_of(P, dumbledores_army)	member_of(padma_patil, dumbledores_army)	1
enemy(Z, _EX1)	enemy(draco_malfoy, harry_potter)	1
house(X, P)	house(gryffindor, petter_pettigrew)	1
member_of(padma_patil, dumbledores_army)	member_of(padma_patil, dumbledores_army)	1
parent(Y, P)	parent(molly_weasley, ginny_weasley)	1
parent(P, Z)	parent(molly_weasley, ron_weasley)	1
parent(X, P)	parent(harry_potter, albus_severus_potter)	1
parent(X, P)	parent(frank_longbottom, neville_longbottom)	1
parent(P, albus_severus_potter)	parent(ginny_weasley, albus_severus_potter)	1
parent(X, Y)	parent(narcissa_malfoy, draco_malfoy)	1
member_of(P, order_of_the_phoenix)	member_of(minerva_mccgonagall, order_of_the_phoenix)	1
enemy(X, Y)	enemy(voldemort, ginny_weasley)	1
member_of(_EX0, order_of_the_phoenix)	member_of(remus_lupin, order_of_the_phoenix)	1
enemy(voldemort, Y)	enemy(voldemort, ginny_weasley)	1
parent(P, james_sirius_potter)	parent(harry_potter, james_sirius_potter)	1
deatheater(P)	deatheater(X) :- member_of(X, death_eaters)	1
muggle(_EX0)	muggle(vernon_dursley)	1
enemy(X, Y)	enemy(bellatrix_lestrange, sirius_black)	1
parent(P, Y)	parent(molly_weasley, fred_weasley)	1
enemy(P, X)	enemy(quirinus_quirrell, ron_weasley)	1
hogwarts_founder(P)	hogwarts_founder(helga_hufflepuff)	1
magical(P)	magical(aragog)	1
deatheater(lucius_malfoy)	deatheater(X) :- member_of(X, death_eaters)	1
parent(Z, Y)	parent(arthur_weasley, fred_weasley)	1
muggle(marge_dursley)	muggle(marge_dursley)	1
member_of(_EX0, dumbledores_army)	member_of(padma_patil, dumbledores_army)	1
house(P, X)	house(slytherin, draco_malfoy)	1
destroyed(X, P)	destroyed(neville_longbottom, nagini)	1
member_of(_EX2, dumbledores_army)	member_of(cho_chang, dumbledores_army)	1
house(gryffindor, P)	house(gryffindor, james_potter)	1
parent(_EX2, P)	parent(molly_weasley, bill_weasley)	1
betrays(Y, P)	betrays(xenophilius_lovegood, harry_potter)	1
enemy(Z, _EX1)	enemy(gilderoy_lockhart, severus_snape)	1
parent(P, X)	parent(james_potter, harry_potter)	1
member_of(X, death_eaters)	member_of(peter_pettigrew, death_eaters)	1
parent(P, X)	parent(arthur_weasley, bill_weasley)	1
member_of(severus_snape, order_of_the_phoenix)	member_of(severus_snape, order_of_the_phoenix)	1
member_of(_EX1, order_of_the_phoenix)	member_of(sirius_black, order_of_the_phoenix)	1
house(gryffindor, P)	house(gryffindor, sirius_black)	1
enemy(Z, _EX1)	enemy(quirinus_quirrell, hermione_granger)	1
parent(X, P)	parent(hermione_granger, rose_weasley)	1
member_of(_EX3, dumbledores_army)	member_of(harry_potter, dumbledores_army)	1
parent(P, _EX1)	parent(ron_weasley, hugo_weasley)	1
enemy(X, peter_pettigrew)	enemy(X, Y) :- member_of(X, order_of_the_phoenix), member_of(Y, death_eaters)	1
muggle(Y)	muggle(marge_dursley)	1
ancestor(Z, Y)	ancestor(X, Y) :- ancestor(Z, Y), parent(X, Z)	1
parent(P, Z)	parent(narcissa_malfoy, draco_malfoy)	1
betrays(X, P)	betrays(cho_chang, george_weasley)	1
house(gryffindor, P)	house(gryffindor, lily_potter)	1
parent(X, Y)	parent(vernon_dursley, dudley_dursley)	1
muggle(_EX0)	muggle(petunia_dursley)	1
ancestor(P, _EX3)	ancestor(X, Y) :- parent(X, Y)	1
muggleborn(X)	muggleborn(myrtle_warren)	1
female(P)	female(nagini)	1
enemy(_EX2, _EX0)	enemy(dolores_umbridge, hermione_granger)	1
parent(X, P)	parent(james_potter, harry_potter)	1
enemy(P, _EX3)	enemy(dolores_umbridge, hermione_granger)	1
enemy(P, _EX3)	enemy(cormac_mclaggen, ron_weasley)	1
parent(P, Z)	parent(arthur_weasley, george_weasley)	1
ancestor(X, Y)	ancestor(X, Y) :- ancestor(Z, Y), parent(X, Z)	1
member_of(Z, order_of_the_phoenix)	member_of(sirius_black, order_of_the_phoenix)	1
parent(ginny_weasley, Z)	parent(ginny_weasley, james_sirius_potter)	1
creature(P)	creature(nagini)	1
parent(_EX1, P)	parent(vernon_dursley, dudley_dursley)	1
evil(P)	evil(X) :- deatheater(X)	1
enemy(P, X)	enemy(voldemort, harry_potter)	1
enemy(Z, _EX1)	enemy(voldemort, albus_dumbledore)	1
member_of(_EX4, dumbledores_army)	member_of(ginny_weasley, dumbledores_army)	1
male(P)	male(dudley_dursley)	1
destroyed_horcrux(hermione_granger, hufflepuff_cup)	destroyed_horcrux(X, Y) :- horcrux(Y), destroyed(X, Y)	1
in_gryffindor(Z)	in_gryffindor(X) :- house(gryffindor, X)	1
member_of(Z, order_of_the_phoenix)	member_of(minerva_mccgonagall, order_of_the_phoenix)	1
muggleborn(Z)	muggleborn(lily_potter)	1
muggle(Z)	muggle(dudley_dursley)	1
parent(harry_potter, Y)	parent(harry_potter, lily_luna_potter)	1
member_of(P, order_of_the_phoenix)	member_of(severus_snape, order_of_the_phoenix)	1
member_of(Y, dumbledores_army)	member_of(fred_weasley, dumbledores_army)	1
ancestor(lily_potter, Z)	ancestor(X, Y) :- parent(X, Y)	1
parent(P, Z)	parent(vernon_dursley, dudley_dursley)	1
muggleborn(Z)	muggleborn(myrtle_warren)	1
betrays(Y, P)	betrays(percy_weasley, harry_potter)	1
parent(P, Y)	parent(molly_weasley, ron_weasley)	1
professor(P)	professor(rubeus_hagrid)	1
enemy(_EX2, _EX0)	enemy(gilderoy_lockhart, severus_snape)	1
parent(Y, ginny_weasley)	parent(arthur_weasley, ginny_weasley)	1
parent(Y, P)	parent(harry_potter, lily_luna_potter)	1
parent(P, _EX3)	parent(harry_potter, james_sirius_potter)	1
parent(P, X)	parent(harry_potter, james_sirius_potter)	1
member_of(_EX2, dumbledores_army)	member_of(george_weasley, dumbledores_army)	1
parent(P, _EX3)	parent(ginny_weasley, james_sirius_potter)	1
enemy(_EX2, _EX0)	enemy(quirinus_quirrell, hermione_granger)	1
enemy(P, _EX3)	enemy(quirinus_quirrell, hermione_granger)	1
creature(aragog)	creature(aragog)	1
enemy(X, Y)	enemy(voldemort, rubeus_hagrid)	1
house(X, P)	house(ravenclaw, cho_chang)	1
member_of(P, death_eaters)	member_of(lucius_malfoy, death_eaters)	1
parent(P, X)	parent(molly_weasley, ron_weasley)	1
parent(X, P)	parent(molly_weasley, charlie_weasley)	1
ancestor(harry_potter, albus_severus_potter)	ancestor(X, Y) :- parent(X, Y)	1
member_of(_EX2, order_of_the_phoenix)	member_of(sirius_black, order_of_the_phoenix)	1
female(P)	female(bellatrix_lestrange)	1
enemy(X, Y)	enemy(draco_malfoy, hermione_granger)	1
member_of(_EX3, dumbledores_army)	member_of(ron_weasley, dumbledores_army)	1
ancestor(P, Y)	ancestor(X, Y) :- parent(X, Y)	1
descendant(draco_malfoy, _EX2)	descendant(X, Y) :- ancestor(Y, X)	1
parent(X, Y)	parent(xenophilius_lovegood, luna_lovegood)	1
creature(P)	creature(norbert)	1
house(X, P)	house(slytherin, vincent_crabbe)	1
parent(ginny_weasley, Y)	parent(ginny_weasley, lily_luna_potter)	1
house(P, X)	house(hufflepuff, cedric_diggory)	1
parent(Z, P)	parent(alice_longbottom, neville_longbottom)	1
member_of(Y, death_eaters)	member_of(voldemort, death_eaters)	1
ancestor(_EX1, P)	ancestor(X, Y) :- ancestor(Z, Y), parent(X, Z)	1
parent(P, Z)	parent(ron_weasley, hugo_weasley)	1
parent(P, _EX1)	parent(james_potter, harry_potter)	1
member_of(_EX2, order_of_the_phoenix)	member_of(minerva_mccgonagall, order_of_the_phoenix)	1
parent(Y, P)	parent(ron_weasley, rose_weasley)	1
parent(Y, _EX3)	parent(hermione_granger, hugo_weasley)	1
parent(Z, P)	parent(lily_potter, harry_potter)	1
muggleborn(P)	muggleborn(colin_creevey)	1
male(P)	male(voldemort)	1
house(gryffindor, Z)	house(gryffindor, seamus_finnigan)	1
betrays(X, P)	betrays(peter_pettigrew, remus_lupin)	1
male(P)	male(arthur_weasley)	1
parent(P, Y)	parent(arthur_weasley, ron_weasley)	1
ancestor(ginny_weasley, _EX1)	ancestor(X, Y) :- parent(X, Y)	1
parent(_EX1, P)	parent(xenophilius_lovegood, luna_lovegood)	1
member_of(X, order_of_the_phoenix)	member_of(harry_potter, order_of_the_phoenix)	1
member_of(_EX1, death_eaters)	member_of(draco_malfoy, death_eaters)	1
enemy(_EX2, _EX0)	enemy(voldemort, albus_dumbledore)	1
subject(P)	subject(arithmancy)	1
parent(X, Y)	parent(molly_weasley, fred_weasley)	1
enemy(X, Y)	enemy(peter_pettigrew, remus_lupin)	1
member_of(Y, order_of_the_phoenix)	member_of(molly_weasley, order_of_the_phoenix)	1
enemy(_EX3, neville_longbottom)	enemy(X, Y) :- member_of(X, death_eaters), member_of(Y, dumbledores_army)	1
member_of(_EX3, dumbledores_army)	member_of(hermione_granger, dumbledores_army)	1
parent(P, Y)	parent(arthur_weasley, george_weasley)	1
parent(P, Z)	parent(molly_weasley, george_weasley)	1
member_of(_EX3, dumbledores_army)	member_of(neville_longbottom, dumbledores_army)	1
horcrux(hufflepuff_cup)	horcrux(hufflepuff_cup)	1
parent(Z, Y)	parent(lily_potter, harry_potter)	1
house(X, P)	house(gryffindor, remus_lupin)	1
parent(_EX2, draco_malfoy)	parent(lucius_malfoy, draco_malfoy)	1
creature(P)	creature(fawkes)	1
enemy(X, P)	enemy(quirinus_quirrell, ron_weasley)	1
ancestor(_EX0, james_sirius_potter)	ancestor(X, Y) :- parent(X, Y)	1
parent(P, _EX1)	parent(lucius_malfoy, draco_malfoy)	1
enemy(P, X)	enemy(voldemort, wizarding_world)	1
parent(_EX1, P)	parent(petunia_dursley, dudley_dursley)	1
parent(Z, P)	parent(arthur_weasley, bill_weasley)	1
enemy(P, _EX3)	enemy(voldemort, harry_potter)	1
member_of(Z, order_of_the_phoenix)	member_of(severus_snape, order_of_the_phoenix)	1
betrays(X, P)	betrays(peter_pettigrew, james_potter)	1
enemy(_EX2, _EX0)	enemy(dolores_umbridge, harry_potter)	1
parent(X, Y)	parent(arthur_weasley, ginny_weasley)	1
member_of(X, death_eaters)	member_of(severus_snape, death_eaters)	1
member_of(_EX3, dumbledores_army)	member_of(luna_lovegood, dumbledores_army)	1
creature(P)	creature(hedwig)	1
parent(Y, _EX3)	parent(molly_weasley, bill_weasley)	1
parent(P, X)	parent(arthur_weasley, george_weasley)	1
member_of(P, dumbledores_army)	member_of(ginny_weasley, dumbledores_army)	1
parent(Y, P)	parent(petunia_dursley, dudley_dursley)	1
parent(P, Z)	parent(hermione_granger, hugo_weasley)	1
parent(X, P)	parent(narcissa_malfoy, draco_malfoy)	1
member_of(X, dumbledores_army)	member_of(neville_longbottom, dumbledores_army)	1
parent(_EX1, P)	parent(arthur_weasley, ginny_weasley)	1
horcrux(slytherin_locket)	horcrux(slytherin_locket)	1
betrays(Y, P)	betrays(peter_pettigrew, sirius_black)	1
parent(P, _EX3)	parent(molly_weasley, ginny_weasley)	1
enemy(X, Y)	enemy(vernon_dursley, harry_potter)	1
parent(_EX2, P)	parent(james_potter, harry_potter)	1
member_of(_EX3, death_eaters)	member_of(severus_snape, death_eaters)	1
member_of(P, dumbledores_army)	member_of(luna_lovegood, dumbledores_army)	1
male(P)	male(charlie_weasley)	1
house(P, X)	house(gryffindor, seamus_finnigan)	1
parent(X, Y)	parent(ginny_weasley, albus_severus_potter)	1
creature(P)	creature(aragog)	1
parent(P, _EX1)	parent(harry_potter, james_sirius_potter)	1
member_of(Z, death_eaters)	member_of(draco_malfoy, death_eaters)	1
hates(bellatrix_lestrange, _EX5)	hates(X, Y) :- deatheater(X), squib(Y)	1
member_of(_EX0, dumbledores_army)	member_of(ginny_weasley, dumbledores_army)	1
parent(Y, P)	parent(arthur_weasley, ginny_weasley)	1
hates(narcissa_malfoy, _EX0)	hates(X, Y) :- deatheater(X), muggle(Y)	1
house(slytherin, horace_slughorn)	house(slytherin, horace_slughorn)	1
muggle(_EX5)	muggle(petunia_dursley)	1
member_of(_EX2, order_of_the_phoenix)	member_of(severus_snape, order_of_the_phoenix)	1
parent(P, _EX1)	parent(molly_weasley, ron_weasley)	1
parent(X, P)	parent(molly_weasley, ginny_weasley)	1
parent(_EX1, P)	parent(ginny_weasley, albus_severus_potter)	1
member_of(_EX0, dumbledores_army)	member_of(parvati_patil, dumbledores_army)	1
enemy(P, _EX3)	enemy(dudley_dursley, harry_potter)	1
ancestor(P, hugo_weasley)	ancestor(X, Y) :- parent(X, Y)	1
parent(Z, P)	parent(molly_weasley, george_weasley)	1
hates(lucius_malfoy, X)	hates(X, Y) :- deatheater(X), muggle(Y)	1
parent(X, P)	parent(vernon_dursley, dudley_dursley)	1
house(P, X)	house(ravenclaw, cho_chang)	1
parent(_EX1, P)	parent(lucius_malfoy, draco_malfoy)	1
enemy(Z, _EX1)	enemy(draco_malfoy, hermione_granger)	1
enemy(X, Y)	enemy(gilderoy_lockhart, hermione_granger)	1
muggle(_EX3)	muggle(marge_dursley)	1
member_of(X, dumbledores_army)	member_of(harry_potter, dumbledores_army)	1
ancestor(_EX4, lily_luna_potter)	ancestor(X, Y) :- ancestor(Z, Y), parent(X, Z)	1
squib(_EX0)	squib(arabella_figg)	1
parent(_EX1, P)	parent(ginny_weasley, lily_luna_potter)	1
enemy(Z, _EX1)	enemy(dolores_umbridge, ron_weasley)	1
parent(_EX4, harry_potter)	parent(lily_potter, harry_potter)	1
parent(Y, _EX3)	parent(molly_weasley, ginny_weasley)	1
member_of(_EX1, dumbledores_army)	member_of(ron_weasley, dumbledores_army)	1
parent(P, Y)	parent(ginny_weasley, james_sirius_potter)	1
parent(P, Y)	parent(molly_weasley, george_weasley)	1
house(P, X)	house(slytherin, bellatrix_lestrange)	1
betrays(Y, P)	betrays(cho_chang, george_weasley)	1
parent(P, X)	parent(ron_weasley, hugo_weasley)	1
subject(P)	subject(potions)	1
enemy(_EX0, bellatrix_lestrange)	enemy(X, Y) :- member_of(X, order_of_the_phoenix), member_of(Y, death_eaters)	1
muggleborn(_EX0)	muggleborn(colin_creevey)	1
destroyed(X, P)	destroyed(ron_weasley, slytherin_locket)	1
deatheater(_EX3)	deatheater(X) :- member_of(X, death_eaters)	1
enemy(P, X)	enemy(voldemort, ron_weasley)	1
parent(harry_potter, _EX1)	parent(harry_potter, albus_severus_potter)	1
member_of(Y, order_of_the_phoenix)	member_of(nymphadora_tonks, order_of_the_phoenix)	1
parent(Y, P)	parent(ginny_weasley, lily_luna_potter)	1
parent(Z, Y)	parent(xenophilius_lovegood, luna_lovegood)	1
parent(Z, Y)	parent(molly_weasley, ginny_weasley)	1
owns(P, aragog)	owns(rubeus_hagrid, aragog)	1
house(X, P)	house(ravenclaw, padma_patil)	1
parent(lily_potter, P)	parent(lily_potter, harry_potter)	1
member_of(minerva_mccgonagall, order_of_the_phoenix)	member_of(minerva_mccgonagall, order_of_the_phoenix)	1
female(P)	female(rose_weasley)	1
enemy(Z, _EX1)	enemy(peter_pettigrew, remus_lupin)	1
male(P)	male(draco_malfoy)	1
member_of(_EX1, order_of_the_phoenix)	member_of(harry_potter, order_of_the_phoenix)	1
enemy(X, P)	enemy(X, Y) :- member_of(X, order_of_the_phoenix), member_of(Y, death_eaters)	1
parent(_EX1, P)	parent(molly_weasley, charlie_weasley)	1
betrays(X, P)	betrays(cho_chang, ginny_weasley)	1
hates(_EX0, Z)	hates(X, Y) :- deatheater(X), muggle(Y)	1
parent(P, X)	parent(molly_weasley, george_weasley)	1
hogwarts_founder(P)	hogwarts_founder(salazar_slytherin)	1
parent(X, Y)	parent(arthur_weasley, ron_weasley)	1
parent(P, Y)	parent(hermione_granger, hugo_weasley)	1
parent(Z, Y)	parent(petunia_dursley, dudley_dursley)	1
parent(P, X)	parent(xenophilius_lovegood, luna_lovegood)	1
enemy(P, X)	enemy(dolores_umbridge, hermione_granger)	1
parent(_EX2, P)	parent(arthur_weasley, bill_weasley)	1
parent(Y, P)	parent(molly_weasley, charlie_weasley)	1
parent(ron_weasley, Z)	parent(ron_weasley, hugo_weasley)	1
member_of(_EX1, death_eaters)	member_of(peter_pettigrew, death_eaters)	1
enemy(X, Y)	enemy(voldemort, ron_weasley)	1
enemy(X, P)	enemy(draco_malfoy, ron_weasley)	1
house(X, P)	house(slytherin, draco_malfoy)	1
house(gryffindor, Z)	house(gryffindor, colin_creevey)	1
member_of(Y, dumbledores_army)	member_of(ron_weasley, dumbledores_army)	1
female(P)	female(lily_potter)	1
member_of(_EX0, order_of_the_phoenix)	member_of(sirius_black, order_of_the_phoenix)	1
parent(P, X)	parent(hermione_granger, hugo_weasley)	1
member_of(P, order_of_the_phoenix)	member_of(sirius_black, order_of_the_phoenix)	1
enemy(_EX2, _EX0)	enemy(draco_malfoy, hermione_granger)	1
member_of(_EX1, order_of_the_phoenix)	member_of(severus_snape, order_of_the_phoenix)	1
enemy(X, P)	enemy(voldemort, wizarding_world)	1
house(gryffindor, P)	house(gryffindor, george_weasley)	1
enemy(Y, ginny_weasley)	enemy(dolores_umbridge, ginny_weasley)	1
parent(P, Y)	parent(molly_weasley, percy_weasley)	1
muggleborn(Y)	muggleborn(colin_creevey)	1
enemy(_EX2, _EX0)	enemy(dolores_umbridge, ron_weasley)	1
house(gryffindor, P)	house(gryffindor, charlie_weasley)	1
hates(bellatrix_lestrange, _EX5)	hates(X, Y) :- deatheater(X), muggle(Y)	1
muggle(_EX3)	muggle(dudley_dursley)	1
enemy(X, P)	enemy(bellatrix_lestrange, neville_longbottom)	1
enemy(voldemort, Y)	enemy(voldemort, wizarding_world)	1
house(X, P)	house(gryffindor, percy_weasley)	1
hates(_EX1, _EX0)	hates(X, Y) :- deatheater(X), muggle(Y)	1
parent(ginny_weasley, P)	parent(ginny_weasley, james_sirius_potter)	1
parent(P, Z)	parent(molly_weasley, fred_weasley)	1
parent(P, Y)	parent(molly_weasley, bill_weasley)	1
squib(P)	squib(argus_filch)	1
parent(_EX1, P)	parent(harry_potter, albus_severus_potter)	1
member_of(X, dumbledores_army)	member_of(ron_weasley, dumbledores_army)	1
enemy(P, X)	enemy(gilderoy_lockhart, severus_snape)	1
house(P, X)	house(gryffindor, bill_weasley)	1
member_of(Z, death_eaters)	member_of(bellatrix_lestrange, death_eaters)	1
enemy(P, X)	enemy(quirinus_quirrell, hermione_granger)	1
parent(X, P)	parent(arthur_weasley, charlie_weasley)	1
parent(_EX2, P)	parent(arthur_weasley, ron_weasley)	1
member_of(Y, order_of_the_phoenix)	member_of(minerva_mccgonagall, order_of_the_phoenix)	1
enemy(_EX2, _EX0)	enemy(peter_pettigrew, remus_lupin)	1
parent(Z, P)	parent(vernon_dursley, dudley_dursley)	1
enemy(P, _EX3)	enemy(peter_pettigrew, remus_lupin)	1
member_of(_EX0, death_eaters)	member_of(draco_malfoy, death_eaters)	1
creature(fluffy)	creature(fluffy)	1
parent(P, X)	parent(molly_weasley, bill_weasley)	1
enemy(P, _EX3)	enemy(gilderoy_lockhart, harry_potter)	1
member_of(_EX1, dumbledores_army)	member_of(george_weasley, dumbledores_army)	1
betrays(Y, P)	betrays(peter_pettigrew, remus_lupin)	1
muggle(_EX5)	muggle(vernon_dursley)	1
parent(_EX2, P)	parent(arthur_weasley, george_weasley)	1
parent(Z, Y)	parent(ginny_weasley, albus_severus_potter)	1
parent(_EX1, harry_potter)	parent(lily_potter, harry_potter)	1
male(P)	male(james_sirius_potter)	1
parent(_EX5, ron_weasley)	parent(molly_weasley, ron_weasley)	1
parent(Y, _EX3)	parent(harry_potter, lily_luna_potter)	1
parent(harry_potter, X)	parent(harry_potter, james_sirius_potter)	1
member_of(_EX0, death_eaters)	member_of(severus_snape, death_eaters)	1
enemy(Y, lucius_malfoy)	enemy(X, Y) :- member_of(X, order_of_the_phoenix), member_of(Y, death_eaters)	1
member_of(X, dumbledores_army)	member_of(hermione_granger, dumbledores_army)	1
enemy(severus_snape, _EX3)	enemy(X, Y) :- member_of(X, death_eaters), member_of(Y, dumbledores_army)	1
member_of(Z, death_eaters)	member_of(peter_pettigrew, death_eaters)	1
enemy(Z, _EX1)	enemy(gilderoy_lockhart, hermione_granger)	1
parent(P, Z)	parent(arthur_weasley, charlie_weasley)	1
enemy(X, P)	enemy(gilderoy_lockhart, ron_weasley)	1
parent(_EX1, P)	parent(hermione_granger, rose_weasley)	1
member_of(_EX3, dumbledores_army)	member_of(padma_patil, dumbledores_army)	1
parent(P, ron_weasley)	parent(molly_weasley, ron_weasley)	1
parent(ron_weasley, X)	parent(ron_weasley, rose_weasley)	1
ancestor(P, draco_malfoy)	ancestor(X, Y) :- parent(X, Y)	1
parent(Z, Y)	parent(harry_potter, lily_luna_potter)	1
magical(P)	magical(norbert)	1
ancestor(harry_potter, _EX1)	ancestor(X, Y) :- parent(X, Y)	1
parent(P, X)	parent(lucius_malfoy, draco_malfoy)	1
enemy(P, X)	enemy(voldemort, albus_dumbledore)	1
parent(P, _EX3)	parent(harry_potter, albus_severus_potter)	1
parent(P, _EX3)	parent(frank_longbottom, neville_longbottom)	1
betrays(Y, P)	betrays(peter_pettigrew, james_potter)	1
muggleborn(_EX3)	muggleborn(myrtle_warren)	1
house(X, P)	house(hufflepuff, newt_scamander)	1
parent(P, _EX1)	parent(ginny_weasley, james_sirius_potter)	1
enemy(X, Y)	enemy(dolores_umbridge, ginny_weasley)	1
parent(Z, P)	parent(ron_weasley, hugo_weasley)	1
male(P)	male(neville_longbottom)	1
member_of(Y, order_of_the_phoenix)	member_of(arthur_weasley, order_of_the_phoenix)	1
parent(arthur_weasley, P)	parent(arthur_weasley, ginny_weasley)	1
parent(Y, _EX3)	parent(ron_weasley, rose_weasley)	1
enemy(P, _EX3)	enemy(marge_dursley, harry_potter)	1
house(gryffindor, P)	house(gryffindor, bill_weasley)	1
enemy(Z, _EX1)	enemy(dolores_umbridge, george_weasley)	1
male(P)	male(filius_flitwick)	1
member_of(_EX4, death_eaters)	member_of(voldemort, death_eaters)	1
enemy(X, P)	enemy(voldemort, ginny_weasley)	1
male(P)	male(newt_scamander)	1
house(X, P)	house(gryffindor, ginny_weasley)	1
creature(P)	creature(trevor)	1
enemy(P, X)	enemy(dolores_umbridge, harry_potter)	1
magical_creature(_EX0)	magical_creature(X) :- creature(X), magical(X)	1
house(X, P)	house(gryffindor, minerva_mccgonall)	1
parent(P, _EX3)	parent(alice_longbottom, neville_longbottom)	1
professor(P)	professor(filius_flitwick)	1
male(P)	male(gregory_goyle)	1
muggle(Z)	muggle(marge_dursley)	1
parent(P, Y)	parent(arthur_weasley, percy_weasley)	1
deatheater(_EX1)	deatheater(X) :- member_of(X, death_eaters)	1
female(P)	female(fleur_delacour)	1
parent(Y, _EX3)	parent(lily_potter, harry_potter)	1
parent(Z, harry_potter)	parent(james_potter, harry_potter)	1
enemy(P, _EX3)	enemy(gilderoy_lockhart, severus_snape)	1
parent(X, Y)	parent(hermione_granger, hugo_weasley)	1
squib(argus_filch)	squib(argus_filch)	1
house(P, X)	house(slytherin, vincent_crabbe)	1
member_of(Y, order_of_the_phoenix)	member_of(severus_snape, order_of_the_phoenix)	1
ancestor(P, _EX1)	ancestor(X, Y) :- ancestor(Z, Y), parent(X, Z)	1
muggleborn(Z)	muggleborn(colin_creevey)	1
parent(Y, _EX3)	parent(harry_potter, james_sirius_potter)	1
enemy(Z, _EX1)	enemy(draco_malfoy, ron_weasley)	1
enemy(_EX2, _EX0)	enemy(gilderoy_lockhart, hermione_granger)	1
muggleborn(_EX0)	muggleborn(hermione_granger)	1
enemy(X, Y)	enemy(dolores_umbridge, fred_weasley)	1
hates(narcissa_malfoy, _EX0)	hates(X, Y) :- deatheater(X), squib(Y)	1
member_of(_EX1, death_eaters)	member_of(severus_snape, death_eaters)	1
parent(P, _EX3)	parent(james_potter, harry_potter)	1
house(gryffindor, Z)	house(gryffindor, parvati_patil)	1
squib(X)	squib(arabella_figg)	1
parent(X, P)	parent(alice_longbottom, neville_longbottom)	1
parent(_EX2, P)	parent(arthur_weasley, percy_weasley)	1
enemy(Z, _EX1)	enemy(voldemort, wizarding_world)	1
parent(P, X)	parent(molly_weasley, fred_weasley)	1
ancestor(ron_weasley, Z)	ancestor(X, Y) :- parent(X, Y)	1
parent(Y, _EX3)	parent(arthur_weasley, bill_weasley)	1
member_of(_EX1, order_of_the_phoenix)	member_of(molly_weasley, order_of_the_phoenix)	1
parent(P, _EX3)	parent(arthur_weasley, fred_weasley)	1
parent(Z, Y)	parent(harry_potter, albus_severus_potter)	1
betrays(Y, P)	betrays(percy_weasley, molly_weasley)	1
enemy(X, P)	enemy(marge_dursley, harry_potter)	1
parent(_EX2, P)	parent(ginny_weasley, james_sirius_potter)	1
enemy(nymphadora_tonks, _EX2)	enemy(X, Y) :- member_of(X, order_of_the_phoenix), member_of(Y, death_eaters)	1
member_of(X, dumbledores_army)	member_of(colin_creevey, dumbledores_army)	1
enemy(_EX2, _EX0)	enemy(dolores_umbridge, fred_weasley)	1
house(P, X)	house(gryffindor, percy_weasley)	1
enemy(Z, _EX1)	enemy(bellatrix_lestrange, neville_longbottom)	1
enemy(P, _EX3)	enemy(dolores_umbridge, fred_weasley)	1
muggleborn(X)	muggleborn(lily_potter)	1
enemy(X, Y)	enemy(petunia_dursley, harry_potter)	1
betrays(X, P)	betrays(percy_weasley, ginny_weasley)	1
destroyed(hermione_granger, hufflepuff_cup)	destroyed(hermione_granger, hufflepuff_cup)	1
member_of(_EX4, dumbledores_army)	member_of(seamus_finnigan, dumbledores_army)	1
ancestor(Z, Y)	ancestor(X, Y) :- parent(X, Y)	1
parent(Y, ginny_weasley)	parent(molly_weasley, ginny_weasley)	1
house(gryffindor, Z)	house(gryffindor, ginny_weasley)	1
parent(X, Y)	parent(molly_weasley, bill_weasley)	1
member_of(george_weasley, P)	member_of(george_weasley, dumbledores_army)	1
enemy(_EX2, _EX0)	enemy(dolores_umbridge, george_weasley)	1
parent(X, P)	parent(arthur_weasley, ron_weasley)	1
parent(P, _EX3)	parent(ginny_weasley, lily_luna_potter)	1
house(gryffindor, Z)	house(gryffindor, fred_weasley)	1
parent(X, P)	parent(arthur_weasley, fred_weasley)	1
member_of(Z, order_of_the_phoenix)	member_of(molly_weasley, order_of_the_phoenix)	1
enemy(X, P)	enemy(gilderoy_lockhart, severus_snape)	1
parent(P, _EX1)	parent(molly_weasley, ginny_weasley)	1
betrays(Y, P)	betrays(cho_chang, ginny_weasley)	1
creature(P)	creature(fluffy)	1
parent(Z, Y)	parent(arthur_weasley, ginny_weasley)	1
parent(Z, Y)	parent(hermione_granger, rose_weasley)	1
member_of(_EX3, dumbledores_army)	member_of(fred_weasley, dumbledores_army)	1
ancestor(ron_weasley, _EX1)	ancestor(X, Y) :- parent(X, Y)	1
enemy(X, Y)	enemy(dudley_dursley, harry_potter)	1
ancestor(X, P)	ancestor(X, Y) :- parent(X, Y)	1
parent(Y, _EX3)	parent(arthur_weasley, ron_weasley)	1
enemy(alastor_moody, _EX2)	enemy(X, Y) :- member_of(X, order_of_the_phoenix), member_of(Y, death_eaters)	1
enemy(Z, _EX1)	enemy(gilderoy_lockhart, ron_weasley)	1
member_of(P, order_of_the_phoenix)	member_of(remus_lupin, order_of_the_phoenix)	1
parent(P, _EX3)	parent(molly_weasley, charlie_weasley)	1
parent(P, Z)	parent(arthur_weasley, fred_weasley)	1
enemy(_EX2, _EX0)	enemy(draco_malfoy, ron_weasley)	1
parent(X, P)	parent(ginny_weasley, lily_luna_potter)	1
ancestor(harry_potter, X)	ancestor(X, Y) :- parent(X, Y)	1
ancestor(Y, _EX3)	ancestor(X, Y) :- parent(X, Y)	1
ancestor(harry_potter, Z)	ancestor(X, Y) :- parent(X, Y)	1
member_of(_EX2, death_eaters)	member_of(severus_snape, death_eaters)	1
parent(Y, _EX3)	parent(arthur_weasley, george_weasley)	1
parent(arthur_weasley, P)	parent(arthur_weasley, fred_weasley)	1
member_of(_EX0, death_eaters)	member_of(lucius_malfoy, death_eaters)	1
house(P, X)	house(gryffindor, parvati_patil)	1
ancestor(Y, P)	ancestor(X, Y) :- ancestor(Z, Y), parent(X, Z)	1
house(P, X)	house(hufflepuff, newt_scamander)	1
house(X, P)	house(slytherin, lucius_malfoy)	1
horcrux(tom_riddles_diary)	horcrux(tom_riddles_diary)	1
member_of(severus_snape, death_eaters)	member_of(severus_snape, death_eaters)	1
parent(_EX1, P)	parent(narcissa_malfoy, draco_malfoy)	1
professor(P)	professor(minerva_mcgonagall)	1
betrays(Y, P)	betrays(percy_weasley, fred_weasley)	1
house(X, P)	house(slytherin, narcissa_malfoy)	1
enemy(_EX2, _EX0)	enemy(bellatrix_lestrange, neville_longbottom)	1
enemy(X, P)	enemy(voldemort, albus_dumbledore)	1
parent(P, Y)	parent(frank_longbottom, neville_longbottom)	1
house(X, P)	house(gryffindor, george_weasley)	1
member_of(_EX2, order_of_the_phoenix)	member_of(molly_weasley, order_of_the_phoenix)	1
member_of(_EX4, dumbledores_army)	member_of(hermione_granger, dumbledores_army)	1
enemy(Y, ginny_weasley)	enemy(X, Y) :- member_of(X, death_eaters), member_of(Y, dumbledores_army)	1
squib(_EX0)	squib(argus_filch)	1
house(P, X)	house(gryffindor, ginny_weasley)	1
enemy(Z, _EX1)	enemy(voldemort, ginny_weasley)	1
ancestor(lily_potter, Z)	ancestor(X, Y) :- ancestor(Z, Y), parent(X, Z)	1
parent(ginny_weasley, _EX3)	parent(ginny_weasley, lily_luna_potter)	1
male(P)	male(peter_pettigrew)	1
house(X, P)	house(slytherin, bellatrix_lestrange)	1
house(X, P)	house(gryffindor, charlie_weasley)	1
professor(P)	professor(dolores_umbridge)	1
enemy(voldemort, Y)	enemy(voldemort, albus_dumbledore)	1
member_of(Y, dumbledores_army)	member_of(seamus_finnigan, dumbledores_army)	1
enemy(P, X)	enemy(draco_malfoy, hermione_granger)	1
house(P, X)	house(gryffindor, fred_weasley)	1
member_of(Y, dumbledores_army)	member_of(padma_patil, dumbledores_army)	1
enemy(P, X)	enemy(dolores_umbridge, ron_weasley)	1
muggle(Y)	muggle(vernon_dursley)	1
enemy(X, P)	enemy(dolores_umbridge, harry_potter)	1
parent(_EX2, P)	parent(frank_longbottom, neville_longbottom)	1
male(P)	male(alastor_moody)	1
parent(X, Y)	parent(petunia_dursley, dudley_dursley)	1
house(gryffindor, Z)	house(gryffindor, hermione_granger)	1
parent(_EX1, P)	parent(molly_weasley, ginny_weasley)	1
male(severus_snape)	male(severus_snape)	1
enemy(X, Y)	enemy(quirinus_quirrell, harry_potter)	1
member_of(_EX1, order_of_the_phoenix)	member_of(nymphadora_tonks, order_of_the_phoenix)	1
member_of(_EX3, dumbledores_army)	member_of(ginny_weasley, dumbledores_army)	1
parent(P, Y)	parent(alice_longbottom, neville_longbottom)	1
professor(P)	professor(quirinus_quirrell)	1
muggleborn(_EX3)	muggleborn(hermione_granger)	1
parent(P, Y)	parent(lily_potter, harry_potter)	1
enemy(Z, _EX1)	enemy(dolores_umbridge, hermione_granger)	1
ancestor(P, Y)	ancestor(X, Y) :- ancestor(Z, Y), parent(X, Z)	1
magical(P)	magical(scabbers)	1
house(P, X)	house(ravenclaw, padma_patil)	1
parent(P, _EX3)	parent(narcissa_malfoy, draco_malfoy)	1
enemy(P, X)	enemy(peter_pettigrew, remus_lupin)	1
house(X, P)	house(gryffindor, sirius_black)	1
parent(P, Z)	parent(xenophilius_lovegood, luna_lovegood)	1
parent(Z, P)	parent(arthur_weasley, fred_weasley)	1
parent(P, Z)	parent(molly_weasley, ginny_weasley)	1
member_of(Z, order_of_the_phoenix)	member_of(remus_lupin, order_of_the_phoenix)	1
hates(Y, P)	hates(X, Y) :- deatheater(X), muggleborn(Y)	1
parent(harry_potter, Z)	parent(harry_potter, lily_luna_potter)	1
parent(P, X)	parent(alice_longbottom, neville_longbottom)	1
parent(P, Y)	parent(james_potter, harry_potter)	1
parent(P, X)	parent(lily_potter, harry_potter)	1
house(X, P)	house(gryffindor, lily_potter)	1
parent(P, _EX1)	parent(arthur_weasley, charlie_weasley)	1
muggle(Y)	muggle(petunia_dursley)	1
parent(P, Y)	parent(arthur_weasley, bill_weasley)	1
parent(P, Y)	parent(arthur_weasley, fred_weasley)	1
parent(Y, _EX3)	parent(arthur_weasley, percy_weasley)	1
enemy(minerva_mccgonagall, P)	enemy(X, Y) :- member_of(X, order_of_the_phoenix), member_of(Y, death_eaters)	1
parent(harry_potter, _EX1)	parent(harry_potter, lily_luna_potter)	1
parent(P, Z)	parent(petunia_dursley, dudley_dursley)	1
muggleborn(Z)	muggleborn(hermione_granger)	1
enemy(X, Y)	enemy(X, Y) :- member_of(X, death_eaters), member_of(Y, dumbledores_army)	1
enemy(_EX2, _EX0)	enemy(voldemort, ginny_weasley)	1
house(X, P)	house(slytherin, severus_snape)	1
parent(Y, _EX3)	parent(ginny_weasley, james_sirius_potter)	1
enemy(X, Y)	enemy(gilderoy_lockhart, harry_potter)	1
enemy(X, Y)	enemy(voldemort, hermione_granger)	1
betrays(Y, P)	betrays(cho_chang, luna_lovegood)	1
enemy(_EX2, _EX0)	enemy(bellatrix_lestrange, sirius_black)	1
member_of(P, dumbledores_army)	member_of(parvati_patil, dumbledores_army)	1
member_of(P, order_of_the_phoenix)	member_of(albus_dumbledore, order_of_the_phoenix)	1
parent(petunia_dursley, P)	parent(petunia_dursley, dudley_dursley)	1
house(X, P)	house(gryffindor, bill_weasley)	1
house(gryffindor, P)	house(gryffindor, ron_weasley)	1
parent(harry_potter, _EX3)	parent(harry_potter, lily_luna_potter)	1
member_of(P, dumbledores_army)	member_of(cho_chang, dumbledores_army)	1
house(P, X)	house(gryffindor, petter_pettigrew)	1
member_of(_EX1, dumbledores_army)	member_of(fred_weasley, dumbledores_army)	1
parent(P, X)	parent(arthur_weasley, fred_weasley)	1
parent(P, _EX3)	parent(vernon_dursley, dudley_dursley)	1
male(P)	male(quirinus_quirrell)	1
house(P, X)	house(gryffindor, hermione_granger)	1
member_of(_EX4, death_eaters)	member_of(lucius_malfoy, death_eaters)	1
male(P)	male(james_potter)	1
member_of(_EX0, dumbledores_army)	member_of(ron_weasley, dumbledores_army)	1
member_of(P, dumbledores_army)	member_of(hermione_granger, dumbledores_army)	1
member_of(P, order_of_the_phoenix)	member_of(arthur_weasley, order_of_the_phoenix)	1
member_of(_EX2, order_of_the_phoenix)	member_of(remus_lupin, order_of_the_phoenix)	1
member_of(_EX1, order_of_the_phoenix)	member_of(minerva_mccgonagall, order_of_the_phoenix)	1
parent(P, draco_malfoy)	parent(lucius_malfoy, draco_malfoy)	1
house(gryffindor, Z)	house(gryffindor, minerva_mccgonall)	1
betrays(X, P)	betrays(percy_weasley, fred_weasley)	1
parent(X, Y)	parent(harry_potter, lily_luna_potter)	1
house(P, X)	house(slytherin, lucius_malfoy)	1
house(P, X)	house(hufflepuff, pomona_sprout)	1
parent(X, P)	parent(molly_weasley, percy_weasley)	1
member_of(_EX2, order_of_the_phoenix)	member_of(nymphadora_tonks, order_of_the_phoenix)	1
professor(P)	professor(pomona_sprout)	1
parent(ginny_weasley, albus_severus_potter)	parent(ginny_weasley, albus_severus_potter)	1
parent(Y, P)	parent(arthur_weasley, ron_weasley)	1
ancestor(P, james_sirius_potter)	ancestor(X, Y) :- ancestor(Z, Y), parent(X, Z)	1
in_slytherin(horace_slughorn)	in_slytherin(X) :- house(slytherin, X)	1
muggle(P)	muggle(dudley_dursley)	1
muggle(X)	muggle(vernon_dursley)	1
parent(_EX1, P)	parent(harry_potter, lily_luna_potter)	1
parent(P, _EX1)	parent(frank_longbottom, neville_longbottom)	1
parent(Y, P)	parent(arthur_weasley, george_weasley)	1
parent(P, _EX1)	parent(harry_potter, albus_severus_potter)	1
member_of(_EX0, dumbledores_army)	member_of(hermione_granger, dumbledores_army)	1
enemy(P, X)	enemy(gilderoy_lockhart, hermione_granger)	1
member_of(Y, dumbledores_army)	member_of(neville_longbottom, dumbledores_army)	1
betrays(Y, P)	betrays(percy_weasley, charlie_weasley)	1
betrays(Y, P)	betrays(percy_weasley, ginny_weasley)	1
parent(_EX1, P)	parent(arthur_weasley, charlie_weasley)	1
female(P)	female(dolores_umbridge)	1
house(P, X)	house(ravenclaw, luna_lovegood)	1
parent(harry_potter, _EX1)	parent(harry_potter, james_sirius_potter)	1
squib(Y)	squib(arabella_figg)	1
enemy(Z, _EX1)	enemy(quirinus_quirrell, harry_potter)	1
enemy(_EX2, _EX0)	enemy(dudley_dursley, harry_potter)	1
parent(X, Y)	parent(ron_weasley, rose_weasley)	1
ancestor(petunia_dursley, Z)	ancestor(X, Y) :- parent(X, Y)	1
parent(P, Z)	parent(harry_potter, lily_luna_potter)	1
enemy(Z, _EX1)	enemy(dolores_umbridge, harry_potter)	1
parent(Y, P)	parent(arthur_weasley, charlie_weasley)	1
muggle(_EX0)	muggle(marge_dursley)	1
member_of(_EX1, order_of_the_phoenix)	member_of(arthur_weasley, order_of_the_phoenix)	1
parent(ginny_weasley, _EX1)	parent(ginny_weasley, lily_luna_potter)	1
enemy(voldemort, Y)	enemy(voldemort, rubeus_hagrid)	1
enemy(X, P)	enemy(draco_malfoy, hermione_granger)	1
squib(Z)	squib(arabella_figg)	1
parent(ginny_weasley, P)	parent(ginny_weasley, lily_luna_potter)	1
parent(P, _EX1)	parent(alice_longbottom, neville_longbottom)	1
deatheater(voldemort)	deatheater(X) :- member_of(X, death_eaters)	1
enemy(X, P)	enemy(dolores_umbridge, ron_weasley)	1
deatheater(_EX4)	deatheater(X) :- member_of(X, death_eaters)	1
parent(lily_potter, Z)	parent(lily_potter, harry_potter)	1
member_of(P, dumbledores_army)	member_of(george_weasley, dumbledores_army)	1
parent(_EX1, P)	parent(ron_weasley, rose_weasley)	1
muggle(X)	muggle(petunia_dursley)	1
parent(P, _EX1)	parent(hermione_granger, rose_weasley)	1
enemy(P, X)	enemy(dolores_umbridge, george_weasley)	1
female(P)	female(luna_lovegood)	1
parent(X, Y)	parent(lily_potter, harry_potter)	1
female(P)	female(hermione_granger)	1
subject(P)	subject(charms)	1
house(P, X)	house(gryffindor, minerva_mccgonall)	1
enemy(_EX2, _EX0)	enemy(voldemort, rubeus_hagrid)	1
parent(harry_potter, albus_severus_potter)	parent(harry_potter, albus_severus_potter)	1
hates(bellatrix_lestrange, myrtle_warren)	hates(X, Y) :- deatheater(X), muggleborn(Y)	1
hates(narcissa_malfoy, _EX0)	hates(X, Y) :- deatheater(X), muggleborn(Y)	1
house(gryffindor, P)	house(gryffindor, colin_creevey)	1
muggleborn(_EX3)	muggleborn(colin_creevey)	1
parent(X, Y)	parent(harry_potter, james_sirius_potter)	1
house(gryffindor, Z)	house(gryffindor, remus_lupin)	1
member_of(Z, order_of_the_phoenix)	member_of(arthur_weasley, order_of_the_phoenix)	1
female(P)	female(petunia_dursley)	1
member_of(_EX0, order_of_the_phoenix)	member_of(molly_weasley, order_of_the_phoenix)	1
member_of(P, order_of_the_phoenix)	member_of(molly_weasley, order_of_the_phoenix)	1
betrays(X, P)	betrays(xenophilius_lovegood, harry_potter)	1
enemy(X, P)	enemy(peter_pettigrew, remus_lupin)	1
parent(_EX4, lily_luna_potter)	parent(harry_potter, lily_luna_potter)	1
female(P)	female(pomona_sprout)	1
hates(voldemort, _EX3)	hates(X, Y) :- deatheater(X), squib(Y)	1
squib(X)	squib(argus_filch)	1
enemy(X, Y)	enemy(cormac_mclaggen, ron_weasley)	1
enemy(Z, _EX1)	enemy(X, Y) :- member_of(X, order_of_the_phoenix), member_of(Y, death_eaters)	1
member_of(_EX0, dumbledores_army)	member_of(george_weasley, dumbledores_army)	1
house(P, X)	house(slytherin, severus_snape)	1
member_of(X, order_of_the_phoenix)	member_of(arthur_weasley, order_of_the_phoenix)	1
parent(X, Y)	parent(arthur_weasley, bill_weasley)	1
enemy(Z, _EX1)	enemy(vernon_dursley, harry_potter)	1
enemy(P, X)	enemy(draco_malfoy, ron_weasley)	1
hates(X, Z)	hates(X, Y) :- deatheater(X), muggle(Y)	1
parent(_EX1, P)	parent(harry_potter, james_sirius_potter)	1
house(X, P)	house(gryffindor, james_potter)	1
creature(P)	creature(scabbers)	1
member_of(Y, death_eaters)	member_of(narcissa_malfoy, death_eaters)	1
member_of(Y, dumbledores_army)	member_of(ginny_weasley, dumbledores_army)	1
parent(P, _EX3)	parent(arthur_weasley, ginny_weasley)	1
parent(X, P)	parent(petunia_dursley, dudley_dursley)	1
house(gryffindor, Z)	house(gryffindor, harry_potter)	1
ancestor(ginny_weasley, Y)	ancestor(X, Y) :- parent(X, Y)	1
enemy(_EX2, _EX0)	enemy(quirinus_quirrell, harry_potter)	1
parent(harry_potter, P)	parent(harry_potter, lily_luna_potter)	1
subject(P)	subject(transfiguration)	1
parent(P, _EX1)	parent(ginny_weasley, lily_luna_potter)	1
male(P)	male(regulus_black)	1
enemy(P, X)	enemy(bellatrix_lestrange, neville_longbottom)	1
parent(Y, P)	parent(harry_potter, james_sirius_potter)	1
parent(Y, P)	parent(ginny_weasley, james_sirius_potter)	1
member_of(Y, death_eaters)	member_of(peter_pettigrew, death_eaters)	1
member_of(_EX1, death_eaters)	member_of(lucius_malfoy, death_eaters)	1
parent(P, Z)	parent(harry_potter, albus_severus_potter)	1
deatheater(narcissa_malfoy)	deatheater(X) :- member_of(X, death_eaters)	1
member_of(Y, dumbledores_army)	member_of(parvati_patil, dumbledores_army)	1
member_of(Y, order_of_the_phoenix)	member_of(alastor_moody, order_of_the_phoenix)	1
parent(_EX2, P)	parent(hermione_granger, rose_weasley)	1
member_of(X, order_of_the_phoenix)	member_of(severus_snape, order_of_the_phoenix)	1
enemy(P, _EX3)	enemy(voldemort, ron_weasley)	1
member_of(X, death_eaters)	member_of(voldemort, death_eaters)	1
enemy(sirius_black, _EX4)	enemy(X, Y) :- member_of(X, order_of_the_phoenix), member_of(Y, death_eaters)	1
house(gryffindor, ginny_weasley)	house(gryffindor, ginny_weasley)	1
parent(P, Y)	parent(vernon_dursley, dudley_dursley)	1
ancestor(Y, draco_malfoy)	ancestor(X, Y) :- parent(X, Y)	1
hates(_EX0, Z)	hates(X, Y) :- deatheater(X), muggleborn(Y)	1
member_of(_EX2, order_of_the_phoenix)	member_of(arthur_weasley, order_of_the_phoenix)	1
parent(Y, _EX3)	parent(molly_weasley, fred_weasley)	1
member_of(Y, death_eaters)	member_of(lucius_malfoy, death_eaters)	1
male(P)	male(salazar_slytherin)	1
member_of(_EX3, death_eaters)	member_of(draco_malfoy, death_eaters)	1
enemy(X, Y)	enemy(quirinus_quirrell, hermione_granger)	1
deatheater(severus_snape)	deatheater(X) :- member_of(X, death_eaters)	1
member_of(_EX2, dumbledores_army)	member_of(neville_longbottom, dumbledores_army)	1
parent(_EX1, ginny_weasley)	parent(arthur_weasley, ginny_weasley)	1
member_of(_EX0, death_eaters)	member_of(voldemort, death_eaters)	1
muggleborn(_EX5)	muggleborn(lily_potter)	1
parent(P, _EX1)	parent(molly_weasley, charlie_weasley)	1
parent(P, _EX3)	parent(ginny_weasley, albus_severus_potter)	1
parent(james_potter, _EX1)	parent(james_potter, harry_potter)	1
destroyed(X, P)	destroyed(albus_dumbledore, resurrection_stone)	1
hogwarts_founder(P)	hogwarts_founder(godric_gryffindor)	1
member_of(X, dumbledores_army)	member_of(luna_lovegood, dumbledores_army)	1
betrays(X, P)	betrays(percy_weasley, harry_potter)	1
parent(P, X)	parent(vernon_dursley, dudley_dursley)	1
parent(Y, _EX3)	parent(lucius_malfoy, draco_malfoy)	1
parent(P, _EX1)	parent(molly_weasley, george_weasley)	1
member_of(_EX3, death_eaters)	member_of(voldemort, death_eaters)	1
parent(P, Z)	parent(arthur_weasley, ginny_weasley)	1
enemy(P, X)	enemy(gilderoy_lockhart, ron_weasley)	1
parent(P, Z)	parent(hermione_granger, rose_weasley)	1
enemy(_EX2, _EX0)	enemy(X, Y) :- member_of(X, order_of_the_phoenix), member_of(Y, death_eaters)	1
parent(_EX1, P)	parent(molly_weasley, percy_weasley)	1
parent(_EX1, P)	parent(arthur_weasley, ron_weasley)	1
enemy(_EX2, _EX0)	enemy(vernon_dursley, harry_potter)	1
enemy(P, _EX3)	enemy(X, Y) :- member_of(X, order_of_the_phoenix), member_of(Y, death_eaters)	1
enemy(P, _EX3)	enemy(vernon_dursley, harry_potter)	1
enemy(P, fred_weasley)	enemy(X, Y) :- member_of(X, death_eaters), member_of(Y, dumbledores_army)	1
parent(P, _EX1)	parent(xenophilius_lovegood, luna_lovegood)	1
house(gryffindor, Z)	house(gryffindor, sirius_black)	1
magical(_EX0)	magical(crookshanks)	1
enemy(X, P)	enemy(gilderoy_lockhart, hermione_granger)	1
parent(P, Y)	parent(ron_weasley, hugo_weasley)	1
house(P, X)	house(gryffindor, harry_potter)	1
subject(P)	subject(astronomy)	1
hates(voldemort, Y)	hates(X, Y) :- deatheater(X), muggleborn(Y)	1
female(P)	female(cho_chang)	1
parent(Y, P)	parent(molly_weasley, percy_weasley)	1
professor(P)	professor(horace_slughorn)	1
house(gryffindor, Z)	house(gryffindor, lily_potter)	1
member_of(_EX3, death_eaters)	member_of(narcissa_malfoy, death_eaters)	1
member_of(X, death_eaters)	member_of(lucius_malfoy, death_eaters)	1
enemy(P, harry_potter)	enemy(marge_dursley, harry_potter)	1
horcrux(harry_potter)	horcrux(harry_potter)	1
parent(ron_weasley, _EX3)	parent(ron_weasley, hugo_weasley)	1
parent(harry_potter, P)	parent(harry_potter, james_sirius_potter)	1
betrays(X, P)	betrays(cho_chang, fred_weasley)	1
member_of(_EX2, dumbledores_army)	member_of(harry_potter, dumbledores_army)	1
enemy(P, _EX3)	enemy(draco_malfoy, ron_weasley)	1
parent(Z, P)	parent(xenophilius_lovegood, luna_lovegood)	1
house(P, X)	house(gryffindor, george_weasley)	1
parent(arthur_weasley, P)	parent(arthur_weasley, ron_weasley)	1
member_of(_EX0, order_of_the_phoenix)	member_of(nymphadora_tonks, order_of_the_phoenix)	1
enemy(X, P)	enemy(dolores_umbridge, fred_weasley)	1
muggleborn(Y)	muggleborn(lily_potter)	1
parent(P, Z)	parent(ginny_weasley, albus_severus_potter)	1
subject(P)	subject(care_of_magical_creatures)	1
enemy(X, Y)	enemy(voldemort, harry_potter)	1
member_of(_EX1, order_of_the_phoenix)	member_of(albus_dumbledore, order_of_the_phoenix)	1
enemy(P, X)	enemy(voldemort, ginny_weasley)	1
betrays(X, P)	betrays(percy_weasley, ron_weasley)	1
female(P)	female(padma_patil)	1
member_of(Y, order_of_the_phoenix)	member_of(remus_lupin, order_of_the_phoenix)	1
wizard(severus_snape)	wizard(X) :- male(X), half_blood(X)	1
parent(_EX2, P)	parent(ron_weasley, hugo_weasley)	1
magical(P)	magical(crookshanks)	1
parent(ginny_weasley, _EX3)	parent(ginny_weasley, albus_severus_potter)	1
ancestor(P, _EX1)	ancestor(X, Y) :- parent(X, Y)	1
enemy(P, X)	enemy(bellatrix_lestrange, sirius_black)	1
hates(P, dudley_dursley)	hates(X, Y) :- deatheater(X), muggle(Y)	1
parent(ginny_weasley, Z)	parent(ginny_weasley, lily_luna_potter)	1
parent(P, Y)	parent(xenophilius_lovegood, luna_lovegood)	1
betrays(X, P)	betrays(percy_weasley, george_weasley)	1
enemy(_EX1, voldemort)	enemy(X, Y) :- member_of(X, order_of_the_phoenix), member_of(Y, death_eaters)	1
enemy(X, P)	enemy(dolores_umbridge, george_weasley)	1
enemy(P, _EX3)	enemy(bellatrix_lestrange, neville_longbottom)	1
parent(P, _EX1)	parent(narcissa_malfoy, draco_malfoy)	1
parent(Y, _EX3)	parent(molly_weasley, ron_weasley)	1
parent(P, _EX3)	parent(arthur_weasley, ron_weasley)	1
member_of(Z, order_of_the_phoenix)	member_of(albus_dumbledore, order_of_the_phoenix)	1
destroyed(X, P)	destroyed(harry_potter, tom_riddles_diary)	1
magical(_EX0)	magical(fluffy)	1
parent(P, _EX3)	parent(arthur_weasley, george_weasley)	1
parent(X, P)	parent(ron_weasley, rose_weasley)	1
parent(_EX1, harry_potter)	parent(james_potter, harry_potter)	1
parent(ron_weasley, Y)	parent(ron_weasley, hugo_weasley)	1
member_of(_EX4, death_eaters)	member_of(draco_malfoy, death_eaters)	1
creature(P)	creature(unicorn)	1
betrays(Y, P)	betrays(severus_snape, voldemort)	1
parent(P, X)	parent(harry_potter, albus_severus_potter)	1
house(P, X)	house(gryffindor, sirius_black)	1
parent(Y, _EX3)	parent(harry_potter, albus_severus_potter)	1
ancestor(P, albus_severus_potter)	ancestor(X, Y) :- parent(X, Y)	1
parent(X, Y)	parent(arthur_weasley, percy_weasley)	1
enemy(P, _EX3)	enemy(voldemort, albus_dumbledore)	1
house(gryffindor, P)	house(gryffindor, fred_weasley)	1
member_of(lucius_malfoy, death_eaters)	member_of(lucius_malfoy, death_eaters)	1
male(P)	male(sirius_black)	1
house(P, X)	house(gryffindor, lily_potter)	1
parent(P, _EX3)	parent(arthur_weasley, charlie_weasley)	1
enemy(P, _EX3)	enemy(gilderoy_lockhart, ron_weasley)	1
parent(P, Y)	parent(arthur_weasley, ginny_weasley)	1
enemy(X, Y)	enemy(dolores_umbridge, hermione_granger)	1
magical(P)	magical(fluffy)	1
betrays(X, P)	betrays(peter_pettigrew, sirius_black)	1
male(P)	male(albus_severus_potter)	1
parent(ron_weasley, P)	parent(ron_weasley, rose_weasley)	1
parent(P, _EX1)	parent(vernon_dursley, dudley_dursley)	1
male(P)	male(vincent_crabble)	1
parent(_EX1, P)	parent(arthur_weasley, percy_weasley)	1
female(P)	female(nymphadora_tonks)	1
enemy(Z, _EX1)	enemy(marge_dursley, harry_potter)	1
member_of(_EX0, order_of_the_phoenix)	member_of(minerva_mccgonagall, order_of_the_phoenix)	1
male(P)	male(fred_weasley)	1
member_of(_EX2, dumbledores_army)	member_of(ron_weasley, dumbledores_army)	1
enemy(P, X)	enemy(dudley_dursley, harry_potter)	1
parent(Z, P)	parent(ginny_weasley, albus_severus_potter)	1
parent(Y, ron_weasley)	parent(arthur_weasley, ron_weasley)	1
parent(P, X)	parent(arthur_weasley, ginny_weasley)	1
enemy(_EX2, _EX0)	enemy(cormac_mclaggen, ron_weasley)	1
parent(_EX2, P)	parent(narcissa_malfoy, draco_malfoy)	1
parent(P, X)	parent(hermione_granger, rose_weasley)	1
in_gryffindor(ginny_weasley)	in_gryffindor(X) :- house(gryffindor, X)	1
parent(Y, _EX3)	parent(hermione_granger, rose_weasley)	1
male(P)	male(cormac_mclaggen)	1
evil(bellatrix_lestrange)	evil(X) :- deatheater(X)	1
parent(Z, Y)	parent(arthur_weasley, ron_weasley)	1
betrays(Y, P)	betrays(percy_weasley, bill_weasley)	1
parent(Y, P)	parent(arthur_weasley, percy_weasley)	1
house(X, P)	house(hufflepuff, pomona_sprout)	1
parent(ron_weasley, _EX1)	parent(ron_weasley, hugo_weasley)	1
muggle(X)	muggle(marge_dursley)	1
ancestor(Y, P)	ancestor(X, Y) :- parent(X, Y)	1
ancestor(P, X)	ancestor(X, Y) :- ancestor(Z, Y), parent(X, Z)	1
member_of(_EX2, death_eaters)	member_of(voldemort, death_eaters)	1
enemy(P, _EX3)	enemy(voldemort, ginny_weasley)	1
parent(P, Y)	parent(ginny_weasley, albus_severus_potter)	1
male(P)	male(severus_snape)	1
parent(Z, P)	parent(harry_potter, lily_luna_potter)	1
muggle(_EX0)	muggle(dudley_dursley)	1
parent(Y, _EX3)	parent(james_potter, harry_potter)	1
female(P)	female(molly_weasley)	1
parent(P, Y)	parent(lucius_malfoy, draco_malfoy)	1
male(P)	male(tom_riddle)	1
member_of(_EX3, dumbledores_army)	member_of(seamus_finnigan, dumbledores_army)	1
parent(X, P)	parent(arthur_weasley, ginny_weasley)	1
house(X, P)	house(slytherin, gregory_goyle)	1
female(P)	female(parvati_patil)	1
member_of(Y, order_of_the_phoenix)	member_of(albus_dumbledore, order_of_the_phoenix)	1
house(X, P)	house(ravenclaw, luna_lovegood)	1
parent(X, Y)	parent(ron_weasley, hugo_weasley)	1
parent(P, X)	parent(ginny_weasley, albus_severus_potter)	1
enemy(X, P)	enemy(dolores_umbridge, ginny_weasley)	1
muggleborn(_EX5)	muggleborn(myrtle_warren)	1
parent(Z, Y)	parent(arthur_weasley, charlie_weasley)	1
house(gryffindor, Z)	house(gryffindor, petter_pettigrew)	1
member_of(_EX0, order_of_the_phoenix)	member_of(arthur_weasley, order_of_the_phoenix)	1
enemy(Z, _EX1)	enemy(dolores_umbridge, fred_weasley)	1
house(gryffindor, Z)	house(gryffindor, percy_weasley)	1
betrays(X, P)	betrays(cho_chang, hermione_granger)	1
member_of(P, death_eaters)	member_of(voldemort, death_eaters)	1
muggle(petunia_dursley)	muggle(petunia_dursley)	1
muggle(Z)	muggle(petunia_dursley)	1
subject(P)	subject(ancient_runes)	1
member_of(_EX0, death_eaters)	member_of(bellatrix_lestrange, death_eaters)	1
house(gryffindor, P)	house(gryffindor, hermione_granger)	1
parent(P, X)	parent(ginny_weasley, lily_luna_potter)	1
hogwarts_founder(P)	hogwarts_founder(rowena_ravenclaw)	1
muggleborn(X)	muggleborn(hermione_granger)	1
member_of(P, dumbledores_army)	member_of(seamus_finnigan, dumbledores_army)	1
member_of(_EX0, death_eaters)	member_of(narcissa_malfoy, death_eaters)	1
enemy(_EX2, _EX0)	enemy(marge_dursley, harry_potter)	1
squib(Z)	squib(argus_filch)	1
member_of(ginny_weasley, dumbledores_army)	member_of(ginny_weasley, dumbledores_army)	1
male(P)	male(lucius_malfoy)	1
enemy(P, X)	enemy(quirinus_quirrell, harry_potter)	1
muggleborn(P)	muggleborn(lily_potter)	1
parent(Y, harry_potter)	parent(james_potter, harry_potter)	1
member_of(X, dumbledores_army)	member_of(padma_patil, dumbledores_army)	1
enemy(_EX2, _EX0)	enemy(dolores_umbridge, ginny_weasley)	1
enemy(Z, _EX1)	enemy(petunia_dursley, harry_potter)	1
enemy(P, _EX3)	enemy(dolores_umbridge, ginny_weasley)	1
ancestor(james_potter, _EX1)	ancestor(X, Y) :- ancestor(Z, Y), parent(X, Z)	1
ancestor(ron_weasley, P)	ancestor(X, Y) :- parent(X, Y)	1
muggle(P)	muggle(marge_dursley)	1
parent(P, lily_luna_potter)	parent(harry_potter, lily_luna_potter)	1
enemy(X, P)	enemy(bellatrix_lestrange, sirius_black)	1
ancestor(ginny_weasley, _EX3)	ancestor(X, Y) :- parent(X, Y)	1
parent(Z, Y)	parent(ron_weasley, rose_weasley)	1
member_of(_EX0, order_of_the_phoenix)	member_of(severus_snape, order_of_the_phoenix)	1
betrays(X, P)	betrays(severus_snape, voldemort)	1
female(P)	female(sybill_trelawney)	1
parent(P, _EX3)	parent(hermione_granger, hugo_weasley)	1
parent(P, X)	parent(molly_weasley, charlie_weasley)	1
betrays(Y, P)	betrays(cho_chang, ron_weasley)	1
member_of(_EX0, dumbledores_army)	member_of(fred_weasley, dumbledores_army)	1
parent(ginny_weasley, _EX1)	parent(ginny_weasley, albus_severus_potter)	1
enemy(X, P)	enemy(X, Y) :- member_of(X, death_eaters), member_of(Y, dumbledores_army)	1
descendant(Y, X)	descendant(X, Y) :- ancestor(Y, X)	1
member_of(P, order_of_the_phoenix)	member_of(alastor_moody, order_of_the_phoenix)	1
muggle(X)	muggle(dudley_dursley)	1
hates(voldemort, _EX3)	hates(X, Y) :- deatheater(X), muggleborn(Y)	1
parent(_EX5, hugo_weasley)	parent(hermione_granger, hugo_weasley)	1
member_of(X, order_of_the_phoenix)	member_of(remus_lupin, order_of_the_phoenix)	1
member_of(bellatrix_lestrange, death_eaters)	member_of(bellatrix_lestrange, death_eaters)	1
parent(Z, P)	parent(harry_potter, albus_severus_potter)	1
betrays(Y, P)	betrays(percy_weasley, arthur_weasley)	1
member_of(_EX0, dumbledores_army)	member_of(luna_lovegood, dumbledores_army)	1
hates(Z, P)	hates(X, Y) :- deatheater(X), muggle(Y)	1
parent(Y, _EX3)	parent(molly_weasley, george_weasley)	1
betrays(Y, P)	betrays(percy_weasley, hermione_granger)	1
parent(_EX1, P)	parent(frank_longbottom, neville_longbottom)	1
member_of(X, order_of_the_phoenix)	member_of(nymphadora_tonks, order_of_the_phoenix)	1
male(P)	male(ron_weasley)	1
member_of(Y, death_eaters)	member_of(draco_malfoy, death_eaters)	1
parent(_EX2, draco_malfoy)	parent(narcissa_malfoy, draco_malfoy)	1
member_of(_EX1, dumbledores_army)	member_of(neville_longbottom, dumbledores_army)	1
member_of(_EX4, death_eaters)	member_of(peter_pettigrew, death_eaters)	1
parent(ginny_weasley, Y)	parent(ginny_weasley, albus_severus_potter)	1
parent(P, _EX1)	parent(arthur_weasley, ginny_weasley)	1
parent(P, _EX3)	parent(molly_weasley, percy_weasley)	1
male(P)	male(lucius_malfoy)	1
destroyed(X, P)	destroyed(voldemort, harry_potter)	1
betrays(X, P)	betrays(percy_weasley, harry_potter)	1
member_of(X, death_eaters)	member_of(draco_malfoy, death_eaters)	1
member_of(Y, death_eaters)	member_of(voldemort, death_eaters)	1
parent(Y, _EX3)	parent(xenophilius_lovegood, luna_lovegood)	1
professor(P)	professor(horace_slughorn)	1
parent(Y, P)	parent(arthur_weasley, george_weasley)	1
parent(P, _EX3)	parent(xenophilius_lovegood, luna_lovegood)	1
enemy(P, _EX3)	enemy(draco_malfoy, harry_potter)	1
parent(Y, P)	parent(arthur_weasley, george_weasley)	1
ancestor(P, james_sirius_potter)	ancestor(X, Y) :- ancestor(Z, Y), parent(X, Z)	1
enemy(_EX2, _EX0)	enemy(X, Y) :- member_of(X, order_of_the_phoenix), member_of(Y, death_eaters)	1
enemy(P, X)	enemy(cormac_mclaggen, ron_weasley)	1
parent(_EX1, P)	parent(ginny_weasley, lily_luna_potter)	1
female(P)	female(padma_patil)	1
house(P, X)	house(slytherin, gregory_goyle)	1
parent(Y, ron_weasley)	parent(molly_weasley, ron_weasley)	1
member_of(X, death_eaters)	member_of(narcissa_malfoy, death_eaters)	1
muggleborn(Y)	muggleborn(hermione_granger)	1
hates(_EX1, myrtle_warren)	hates(X, Y) :- deatheater(X), muggleborn(Y)	1
enemy(X, P)	enemy(voldemort, albus_dumbledore)	1
parent(P, Z)	parent(molly_weasley, fred_weasley)	1
male(P)	male(xenophilius_lovegood)	1
parent(P, Z)	parent(arthur_weasley, george_weasley)	1
parent(Y, P)	parent(ron_weasley, rose_weasley)	1
enemy(P, X)	enemy(gilderoy_lockhart, severus_snape)	1
evil(bellatrix_lestrange)	evil(X) :- deatheater(X)	1
house(P, X)	house(slytherin, voldemort)	1
destroyed_horcrux(X, P)	destroyed_horcrux(X, Y) :- horcrux(Y), destroyed(X, Y)	1
enemy(X, Y)	enemy(dudley_dursley, harry_potter)	1
parent(Y, ron_weasley)	parent(molly_weasley, ron_weasley)	1
parent(_EX1, P)	parent(arthur_weasley, bill_weasley)	1
male(P)	male(george_weasley)	1
ancestor(P, lily_luna_potter)	ancestor(X, Y) :- parent(X, Y)	1
enemy(P, _EX3)	enemy(gilderoy_lockhart, ron_weasley)	1
enemy(X, Y)	enemy(gilderoy_lockhart, hermione_granger)	1
enemy(X, P)	enemy(X, Y) :- member_of(X, death_eaters), member_of(Y, dumbledores_army)	1
parent(_EX1, harry_potter)	parent(james_potter, harry_potter)	1
ancestor(james_potter, _EX1)	ancestor(X, Y) :- ancestor(Z, Y), parent(X, Z)	1
parent(harry_potter, Y)	parent(harry_potter, james_sirius_potter)	1
muggle(marge_dursley)	muggle(marge_dursley)	1
enemy(X, Y)	enemy(gilderoy_lockhart, hermione_granger)	1
parent(X, Y)	parent(lucius_malfoy, draco_malfoy)	1
magical(_EX0)	magical(thestral)	1
parent(P, Z)	parent(molly_weasley, ron_weasley)	1
male(P)	male(seamus_finnigan)	1
enemy(Z, _EX1)	enemy(quirinus_quirrell, ron_weasley)	1
parent(Y, P)	parent(molly_weasley, ginny_weasley)	1
muggleborn(X)	muggleborn(myrtle_warren)	1
parent(P, _EX3)	parent(narcissa_malfoy, draco_malfoy)	1
evil(Y)	evil(X) :- deatheater(X)	1
enemy(voldemort, Y)	enemy(voldemort, ron_weasley)	1
magical(P)	magical(unicorn)	1
house(X, P)	house(gryffindor, petter_pettigrew)	1
member_of(_EX2, dumbledores_army)	member_of(cho_chang, dumbledores_army)	1
enemy(_EX2, _EX0)	enemy(draco_malfoy, harry_potter)	1
parent(Y, _EX3)	parent(lucius_malfoy, draco_malfoy)	1
ancestor(Y, draco_malfoy)	ancestor(X, Y) :- parent(X, Y)	1
muggle(Y)	muggle(marge_dursley)	1
muggle(P)	muggle(dudley_dursley)	1
male(P)	male(filius_flitwick)	1
enemy(P, _EX3)	enemy(voldemort, ron_weasley)	1
house(gryffindor, P)	house(gryffindor, ginny_weasley)	1
enemy(_EX2, _EX0)	enemy(X, Y) :- member_of(X, order_of_the_phoenix), member_of(Y, death_eaters)	1
member_of(_EX2, order_of_the_phoenix)	member_of(minerva_mccgonagall, order_of_the_phoenix)	1
betrays(Y, P)	betrays(peter_pettigrew, sirius_black)	1
ancestor(lily_potter, Z)	ancestor(X, Y) :- ancestor(Z, Y), parent(X, Z)	1
parent(ginny_weasley, _EX1)	parent(ginny_weasley, lily_luna_potter)	1
parent(P, Y)	parent(lily_potter, harry_potter)	1
ancestor(arthur_weasley, P)	ancestor(X, Y) :- parent(X, Y)	1
parent(_EX1, ginny_weasley)	parent(molly_weasley, ginny_weasley)	1
house(X, P)	house(slytherin, severus_snape)	1
ancestor(P, X)	ancestor(X, Y) :- ancestor(Z, Y), parent(X, Z)	1
betrays(Y, P)	betrays(percy_weasley, george_weasley)	1
enemy(_EX2, _EX0)	enemy(voldemort, albus_dumbledore)	1
enemy(X, P)	enemy(voldemort, ginny_weasley)	1
professor(P)	professor(horace_slughorn)	1
house(X, P)	house(gryffindor, colin_creevey)	1
enemy(X, P)	enemy(dolores_umbridge, ginny_weasley)	1
parent(P, Z)	parent(molly_weasley, percy_weasley)	1
member_of(_EX2, death_eaters)	member_of(voldemort, death_eaters)	1
parent(ginny_weasley, X)	parent(ginny_weasley, james_sirius_potter)	1
member_of(_EX3, dumbledores_army)	member_of(harry_potter, dumbledores_army)	1
parent(ron_weasley, Y)	parent(ron_weasley, hugo_weasley)	1
creature(aragog)	creature(aragog)	1
house(gryffindor, P)	house(gryffindor, bill_weasley)	1
betrays(X, P)	betrays(percy_weasley, ron_weasley)	1
parent(Y, P)	parent(arthur_weasley, charlie_weasley)	1
muggleborn(X)	muggleborn(lily_potter)	1
male(P)	male(tom_riddle)	1
parent(Z, Y)	parent(arthur_weasley, ron_weasley)	1
deatheater(_EX3)	deatheater(X) :- member_of(X, death_eaters)	1
parent(Y, P)	parent(narcissa_malfoy, draco_malfoy)	1
betrays(Y, P)	betrays(percy_weasley, molly_weasley)	1
parent(X, P)	parent(molly_weasley, charlie_weasley)	1
enemy(P, X)	enemy(gilderoy_lockhart, hermione_granger)	1
member_of(P, death_eaters)	member_of(peter_pettigrew, death_eaters)	1
parent(Z, P)	parent(molly_weasley, george_weasley)	1
member_of(P, dumbledores_army)	member_of(fred_weasley, dumbledores_army)	1
parent(P, X)	parent(arthur_weasley, percy_weasley)	1
enemy(P, _EX3)	enemy(draco_malfoy, hermione_granger)	1
parent(P, _EX1)	parent(arthur_weasley, george_weasley)	1
parent(Y, P)	parent(petunia_dursley, dudley_dursley)	1
parent(_EX1, P)	parent(arthur_weasley, percy_weasley)	1
parent(X, P)	parent(molly_weasley, ginny_weasley)	1
professor(P)	professor(filius_flitwick)	1
parent(P, X)	parent(molly_weasley, charlie_weasley)	1
parent(_EX1, P)	parent(molly_weasley, percy_weasley)	1
house(X, P)	house(gryffindor, petter_pettigrew)	1
parent(X, P)	parent(harry_potter, james_sirius_potter)	1
male(P)	male(lucius_malfoy)	1
parent(ginny_weasley, P)	parent(ginny_weasley, james_sirius_potter)	1
parent(P, Z)	parent(arthur_weasley, ginny_weasley)	1
parent(Z, Y)	parent(alice_longbottom, neville_longbottom)	1
enemy(X, Y)	enemy(gilderoy_lockhart, severus_snape)	1
parent(james_potter, _EX1)	parent(james_potter, harry_potter)	1
parent(Y, _EX3)	parent(arthur_weasley, ron_weasley)	1
member_of(P, order_of_the_phoenix)	member_of(arthur_weasley, order_of_the_phoenix)	1
enemy(P, _EX3)	enemy(quirinus_quirrell, hermione_granger)	1
enemy(P, X)	enemy(X, Y) :- member_of(X, order_of_the_phoenix), member_of(Y, death_eaters)	1
enemy(_EX2, _EX0)	enemy(voldemort, ron_weasley)	1
ancestor(_EX1, P)	ancestor(X, Y) :- parent(X, Y)	1
parent(P, X)	parent(alice_longbottom, neville_longbottom)	1
creature(P)	creature(thestral)	1
member_of(X, death_eaters)	member_of(draco_malfoy, death_eaters)	1
house(P, X)	house(hufflepuff, newt_scamander)	1
parent(X, Y)	parent(molly_weasley, charlie_weasley)	1
descendant(albus_severus_potter, X)	descendant(X, Y) :- ancestor(Y, X)	1
magical(_EX0)	magical(norbert)	1
squib(_EX0)	squib(arabella_figg)	1
betrays(Y, P)	betrays(percy_weasley, molly_weasley)	1
parent(Z, P)	parent(molly_weasley, george_weasley)	1
parent(Z, P)	parent(hermione_granger, rose_weasley)	1
enemy(X, P)	enemy(gilderoy_lockhart, hermione_granger)	1
parent(P, X)	parent(narcissa_malfoy, draco_malfoy)	1
muggle(P)	muggle(dudley_dursley)	1
parent(P, Y)	parent(lily_potter, harry_potter)	1
parent(P, james_sirius_potter)	parent(ginny_weasley, james_sirius_potter)	1
muggleborn(_EX0)	muggleborn(myrtle_warren)	1
parent(Y, P)	parent(arthur_weasley, percy_weasley)	1
member_of(_EX2, dumbledores_army)	member_of(neville_longbottom, dumbledores_army)	1
parent(_EX1, P)	parent(vernon_dursley, dudley_dursley)	1
enemy(X, P)	enemy(dolores_umbridge, hermione_granger)	1
house(X, P)	house(gryffindor, remus_lupin)	1
member_of(_EX1, order_of_the_phoenix)	member_of(alastor_moody, order_of_the_phoenix)	1
ancestor(P, harry_potter)	ancestor(X, Y) :- parent(X, Y)	1
house(P, X)	house(gryffindor, parvati_patil)	1
parent(lily_potter, Z)	parent(lily_potter, harry_potter)	1
enemy(X, Y)	enemy(marge_dursley, harry_potter)	1
enemy(P, X)	enemy(gilderoy_lockhart, ron_weasley)	1
parent(P, X)	parent(hermione_granger, rose_weasley)	1
parent(_EX0, james_sirius_potter)	parent(harry_potter, james_sirius_potter)	1
parent(Y, P)	parent(lucius_malfoy, draco_malfoy)	1
house(gryffindor, Z)	house(gryffindor, ginny_weasley)	1
creature(P)	creature(trevor)	1
member_of(_EX3, dumbledores_army)	member_of(colin_creevey, dumbledores_army)	1
parent(Z, Y)	parent(petunia_dursley, dudley_dursley)	1
parent(_EX1, P)	parent(arthur_weasley, percy_weasley)	1
creature(norbert)	creature(norbert)	1
house(gryffindor, P)	house(gryffindor, george_weasley)	1
chocolate_frog_card(albus_dumbledore)	chocolate_frog_card(albus_dumbledore)	1
parent(P, X)	parent(ginny_weasley, lily_luna_potter)	1
parent(P, Z)	parent(arthur_weasley, ron_weasley)	1
betrays(Y, P)	betrays(percy_weasley, harry_potter)	1
enemy(_EX2, _EX0)	enemy(dolores_umbridge, hermione_granger)	1
parent(Z, Y)	parent(vernon_dursley, dudley_dursley)	1
enemy(P, _EX3)	enemy(marge_dursley, harry_potter)	1
male(P)	male(peter_pettigrew)	1
parent(P, Z)	parent(ron_weasley, rose_weasley)	1
in_gryffindor(Z)	in_gryffindor(X) :- house(gryffindor, X)	1
muggleborn(colin_creevey)	muggleborn(colin_creevey)	1
betrays(Y, P)	betrays(peter_pettigrew, sirius_black)	1
enemy(_EX2, _EX0)	enemy(peter_pettigrew, remus_lupin)	1
squib(_EX0)	squib(arabella_figg)	1
member_of(Y, death_eaters)	member_of(voldemort, death_eaters)	1
parent(X, P)	parent(molly_weasley, charlie_weasley)	1
parent(james_potter, _EX1)	parent(james_potter, harry_potter)	1
member_of(_EX0, dumbledores_army)	member_of(ginny_weasley, dumbledores_army)	1
betrays(Y, P)	betrays(cho_chang, fred_weasley)	1
male(P)	male(george_weasley)	1
enemy(P, X)	enemy(X, Y) :- member_of(X, order_of_the_phoenix), member_of(Y, death_eaters)	1
parent(Z, P)	parent(lily_potter, harry_potter)	1
magical_creature(aragog)	magical_creature(X) :- creature(X), magical(X)	1
male(P)	male(vernon_dursley)	1
magical(P)	magical(fluffy)	1
parent(P, albus_severus_potter)	parent(harry_potter, albus_severus_potter)	1
male(P)	male(vernon_dursley)	1
muggle(P)	muggle(marge_dursley)	1
parent(ginny_weasley, X)	parent(ginny_weasley, james_sirius_potter)	1
squib(Z)	squib(argus_filch)	1
enemy(_EX2, _EX0)	enemy(petunia_dursley, harry_potter)	1
parent(Y, _EX3)	parent(arthur_weasley, charlie_weasley)	1
squib(Z)	squib(argus_filch)	1
enemy(X, P)	enemy(voldemort, ginny_weasley)	1
muggleborn(X)	muggleborn(lily_potter)	1
male(P)	male(vernon_dursley)	1
enemy(P, _EX3)	enemy(gilderoy_lockhart, harry_potter)	1
member_of(X, order_of_the_phoenix)	member_of(sirius_black, order_of_the_phoenix)	1
parent(X, Y)	parent(ginny_weasley, lily_luna_potter)	1
muggle(P)	muggle(marge_dursley)	1
parent(P, Y)	parent(arthur_weasley, charlie_weasley)	1
parent(P, X)	parent(arthur_weasley, fred_weasley)	1
enemy(Z, _EX1)	enemy(quirinus_quirrell, hermione_granger)	1
magical(_EX0)	magical(aragog)	1
parent(P, _EX1)	parent(james_potter, harry_potter)	1
enemy(X, Y)	enemy(cormac_mclaggen, ron_weasley)	1
parent(_EX2, P)	parent(arthur_weasley, percy_weasley)	1
female(P)	female(cho_chang)	1
member_of(_EX2, order_of_the_phoenix)	member_of(harry_potter, order_of_the_phoenix)	1
male(P)	male(xenophilius_lovegood)	1
muggle(_EX5)	muggle(marge_dursley)	1
parent(Y, P)	parent(molly_weasley, bill_weasley)	1
enemy(Z, _EX1)	enemy(dolores_umbridge, hermione_granger)	1
parent(P, X)	parent(molly_weasley, percy_weasley)	1
enemy(X, Y)	enemy(bellatrix_lestrange, sirius_black)	1
male(P)	male(cormac_mclaggen)	1
hogwarts_founder(P)	hogwarts_founder(helga_hufflepuff)	1
parent(P, Y)	parent(lily_potter, harry_potter)	1
hates(_EX4, _EX0)	hates(X, Y) :- deatheater(X), muggleborn(Y)	1
betrays(X, P)	betrays(cho_chang, george_weasley)	1
parent(P, Y)	parent(harry_potter, lily_luna_potter)	1
member_of(_EX0, dumbledores_army)	member_of(hermione_granger, dumbledores_army)	1
member_of(_EX0, death_eaters)	member_of(bellatrix_lestrange, death_eaters)	1
deatheater(_EX4)	deatheater(X) :- member_of(X, death_eaters)	1
house(X, P)	house(gryffindor, colin_creevey)	1
ancestor(P, james_sirius_potter)	ancestor(X, Y) :- ancestor(Z, Y), parent(X, Z)	1
muggleborn(colin_creevey)	muggleborn(colin_creevey)	1
hogwarts_founder(P)	hogwarts_founder(salazar_slytherin)	1
parent(P, _EX1)	parent(molly_weasley, charlie_weasley)	1
member_of(neville_longbottom, dumbledores_army)	member_of(neville_longbottom, dumbledores_army)	1
parent(Z, Y)	parent(xenophilius_lovegood, luna_lovegood)	1
parent(P, X)	parent(xenophilius_lovegood, luna_lovegood)	1
member_of(alastor_moody, order_of_the_phoenix)	member_of(alastor_moody, order_of_the_phoenix)	1
member_of(_EX1, death_eaters)	member_of(severus_snape, death_eaters)	1
ancestor(ron_weasley, Y)	ancestor(X, Y) :- parent(X, Y)	1
enemy(P, X)	enemy(voldemort, harry_potter)	1
enemy(_EX2, _EX0)	enemy(gilderoy_lockhart, severus_snape)	1
enemy(_EX2, _EX0)	enemy(peter_pettigrew, sirius_black)	1
enemy(P, X)	enemy(voldemort, albus_dumbledore)	1
male(P)	male(salazar_slytherin)	1
muggle(_EX0)	muggle(vernon_dursley)	1
member_of(_EX1, death_eaters)	member_of(narcissa_malfoy, death_eaters)	1
parent(arthur_weasley, P)	parent(arthur_weasley, ron_weasley)	1
house(P, X)	house(gryffindor, charlie_weasley)	1
enemy(_EX2, _EX0)	enemy(dolores_umbridge, hermione_granger)	1
in_gryffindor(Z)	in_gryffindor(X) :- house(gryffindor, X)	1
muggle(P)	muggle(dudley_dursley)	1
enemy(X, Y)	enemy(dudley_dursley, harry_potter)	1
parent(P, Y)	parent(arthur_weasley, charlie_weasley)	1
parent(Y, ron_weasley)	parent(molly_weasley, ron_weasley)	1
professor(P)	professor(gilderoy_lockhart)	1
enemy(P, harry_potter)	enemy(gilderoy_lockhart, harry_potter)	1
muggle(Y)	muggle(marge_dursley)	1
house(gryffindor, P)	house(gryffindor, charlie_weasley)	1
member_of(X, order_of_the_phoenix)	member_of(harry_potter, order_of_the_phoenix)	1
parent(P, _EX1)	parent(molly_weasley, george_weasley)	1
parent(P, Z)	parent(ginny_weasley, lily_luna_potter)	1
muggleborn(P)	muggleborn(colin_creevey)	1
betrays(Y, P)	betrays(cho_chang, ginny_weasley)	1
female(P)	female(padma_patil)	1
member_of(narcissa_malfoy, death_eaters)	member_of(narcissa_malfoy, death_eaters)	1
descendant(james_sirius_potter, _EX0)	descendant(X, Y) :- ancestor(Y, X)	1
magical_creature(aragog)	magical_creature(X) :- creature(X), magical(X)	1
parent(harry_potter, P)	parent(harry_potter, lily_luna_potter)	1
destroyed(X, P)	destroyed(voldemort, harry_potter)	1
hates(voldemort, Y)	hates(X, Y) :- deatheater(X), squib(Y)	1
member_of(Y, death_eaters)	member_of(voldemort, death_eaters)	1
enemy(_EX2, _EX0)	enemy(quirinus_quirrell, hermione_granger)	1
member_of(Z, death_eaters)	member_of(lucius_malfoy, death_eaters)	1
member_of(peter_pettigrew, death_eaters)	member_of(peter_pettigrew, death_eaters)	1
parent(Z, Y)	parent(james_potter, harry_potter)	1
parent(P, X)	parent(molly_weasley, charlie_weasley)	1
parent(harry_potter, _EX1)	parent(harry_potter, lily_luna_potter)	1
enemy(_EX2, _EX0)	enemy(peter_pettigrew, remus_lupin)	1
parent(_EX4, lily_luna_potter)	parent(ginny_weasley, lily_luna_potter)	1
parent(Z, P)	parent(harry_potter, lily_luna_potter)	1
house(gryffindor, P)	house(gryffindor, george_weasley)	1
parent(harry_potter, P)	parent(harry_potter, james_sirius_potter)	1
enemy(Z, _EX1)	enemy(dolores_umbridge, hermione_granger)	1
female(P)	female(parvati_patil)	1
muggle(_EX5)	muggle(petunia_dursley)	1
member_of(X, dumbledores_army)	member_of(fred_weasley, dumbledores_army)	1
house(P, X)	house(hufflepuff, nymphadora_tonks)	1
parent(P, Z)	parent(arthur_weasley, ginny_weasley)	1
muggleborn(_EX5)	muggleborn(colin_creevey)	1
parent(P, Y)	parent(molly_weasley, george_weasley)	1
muggleborn(_EX3)	muggleborn(hermione_granger)	1
parent(P, _EX3)	parent(alice_longbottom, neville_longbottom)	1
parent(P, X)	parent(harry_potter, albus_severus_potter)	1
parent(_EX2, P)	parent(arthur_weasley, percy_weasley)	1
member_of(_EX2, order_of_the_phoenix)	member_of(minerva_mccgonagall, order_of_the_phoenix)	1
house(X, P)	house(gryffindor, colin_creevey)	1
parent(_EX1, P)	parent(arthur_weasley, ginny_weasley)	1
enemy(P, X)	enemy(voldemort, wizarding_world)	1
enemy(voldemort, Y)	enemy(voldemort, wizarding_world)	1
house(X, P)	house(slytherin, draco_malfoy)	1
enemy(sirius_black, _EX4)	enemy(X, Y) :- member_of(X, order_of_the_phoenix), member_of(Y, death_eaters)	1
ancestor(P, harry_potter)	ancestor(X, Y) :- parent(X, Y)	1
parent(P, _EX1)	parent(petunia_dursley, dudley_dursley)	1
enemy(X, P)	enemy(petunia_dursley, harry_potter)	1
muggle(P)	muggle(marge_dursley)	1
muggle(_EX3)	muggle(vernon_dursley)	1
squib(Z)	squib(argus_filch)	1
parent(X, Y)	parent(molly_weasley, percy_weasley)	1
parent(P, _EX1)	parent(arthur_weasley, fred_weasley)	1
magical(_EX0)	magical(aragog)	1
house(X, P)	house(hufflepuff, newt_scamander)	1
parent(Y, _EX3)	parent(harry_potter, albus_severus_potter)	1
enemy(X, Y)	enemy(dudley_dursley, harry_potter)	1
member_of(_EX1, order_of_the_phoenix)	member_of(minerva_mccgonagall, order_of_the_phoenix)	1
enemy(P, _EX3)	enemy(draco_malfoy, harry_potter)	1
parent(Y, P)	parent(petunia_dursley, dudley_dursley)	1
member_of(_EX2, dumbledores_army)	member_of(colin_creevey, dumbledores_army)	1
enemy(X, Y)	enemy(dolores_umbridge, fred_weasley)	1
enemy(_EX2, _EX0)	enemy(X, Y) :- member_of(X, order_of_the_phoenix), member_of(Y, death_eaters)	1
parent(P, Z)	parent(molly_weasley, ron_weasley)	1
enemy(Z, _EX1)	enemy(voldemort, ron_weasley)	1
parent(P, X)	parent(ginny_weasley, albus_severus_potter)	1
member_of(_EX4, death_eaters)	member_of(voldemort, death_eaters)	1
enemy(_EX2, _EX0)	enemy(voldemort, albus_dumbledore)	1
enemy(P, X)	enemy(quirinus_quirrell, hermione_granger)	1
magical(_EX0)	magical(fawkes)	1
enemy(Z, _EX1)	enemy(dolores_umbridge, ginny_weasley)	1
parent(P, Z)	parent(arthur_weasley, ginny_weasley)	1
parent(P, X)	parent(hermione_granger, hugo_weasley)	1
parent(X, Y)	parent(james_potter, harry_potter)	1
member_of(_EX2, order_of_the_phoenix)	member_of(albus_dumbledore, order_of_the_phoenix)	1
squib(_EX5)	squib(arabella_figg)	1
member_of(Y, death_eaters)	member_of(voldemort, death_eaters)	1
hates(_EX0, Z)	hates(X, Y) :- deatheater(X), muggle(Y)	1
ancestor(P, _EX1)	ancestor(X, Y) :- ancestor(Z, Y), parent(X, Z)	1
parent(P, X)	parent(ron_weasley, hugo_weasley)	1
parent(_EX5, ron_weasley)	parent(molly_weasley, ron_weasley)	1
hates(Y, argus_filch)	hates(X, Y) :- deatheater(X), squib(Y)	1
hates(_EX4, _EX0)	hates(X, Y) :- deatheater(X), squib(Y)	1
hates(X, Z)	hates(X, Y) :- deatheater(X), muggleborn(Y)	1
parent(_EX0, harry_potter)	parent(lily_potter, harry_potter)	1
male(P)	male(ron_weasley)	1
parent(Y, P)	parent(xenophilius_lovegood, luna_lovegood)	1
parent(harry_potter, _EX1)	parent(harry_potter, lily_luna_potter)	1
ancestor(P, james_sirius_potter)	ancestor(X, Y) :- ancestor(Z, Y), parent(X, Z)	1
parent(P, _EX3)	parent(ginny_weasley, james_sirius_potter)	1
parent(X, Y)	parent(ron_weasley, rose_weasley)	1
parent(Y, P)	parent(arthur_weasley, percy_weasley)	1
parent(P, Y)	parent(harry_potter, lily_luna_potter)	1
parent(Y, P)	parent(narcissa_malfoy, draco_malfoy)	1
member_of(_EX0, order_of_the_phoenix)	member_of(nymphadora_tonks, order_of_the_phoenix)	1
female(P)	female(fleur_delacour)	1
professor(P)	professor(minerva_mcgonagall)	1
member_of(_EX4, dumbledores_army)	member_of(ginny_weasley, dumbledores_army)	1
enemy(_EX2, _EX0)	enemy(dolores_umbridge, hermione_granger)	1
ancestor(P, Y)	ancestor(X, Y) :- ancestor(Z, Y), parent(X, Z)	1
squib(Z)	squib(argus_filch)	1
enemy(_EX2, _EX0)	enemy(peter_pettigrew, remus_lupin)	1
member_of(_EX1, death_eaters)	member_of(narcissa_malfoy, death_eaters)	1
house(X, P)	house(hufflepuff, newt_scamander)	1
parent(Z, Y)	parent(ginny_weasley, lily_luna_potter)	1
ancestor(arthur_weasley, P)	ancestor(X, Y) :- ancestor(Z, Y), parent(X, Z)	1
parent(lily_potter, P)	parent(lily_potter, harry_potter)	1
parent(ron_weasley, _EX1)	parent(ron_weasley, hugo_weasley)	1
member_of(P, dumbledores_army)	member_of(george_weasley, dumbledores_army)	1
squib(Y)	squib(argus_filch)	1
member_of(_EX0, death_eaters)	member_of(bellatrix_lestrange, death_eaters)	1
house(X, P)	house(hufflepuff, newt_scamander)	1
member_of(X, dumbledores_army)	member_of(colin_creevey, dumbledores_army)	1
ancestor(lily_potter, Z)	ancestor(X, Y) :- parent(X, Y)	1
professor(P)	professor(sybill_trelawney)	1
parent(X, Y)	parent(harry_potter, james_sirius_potter)	1
parent(ginny_weasley, X)	parent(ginny_weasley, james_sirius_potter)	1
enemy(P, _EX3)	enemy(dolores_umbridge, ron_weasley)	1
magical_creature(P)	magical_creature(X) :- creature(X), magical(X)	1
member_of(_EX2, order_of_the_phoenix)	member_of(harry_potter, order_of_the_phoenix)	1
member_of(_EX1, dumbledores_army)	member_of(george_weasley, dumbledores_army)	1
muggleborn(_EX0)	muggleborn(myrtle_warren)	1
house(X, P)	house(slytherin, horace_slughorn)	1
hates(Y, P)	hates(X, Y) :- deatheater(X), squib(Y)	1
muggle(_EX5)	muggle(dudley_dursley)	1
betrays(X, P)	betrays(cho_chang, ron_weasley)	1
female(P)	female(molly_weasley)	1
member_of(_EX2, death_eaters)	member_of(severus_snape, death_eaters)	1
parent(Z, Y)	parent(arthur_weasley, percy_weasley)	1
parent(P, Y)	parent(frank_longbottom, neville_longbottom)	1
ancestor(ginny_weasley, _EX1)	ancestor(X, Y) :- parent(X, Y)	1
house(X, P)	house(gryffindor, remus_lupin)	1
member_of(P, order_of_the_phoenix)	member_of(minerva_mccgonagall, order_of_the_phoenix)	1
enemy(P, _EX3)	enemy(voldemort, ron_weasley)	1
parent(X, P)	parent(james_potter, harry_potter)	1
subject(P)	subject(astronomy)	1
enemy(X, Y)	enemy(gilderoy_lockhart, severus_snape)	1
member_of(X, order_of_the_phoenix)	member_of(harry_potter, order_of_the_phoenix)	1
female(P)	female(molly_weasley)	1
enemy(P, X)	enemy(cormac_mclaggen, ron_weasley)	1
parent(P, _EX1)	parent(ginny_weasley, albus_severus_potter)	1
parent(X, P)	parent(arthur_weasley, bill_weasley)	1
muggleborn(_EX3)	muggleborn(hermione_granger)	1
enemy(P, X)	enemy(cormac_mclaggen, ron_weasley)	1
parent(P, Y)	parent(molly_weasley, ginny_weasley)	1
parent(Z, Y)	parent(petunia_dursley, dudley_dursley)	1
deatheater(_EX1)	deatheater(X) :- member_of(X, death_eaters)	1
house(P, X)	house(gryffindor, george_weasley)	1
enemy(P, harry_potter)	enemy(gilderoy_lockhart, harry_potter)	1
parent(X, Y)	parent(molly_weasley, charlie_weasley)	1
parent(Y, P)	parent(vernon_dursley, dudley_dursley)	1
enemy(X, P)	enemy(gilderoy_lockhart, harry_potter)	1
male(P)	male(dudley_dursley)	1
parent(P, Z)	parent(ginny_weasley, lily_luna_potter)	1
parent(Z, Y)	parent(lucius_malfoy, draco_malfoy)	1
descendant(Y, X)	descendant(X, Y) :- ancestor(Y, X)	1
enemy(P, _EX3)	enemy(voldemort, ginny_weasley)	1
parent(P, Z)	parent(molly_weasley, bill_weasley)	1
parent(X, Y)	parent(molly_weasley, fred_weasley)	1
member_of(X, death_eaters)	member_of(narcissa_malfoy, death_eaters)	1
parent(P, X)	parent(molly_weasley, charlie_weasley)	1
female(P)	female(rose_weasley)	1
member_of(Y, death_eaters)	member_of(voldemort, death_eaters)	1
house(X, P)	house(slytherin, lucius_malfoy)	1
female(P)	female(molly_weasley)	1
parent(P, Y)	parent(molly_weasley, fred_weasley)	1
parent(P, _EX3)	parent(frank_longbottom, neville_longbottom)	1
magical(_EX0)	magical(norbert)	1
parent(Y, P)	parent(petunia_dursley, dudley_dursley)	1
enemy(Z, _EX1)	enemy(draco_malfoy, harry_potter)	1
parent(P, Y)	parent(ginny_weasley, lily_luna_potter)	1
betrays(X, P)	betrays(percy_weasley, ron_weasley)	1
ancestor(P, X)	ancestor(X, Y) :- ancestor(Z, Y), parent(X, Z)	1
parent(_EX4, lily_luna_potter)	parent(harry_potter, lily_luna_potter)	1
house(X, P)	house(slytherin, bellatrix_lestrange)	1
enemy(_EX2, _EX0)	enemy(peter_pettigrew, remus_lupin)	1
member_of(Z, order_of_the_phoenix)	member_of(molly_weasley, order_of_the_phoenix)	1
parent(Y, harry_potter)	parent(lily_potter, harry_potter)	1
parent(_EX1, P)	parent(arthur_weasley, ginny_weasley)	1
destroyed(hermione_granger, hufflepuff_cup)	destroyed(hermione_granger, hufflepuff_cup)	1
muggle(X)	muggle(dudley_dursley)	1
parent(P, albus_severus_potter)	parent(harry_potter, albus_severus_potter)	1
descendant(Y, X)	descendant(X, Y) :- ancestor(Y, X)	1
male(P)	male(tom_riddle)	1
parent(X, P)	parent(alice_longbottom, neville_longbottom)	1
parent(_EX1, P)	parent(frank_longbottom, neville_longbottom)	1
parent(P, X)	parent(lucius_malfoy, draco_malfoy)	1
enemy(P, _EX3)	enemy(voldemort, hermione_granger)	1
member_of(Z, order_of_the_phoenix)	member_of(arthur_weasley, order_of_the_phoenix)	1
male(P)	male(cedric_diggory)	1
parent(ron_weasley, _EX1)	parent(ron_weasley, rose_weasley)	1
parent(P, X)	parent(hermione_granger, rose_weasley)	1
parent(_EX5, hugo_weasley)	parent(ron_weasley, hugo_weasley)	1
parent(X, albus_severus_potter)	parent(harry_potter, albus_severus_potter)	1
ancestor(james_potter, _EX1)	ancestor(X, Y) :- ancestor(Z, Y), parent(X, Z)	1
house(gryffindor, Z)	house(gryffindor, harry_potter)	1
member_of(_EX0, death_eaters)	member_of(peter_pettigrew, death_eaters)	1
enemy(X, Y)	enemy(dolores_umbridge, hermione_granger)	1
betrays(X, P)	betrays(cho_chang, hermione_granger)	1
parent(Z, Y)	parent(vernon_dursley, dudley_dursley)	1
parent(Y, P)	parent(molly_weasley, ginny_weasley)	1
member_of(severus_snape, death_eaters)	member_of(severus_snape, death_eaters)	1
ancestor(P, james_sirius_potter)	ancestor(X, Y) :- ancestor(Z, Y), parent(X, Z)	1
parent(Y, ron_weasley)	parent(molly_weasley, ron_weasley)	1
male(P)	male(voldemort)	1
member_of(_EX2, order_of_the_phoenix)	member_of(harry_potter, order_of_the_phoenix)	1
parent(X, Y)	parent(james_potter, harry_potter)	1
parent(Y, P)	parent(ron_weasley, rose_weasley)	1
enemy(Z, _EX1)	enemy(bellatrix_lestrange, sirius_black)	1
parent(Y, P)	parent(arthur_weasley, ron_weasley)	1
parent(P, Z)	parent(ginny_weasley, lily_luna_potter)	1
enemy(_EX2, _EX0)	enemy(peter_pettigrew, sirius_black)	1
parent(X, Y)	parent(arthur_weasley, george_weasley)	1
hates(Y, P)	hates(X, Y) :- deatheater(X), squib(Y)	1
parent(P, Y)	parent(ginny_weasley, lily_luna_potter)	1
parent(P, Z)	parent(molly_weasley, bill_weasley)	1
parent(X, P)	parent(alice_longbottom, neville_longbottom)	1
betrays(Y, P)	betrays(percy_weasley, harry_potter)	1
enemy(X, Y)	enemy(vernon_dursley, harry_potter)	1
house(X, P)	house(hufflepuff, nymphadora_tonks)	1
member_of(_EX1, order_of_the_phoenix)	member_of(severus_snape, order_of_the_phoenix)	1
parent(P, X)	parent(molly_weasley, charlie_weasley)	1
enemy(X, Y)	enemy(gilderoy_lockhart, hermione_granger)	1
enemy(P, _EX3)	enemy(voldemort, ginny_weasley)	1
member_of(X, death_eaters)	member_of(draco_malfoy, death_eaters)	1
house(gryffindor, P)	house(gryffindor, charlie_weasley)	1
parent(Y, P)	parent(ron_weasley, rose_weasley)	1
parent(P, _EX3)	parent(molly_weasley, percy_weasley)	1
member_of(_EX0, dumbledores_army)	member_of(luna_lovegood, dumbledores_army)	1
parent(P, Y)	parent(ginny_weasley, james_sirius_potter)	1
house(gryffindor, P)	house(gryffindor, george_weasley)	1
parent(P, Y)	parent(lily_potter, harry_potter)	1
house(gryffindor, Z)	house(gryffindor, fred_weasley)	1
enemy(P, harry_potter)	enemy(gilderoy_lockhart, harry_potter)	1
deatheater(_EX3)	deatheater(X) :- member_of(X, death_eaters)	1
hates(bellatrix_lestrange, _EX5)	hates(X, Y) :- deatheater(X), squib(Y)	1
member_of(_EX1, death_eaters)	member_of(bellatrix_lestrange, death_eaters)	1
parent(_EX0, james_sirius_potter)	parent(harry_potter, james_sirius_potter)	1
parent(P, Y)	parent(harry_potter, lily_luna_potter)	1
parent(P, Y)	parent(hermione_granger, rose_weasley)	1
parent(P, X)	parent(ginny_weasley, lily_luna_potter)	1
parent(Z, Y)	parent(vernon_dursley, dudley_dursley)	1
magical(_EX0)	magical(thestral)	1
enemy(_EX2, _EX0)	enemy(dolores_umbridge, ginny_weasley)	1
parent(P, Z)	parent(molly_weasley, charlie_weasley)	1
betrays(Y, P)	betrays(peter_pettigrew, remus_lupin)	1
parent(X, P)	parent(hermione_granger, hugo_weasley)	1
parent(Y, P)	parent(alice_longbottom, neville_longbottom)	1
betrays(Y, P)	betrays(percy_weasley, george_weasley)	1
member_of(_EX3, dumbledores_army)	member_of(ginny_weasley, dumbledores_army)	1
enemy(_EX2, _EX0)	enemy(gilderoy_lockhart, ron_weasley)	1
enemy(P, _EX3)	enemy(marge_dursley, harry_potter)	1
parent(_EX1, P)	parent(vernon_dursley, dudley_dursley)	1
parent(Z, Y)	parent(arthur_weasley, percy_weasley)	1
enemy(P, _EX3)	enemy(gilderoy_lockhart, severus_snape)	1
member_of(_EX2, order_of_the_phoenix)	member_of(harry_potter, order_of_the_phoenix)	1
parent(Y, P)	parent(arthur_weasley, george_weasley)	1
enemy(P, _EX3)	enemy(quirinus_quirrell, ron_weasley)	1
parent(_EX2, P)	parent(ginny_weasley, james_sirius_potter)	1
parent(Y, P)	parent(arthur_weasley, bill_weasley)	1
parent(P, _EX3)	parent(alice_longbottom, neville_longbottom)	1
enemy(P, X)	enemy(dolores_umbridge, george_weasley)	1
hates(lucius_malfoy, X)	hates(X, Y) :- deatheater(X), squib(Y)	1
muggle(_EX0)	muggle(marge_dursley)	1
ancestor(P, harry_potter)	ancestor(X, Y) :- parent(X, Y)	1
deatheater(_EX0)	deatheater(X) :- member_of(X, death_eaters)	1
house(P, X)	house(gryffindor, charlie_weasley)	1
member_of(X, order_of_the_phoenix)	member_of(albus_dumbledore, order_of_the_phoenix)	1
parent(P, _EX3)	parent(alice_longbottom, neville_longbottom)	1
house(X, P)	house(hufflepuff, nymphadora_tonks)	1
hates(voldemort, Y)	hates(X, Y) :- deatheater(X), squib(Y)	1
enemy(P, X)	enemy(dolores_umbridge, george_weasley)	1
house(P, X)	house(gryffindor, colin_creevey)	1
house(X, P)	house(hufflepuff, newt_scamander)	1
subject(P)	subject(astronomy)	1
enemy(_EX2, _EX0)	enemy(vernon_dursley, harry_potter)	1
enemy(P, _EX3)	enemy(voldemort, rubeus_hagrid)	1
enemy(X, P)	enemy(quirinus_quirrell, ron_weasley)	1
parent(arthur_weasley, P)	parent(arthur_weasley, charlie_weasley)	1
enemy(Y, ginny_weasley)	enemy(X, Y) :- member_of(X, death_eaters), member_of(Y, dumbledores_army)	1
enemy(Z, _EX1)	enemy(quirinus_quirrell, ron_weasley)	1
hates(voldemort, _EX3)	hates(X, Y) :- deatheater(X), squib(Y)	1
house(X, P)	house(slytherin, draco_malfoy)	1
muggleborn(Z)	muggleborn(myrtle_warren)	1
female(P)	female(molly_weasley)	1
enemy(P, _EX3)	enemy(quirinus_quirrell, harry_potter)	1
enemy(P, _EX3)	enemy(dudley_dursley, harry_potter)	1
parent(Z, Y)	parent(xenophilius_lovegood, luna_lovegood)	1
house(gryffindor, Z)	house(gryffindor, colin_creevey)	1
member_of(P, death_eaters)	member_of(peter_pettigrew, death_eaters)	1
parent(P, ginny_weasley)	parent(arthur_weasley, ginny_weasley)	1
deatheater(bellatrix_lestrange)	deatheater(X) :- member_of(X, death_eaters)	1
enemy(nymphadora_tonks, _EX2)	enemy(X, Y) :- member_of(X, order_of_the_phoenix), member_of(Y, death_eaters)	1
member_of(_EX0, order_of_the_phoenix)	member_of(minerva_mccgonagall, order_of_the_phoenix)	1
female(P)	female(bellatrix_lestrange)	1
enemy(X, Y)	enemy(dolores_umbridge, george_weasley)	1
likes_voldemort(_EX4)	likes_voldemort(X) :- deatheater(X)	1
member_of(X, dumbledores_army)	member_of(parvati_patil, dumbledores_army)	1
enemy(P, _EX3)	enemy(draco_malfoy, harry_potter)	1
enemy(X, P)	enemy(voldemort, ron_weasley)	1
enemy(P, X)	enemy(X, Y) :- member_of(X, death_eaters), member_of(Y, dumbledores_army)	1
member_of(P, death_eaters)	member_of(peter_pettigrew, death_eaters)	1
parent(P, james_sirius_potter)	parent(harry_potter, james_sirius_potter)	1
parent(X, P)	parent(james_potter, harry_potter)	1
magical(_EX0)	magical(fawkes)	1
house(X, P)	house(gryffindor, petter_pettigrew)	1
descendant(X, P)	descendant(X, Y) :- ancestor(Y, X)	1
member_of(_EX2, death_eaters)	member_of(severus_snape, death_eaters)	1
member_of(_EX0, death_eaters)	member_of(voldemort, death_eaters)	1
parent(P, _EX3)	parent(ron_weasley, hugo_weasley)	1
house(X, P)	house(hufflepuff, nymphadora_tonks)	1
deatheater(_EX1)	deatheater(X) :- member_of(X, death_eaters)	1
ancestor(arthur_weasley, P)	ancestor(X, Y) :- ancestor(Z, Y), parent(X, Z)	1
enemy(X, Y)	enemy(draco_malfoy, ron_weasley)	1
enemy(_EX2, _EX0)	enemy(quirinus_quirrell, ron_weasley)	1
enemy(_EX2, _EX0)	enemy(bellatrix_lestrange, neville_longbottom)	1
male(severus_snape)	male(severus_snape)	1
house(X, P)	house(gryffindor, hermione_granger)	1
house(gryffindor, P)	house(gryffindor, remus_lupin)	1
parent(P, Y)	parent(molly_weasley, bill_weasley)	1
parent(P, X)	parent(ginny_weasley, lily_luna_potter)	1
subject(P)	subject(flying)	1
female(P)	female(molly_weasley)	1
parent(X, P)	parent(alice_longbottom, neville_longbottom)	1
member_of(X, dumbledores_army)	member_of(parvati_patil, dumbledores_army)	1
enemy(_EX1, voldemort)	enemy(X, Y) :- member_of(X, order_of_the_phoenix), member_of(Y, death_eaters)	1
parent(harry_potter, Z)	parent(harry_potter, james_sirius_potter)	1
member_of(_EX3, dumbledores_army)	member_of(ginny_weasley, dumbledores_army)	1
member_of(_EX2, death_eaters)	member_of(bellatrix_lestrange, death_eaters)	1
enemy(_EX1, lucius_malfoy)	enemy(X, Y) :- member_of(X, order_of_the_phoenix), member_of(Y, death_eaters)	1
enemy(P, X)	enemy(voldemort, albus_dumbledore)	1
muggle(Y)	muggle(marge_dursley)	1
member_of(Z, order_of_the_phoenix)	member_of(albus_dumbledore, order_of_the_phoenix)	1
parent(arthur_weasley, P)	parent(arthur_weasley, charlie_weasley)	1
enemy(_EX2, _EX0)	enemy(draco_malfoy, harry_potter)	1
hates(narcissa_malfoy, _EX0)	hates(X, Y) :- deatheater(X), muggleborn(Y)	1
muggleborn(_EX0)	muggleborn(lily_potter)	1
parent(Y, P)	parent(arthur_weasley, bill_weasley)	1
parent(P, X)	parent(arthur_weasley, charlie_weasley)	1
parent(lily_potter, P)	parent(lily_potter, harry_potter)	1
parent(_EX1, P)	parent(arthur_weasley, percy_weasley)	1
parent(P, harry_potter)	parent(james_potter, harry_potter)	1
squib(Z)	squib(argus_filch)	1
subject(P)	subject(astronomy)	1
house(X, P)	house(gryffindor, sirius_black)	1
creature(P)	creature(fawkes)	1
professor(P)	professor(filius_flitwick)	1
parent(Y, _EX3)	parent(petunia_dursley, dudley_dursley)	1
house(P, X)	house(gryffindor, george_weasley)	1
magical(_EX0)	magical(aragog)	1
house(P, X)	house(gryffindor, minerva_mccgonall)	1
creature(P)	creature(fluffy)	1
parent(P, Z)	parent(molly_weasley, bill_weasley)	1
male(P)	male(vincent_crabble)	1
parent(Y, P)	parent(xenophilius_lovegood, luna_lovegood)	1
male(P)	male(godric_gryffindor)	1
member_of(sirius_black, order_of_the_phoenix)	member_of(sirius_black, order_of_the_phoenix)	1
enemy(P, _EX3)	enemy(quirinus_quirrell, harry_potter)	1
enemy(X, P)	enemy(draco_malfoy, harry_potter)	1
hates(Y, P)	hates(X, Y) :- deatheater(X), squib(Y)	1
house(gryffindor, Z)	house(gryffindor, colin_creevey)	1
enemy(P, _EX3)	enemy(voldemort, rubeus_hagrid)	1
parent(Z, P)	parent(hermione_granger, rose_weasley)	1
ancestor(P, lily_luna_potter)	ancestor(X, Y) :- ancestor(Z, Y), parent(X, Z)	1
member_of(Y, death_eaters)	member_of(severus_snape, death_eaters)	1
creature(P)	creature(aragog)	1
parent(X, P)	parent(ginny_weasley, albus_severus_potter)	1
enemy(P, X)	enemy(gilderoy_lockhart, harry_potter)	1
parent(Y, ron_weasley)	parent(molly_weasley, ron_weasley)	1
parent(P, _EX1)	parent(harry_potter, james_sirius_potter)	1
ancestor(P, harry_potter)	ancestor(X, Y) :- parent(X, Y)	1
muggle(P)	muggle(dudley_dursley)	1
ancestor(X, albus_severus_potter)	ancestor(X, Y) :- parent(X, Y)	1
member_of(_EX4, dumbledores_army)	member_of(luna_lovegood, dumbledores_army)	1
parent(harry_potter, Y)	parent(harry_potter, albus_severus_potter)	1
parent(X, Y)	parent(arthur_weasley, ron_weasley)	1
male(P)	male(gilderoy_lockhart)	1
member_of(Y, order_of_the_phoenix)	member_of(arthur_weasley, order_of_the_phoenix)	1
enemy(X, Y)	enemy(draco_malfoy, ron_weasley)	1
parent(Z, Y)	parent(molly_weasley, ginny_weasley)	1
member_of(_EX0, order_of_the_phoenix)	member_of(molly_weasley, order_of_the_phoenix)	1
parent(P, X)	parent(molly_weasley, percy_weasley)	1
house(X, P)	house(hufflepuff, nymphadora_tonks)	1
enemy(Z, _EX1)	enemy(quirinus_quirrell, ron_weasley)	1
muggleborn(Y)	muggleborn(colin_creevey)	1
parent(X, P)	parent(ginny_weasley, albus_severus_potter)	1
enemy(P, _EX3)	enemy(voldemort, wizarding_world)	1
member_of(_EX3, dumbledores_army)	member_of(colin_creevey, dumbledores_army)	1
parent(Y, ron_weasley)	parent(molly_weasley, ron_weasley)	1
parent(Y, ron_weasley)	parent(molly_weasley, ron_weasley)	1
parent(Z, Y)	parent(ginny_weasley, lily_luna_potter)	1
enemy(X, Y)	enemy(gilderoy_lockhart, severus_snape)	1
betrays(Y, P)	betrays(xenophilius_lovegood, hermione_granger)	1
parent(P, X)	parent(alice_longbottom, neville_longbottom)	1
subject(P)	subject(care_of_magical_creatures)	1
member_of(Y, death_eaters)	member_of(bellatrix_lestrange, death_eaters)	1
muggle(X)	muggle(marge_dursley)	1
parent(Y, P)	parent(arthur_weasley, george_weasley)	1
parent(_EX2, P)	parent(molly_weasley, bill_weasley)	1
parent(P, Y)	parent(alice_longbottom, neville_longbottom)	1
parent(_EX1, P)	parent(ron_weasley, hugo_weasley)	1
parent(_EX1, P)	parent(arthur_weasley, bill_weasley)	1
enemy(voldemort, Y)	enemy(voldemort, ginny_weasley)	1
muggleborn(Y)	muggleborn(colin_creevey)	1
member_of(X, dumbledores_army)	member_of(parvati_patil, dumbledores_army)	1
enemy(Z, _EX1)	enemy(gilderoy_lockhart, severus_snape)	1
parent(P, Z)	parent(arthur_weasley, george_weasley)	1
parent(P, _EX3)	parent(alice_longbottom, neville_longbottom)	1
enemy(P, X)	enemy(gilderoy_lockhart, ron_weasley)	1
betrays(X, P)	betrays(cho_chang, fred_weasley)	1
member_of(Z, order_of_the_phoenix)	member_of(nymphadora_tonks, order_of_the_phoenix)	1
house(P, X)	house(slytherin, gregory_goyle)	1
enemy(X, P)	enemy(quirinus_quirrell, ron_weasley)	1
parent(X, Y)	parent(molly_weasley, bill_weasley)	1
parent(X, P)	parent(lucius_malfoy, draco_malfoy)	1
parent(P, X)	parent(molly_weasley, fred_weasley)	1
member_of(_EX0, dumbledores_army)	member_of(luna_lovegood, dumbledores_army)	1
parent(ron_weasley, Y)	parent(ron_weasley, hugo_weasley)	1
member_of(_EX0, dumbledores_army)	member_of(padma_patil, dumbledores_army)	1
house(gryffindor, P)	house(gryffindor, charlie_weasley)	1
parent(Y, _EX3)	parent(harry_potter, lily_luna_potter)	1
muggleborn(myrtle_warren)	muggleborn(myrtle_warren)	1
parent(_EX1, P)	parent(james_potter, harry_potter)	1
muggleborn(_EX3)	muggleborn(hermione_granger)	1
parent(P, _EX1)	parent(harry_potter, albus_severus_potter)	1
enemy(P, _EX3)	enemy(dudley_dursley, harry_potter)	1
parent(X, Y)	parent(hermione_granger, hugo_weasley)	1
enemy(voldemort, Y)	enemy(voldemort, ginny_weasley)	1
parent(Y, _EX3)	parent(ron_weasley, hugo_weasley)	1
member_of(X, death_eaters)	member_of(bellatrix_lestrange, death_eaters)	1
parent(X, P)	parent(hermione_granger, rose_weasley)	1
muggleborn(Y)	muggleborn(hermione_granger)	1
member_of(X, dumbledores_army)	member_of(seamus_finnigan, dumbledores_army)	1
house(gryffindor, Z)	house(gryffindor, harry_potter)	1
enemy(_EX2, _EX0)	enemy(voldemort, ron_weasley)	1
male(P)	male(vernon_dursley)	1
parent(P, X)	parent(molly_weasley, ginny_weasley)	1
parent(Z, P)	parent(xenophilius_lovegood, luna_lovegood)	1
enemy(_EX2, _EX0)	enemy(peter_pettigrew, sirius_black)	1
parent(Y, P)	parent(arthur_weasley, percy_weasley)	1
enemy(P, _EX3)	enemy(voldemort, wizarding_world)	1
evil(bellatrix_lestrange)	evil(X) :- deatheater(X)	1
parent(P, Z)	parent(arthur_weasley, charlie_weasley)	1
parent(Z, Y)	parent(petunia_dursley, dudley_dursley)	1
ancestor(ron_weasley, Z)	ancestor(X, Y) :- parent(X, Y)	1
parent(ginny_weasley, X)	parent(ginny_weasley, james_sirius_potter)	1
enemy(Z, _EX1)	enemy(dolores_umbridge, george_weasley)	1
member_of(_EX0, dumbledores_army)	member_of(george_weasley, dumbledores_army)	1
parent(Y, P)	parent(arthur_weasley, george_weasley)	1
male(P)	male(gilderoy_lockhart)	1
parent(Y, _EX3)	parent(lucius_malfoy, draco_malfoy)	1
parent(X, P)	parent(molly_weasley, george_weasley)	1
parent(P, _EX1)	parent(hermione_granger, rose_weasley)	1
parent(Z, Y)	parent(harry_potter, james_sirius_potter)	1
parent(X, Y)	parent(arthur_weasley, george_weasley)	1
member_of(_EX3, death_eaters)	member_of(voldemort, death_eaters)	1
ancestor(petunia_dursley, Z)	ancestor(X, Y) :- parent(X, Y)	1
enemy(X, Y)	enemy(gilderoy_lockhart, severus_snape)	1
parent(Z, Y)	parent(alice_longbottom, neville_longbottom)	1
parent(P, Z)	parent(molly_weasley, ginny_weasley)	1
creature(norbert)	creature(norbert)	1
member_of(_EX2, dumbledores_army)	member_of(neville_longbottom, dumbledores_army)	1
parent(Y, P)	parent(hermione_granger, rose_weasley)	1
male(P)	male(remus_lupin)	1
enemy(X, P)	enemy(voldemort, hermione_granger)	1
deatheater(_EX3)	deatheater(X) :- member_of(X, death_eaters)	1
enemy(P, harry_potter)	enemy(dolores_umbridge, harry_potter)	1
member_of(P, order_of_the_phoenix)	member_of(molly_weasley, order_of_the_phoenix)	1
parent(james_potter, P)	parent(james_potter, harry_potter)	1
house(gryffindor, P)	house(gryffindor, remus_lupin)	1
parent(ron_weasley, X)	parent(ron_weasley, rose_weasley)	1
member_of(_EX3, death_eaters)	member_of(voldemort, death_eaters)	1
squib(P)	squib(argus_filch)	1
member_of(nymphadora_tonks, order_of_the_phoenix)	member_of(nymphadora_tonks, order_of_the_phoenix)	1
parent(X, P)	parent(arthur_weasley, charlie_weasley)	1
hates(Y, argus_filch)	hates(X, Y) :- deatheater(X), squib(Y)	1
parent(Y, P)	parent(arthur_weasley, bill_weasley)	1
betrays(Y, P)	betrays(cho_chang, ginny_weasley)	1
parent(lily_potter, Z)	parent(lily_potter, harry_potter)	1
house(X, P)	house(hufflepuff, nymphadora_tonks)	1
enemy(X, Y)	enemy(dudley_dursley, harry_potter)	1
house(gryffindor, Z)	house(gryffindor, colin_creevey)	1
enemy(_EX2, _EX0)	enemy(voldemort, albus_dumbledore)	1
parent(P, Y)	parent(harry_potter, lily_luna_potter)	1
member_of(narcissa_malfoy, death_eaters)	member_of(narcissa_malfoy, death_eaters)	1
professor(P)	professor(rubeus_hagrid)	1
magical_creature(P)	magical_creature(X) :- creature(X), magical(X)	1
betrays(Y, P)	betrays(peter_pettigrew, sirius_black)	1
parent(petunia_dursley, Z)	parent(petunia_dursley, dudley_dursley)	1
enemy(voldemort, Y)	enemy(voldemort, wizarding_world)	1
enemy(X, P)	enemy(voldemort, harry_potter)	1
enemy(X, Y)	enemy(gilderoy_lockhart, hermione_granger)	1
parent(arthur_weasley, P)	parent(arthur_weasley, george_weasley)	1
house(gryffindor, P)	house(gryffindor, james_potter)	1
muggle(X)	muggle(dudley_dursley)	1
parent(Y, P)	parent(frank_longbottom, neville_longbottom)	1
ancestor(P, james_sirius_potter)	ancestor(X, Y) :- ancestor(Z, Y), parent(X, Z)	1
ancestor(ginny_weasley, P)	ancestor(X, Y) :- parent(X, Y)	1
enemy(P, _EX3)	enemy(vernon_dursley, harry_potter)	1
parent(X, P)	parent(molly_weasley, george_weasley)	1
hates(Y, P)	hates(X, Y) :- deatheater(X), squib(Y)	1
member_of(Y, death_eaters)	member_of(voldemort, death_eaters)	1
member_of(Z, order_of_the_phoenix)	member_of(remus_lupin, order_of_the_phoenix)	1
male(P)	male(godric_gryffindor)	1
enemy(X, Y)	enemy(peter_pettigrew, remus_lupin)	1
house(gryffindor, P)	house(gryffindor, harry_potter)	1
parent(_EX2, P)	parent(harry_potter, lily_luna_potter)	1
betrays(Y, P)	betrays(percy_weasley, ginny_weasley)	1
ancestor(arthur_weasley, P)	ancestor(X, Y) :- ancestor(Z, Y), parent(X, Z)	1
parent(Y, harry_potter)	parent(lily_potter, harry_potter)	1
creature(thestral)	creature(thestral)	1
parent(X, Y)	parent(arthur_weasley, george_weasley)	1
creature(aragog)	creature(aragog)	1
parent(Y, _EX3)	parent(arthur_weasley, ron_weasley)	1
parent(Z, P)	parent(molly_weasley, ginny_weasley)	1
parent(_EX1, P)	parent(ron_weasley, rose_weasley)	1
member_of(_EX2, dumbledores_army)	member_of(colin_creevey, dumbledores_army)	1
parent(Y, P)	parent(vernon_dursley, dudley_dursley)	1
muggleborn(colin_creevey)	muggleborn(colin_creevey)	1
parent(Z, harry_potter)	parent(lily_potter, harry_potter)	1
enemy(X, P)	enemy(X, Y) :- member_of(X, death_eaters), member_of(Y, dumbledores_army)	1
parent(_EX1, P)	parent(arthur_weasley, bill_weasley)	1
house(gryffindor, Z)	house(gryffindor, harry_potter)	1
squib(Z)	squib(argus_filch)	1
house(X, P)	house(gryffindor, james_potter)	1
enemy(P, X)	enemy(cormac_mclaggen, ron_weasley)	1
enemy(P, X)	enemy(voldemort, albus_dumbledore)	1
member_of(_EX0, death_eaters)	member_of(peter_pettigrew, death_eaters)	1
member_of(X, dumbledores_army)	member_of(parvati_patil, dumbledores_army)	1
ancestor(X, albus_severus_potter)	ancestor(X, Y) :- parent(X, Y)	1
female(P)	female(narcissa_malfoy)	1
member_of(Y, death_eaters)	member_of(draco_malfoy, death_eaters)	1
member_of(Y, order_of_the_phoenix)	member_of(arthur_weasley, order_of_the_phoenix)	1
female(P)	female(molly_weasley)	1
parent(Y, P)	parent(arthur_weasley, george_weasley)	1
parent(P, Z)	parent(arthur_weasley, george_weasley)	1
parent(X, P)	parent(arthur_weasley, bill_weasley)	1
magical(_EX0)	magical(fluffy)	1
parent(Z, P)	parent(xenophilius_lovegood, luna_lovegood)	1
muggle(P)	muggle(marge_dursley)	1
parent(P, Z)	parent(molly_weasley, percy_weasley)	1
parent(P, Z)	parent(alice_longbottom, neville_longbottom)	1
muggleborn(X)	muggleborn(colin_creevey)	1
parent(_EX1, P)	parent(arthur_weasley, percy_weasley)	1
house(X, P)	house(gryffindor, petter_pettigrew)	1
enemy(P, _EX3)	enemy(quirinus_quirrell, ron_weasley)	1
parent(X, Y)	parent(molly_weasley, percy_weasley)	1
parent(Z, Y)	parent(lucius_malfoy, draco_malfoy)	1
parent(P, X)	parent(ron_weasley, hugo_weasley)	1
parent(P, Z)	parent(lucius_malfoy, draco_malfoy)	1
hates(Z, P)	hates(X, Y) :- deatheater(X), muggle(Y)	1
betrays(Y, P)	betrays(percy_weasley, harry_potter)	1
ancestor(petunia_dursley, Z)	ancestor(X, Y) :- parent(X, Y)	1
betrays(Y, P)	betrays(percy_weasley, harry_potter)	1
enemy(_EX2, _EX0)	enemy(draco_malfoy, hermione_granger)	1
hates(Y, argus_filch)	hates(X, Y) :- deatheater(X), squib(Y)	1
parent(james_potter, P)	parent(james_potter, harry_potter)	1
house(gryffindor, P)	house(gryffindor, bill_weasley)	1
member_of(sirius_black, order_of_the_phoenix)	member_of(sirius_black, order_of_the_phoenix)	1
enemy(P, _EX3)	enemy(quirinus_quirrell, ron_weasley)	1
male(P)	male(severus_snape)	1
parent(P, Z)	parent(hermione_granger, hugo_weasley)	1
member_of(_EX3, dumbledores_army)	member_of(harry_potter, dumbledores_army)	1
house(X, P)	house(slytherin, bellatrix_lestrange)	1
member_of(_EX3, dumbledores_army)	member_of(ginny_weasley, dumbledores_army)	1
member_of(Y, order_of_the_phoenix)	member_of(arthur_weasley, order_of_the_phoenix)	1
enemy(P, X)	enemy(cormac_mclaggen, ron_weasley)	1
house(gryffindor, Z)	house(gryffindor, sirius_black)	1
member_of(P, death_eaters)	member_of(voldemort, death_eaters)	1
parent(P, X)	parent(ron_weasley, hugo_weasley)	1
house(P, X)	house(slytherin, horace_slughorn)	1
muggleborn(_EX5)	muggleborn(lily_potter)	1
ancestor(harry_potter, Z)	ancestor(X, Y) :- parent(X, Y)	1
parent(Y, ron_weasley)	parent(molly_weasley, ron_weasley)	1
enemy(_EX2, _EX0)	enemy(peter_pettigrew, sirius_black)	1
ancestor(petunia_dursley, Z)	ancestor(X, Y) :- parent(X, Y)	1
parent(arthur_weasley, P)	parent(arthur_weasley, bill_weasley)	1
male(P)	male(gilderoy_lockhart)	1
female(P)	female(alice_longbottom)	1
member_of(_EX2, death_eaters)	member_of(bellatrix_lestrange, death_eaters)	1
betrays(Y, P)	betrays(xenophilius_lovegood, ron_weasley)	1
enemy(P, padma_patil)	enemy(X, Y) :- member_of(X, death_eaters), member_of(Y, dumbledores_army)	1
parent(Z, P)	parent(alice_longbottom, neville_longbottom)	1
parent(Y, _EX3)	parent(ginny_weasley, james_sirius_potter)	1
parent(Y, _EX3)	parent(alice_longbottom, neville_longbottom)	1
parent(X, P)	parent(ginny_weasley, albus_severus_potter)	1
enemy(P, X)	enemy(gilderoy_lockhart, harry_potter)	1
parent(Z, Y)	parent(alice_longbottom, neville_longbottom)	1
enemy(voldemort, Y)	enemy(voldemort, ron_weasley)	1
member_of(Z, order_of_the_phoenix)	member_of(arthur_weasley, order_of_the_phoenix)	1
parent(Y, P)	parent(frank_longbottom, neville_longbottom)	1
parent(P, Z)	parent(arthur_weasley, charlie_weasley)	1
member_of(Z, order_of_the_phoenix)	member_of(remus_lupin, order_of_the_phoenix)	1
house(P, X)	house(slytherin, narcissa_malfoy)	1
muggle(_EX0)	muggle(marge_dursley)	1
member_of(Y, order_of_the_phoenix)	member_of(arthur_weasley, order_of_the_phoenix)	1
parent(Y, ron_weasley)	parent(molly_weasley, ron_weasley)	1
hates(_EX0, Z)	hates(X, Y) :- deatheater(X), muggle(Y)	1
muggleborn(Z)	muggleborn(hermione_granger)	1
parent(Y, P)	parent(narcissa_malfoy, draco_malfoy)	1
parent(P, _EX1)	parent(harry_potter, albus_severus_potter)	1
enemy(P, _EX3)	enemy(gilderoy_lockhart, ron_weasley)	1
house(P, X)	house(gryffindor, george_weasley)	1
enemy(X, P)	enemy(draco_malfoy, hermione_granger)	1
parent(P, _EX1)	parent(hermione_granger, rose_weasley)	1
enemy(Z, _EX1)	enemy(quirinus_quirrell, ron_weasley)	1
member_of(Y, death_eaters)	member_of(lucius_malfoy, death_eaters)	1
parent(X, Y)	parent(molly_weasley, percy_weasley)	1
creature(fluffy)	creature(fluffy)	1
enemy(minerva_mccgonagall, P)	enemy(X, Y) :- member_of(X, order_of_the_phoenix), member_of(Y, death_eaters)	1
muggleborn(Y)	muggleborn(colin_creevey)	1
muggleborn(_EX0)	muggleborn(hermione_granger)	1
parent(_EX1, P)	parent(molly_weasley, percy_weasley)	1
house(X, P)	house(gryffindor, charlie_weasley)	1
destroyed(X, P)	destroyed(voldemort, harry_potter)	1
parent(P, Y)	parent(arthur_weasley, percy_weasley)	1
ancestor(ginny_weasley, P)	ancestor(X, Y) :- parent(X, Y)	1
parent(P, _EX3)	parent(xenophilius_lovegood, luna_lovegood)	1
ancestor(harry_potter, albus_severus_potter)	ancestor(X, Y) :- parent(X, Y)	1
male(P)	male(filius_flitwick)	1
member_of(_EX4, death_eaters)	member_of(peter_pettigrew, death_eaters)	1
house(P, X)	house(slytherin, narcissa_malfoy)	1
parent(harry_potter, X)	parent(harry_potter, albus_severus_potter)	1
parent(P, Y)	parent(arthur_weasley, fred_weasley)	1
ancestor(ron_weasley, _EX1)	ancestor(X, Y) :- parent(X, Y)	1
squib(Z)	squib(argus_filch)	1
house(P, X)	house(ravenclaw, padma_patil)	1
parent(_EX4, ginny_weasley)	parent(molly_weasley, ginny_weasley)	1
house(P, X)	house(ravenclaw, padma_patil)	1
parent(X, P)	parent(ginny_weasley, lily_luna_potter)	1
member_of(Z, order_of_the_phoenix)	member_of(remus_lupin, order_of_the_phoenix)	1
member_of(Z, order_of_the_phoenix)	member_of(albus_dumbledore, order_of_the_phoenix)	1
parent(Z, P)	parent(harry_potter, albus_severus_potter)	1
parent(Z, P)	parent(ron_weasley, hugo_weasley)	1
descendant(Y, X)	descendant(X, Y) :- ancestor(Y, X)	1
muggleborn(_EX0)	muggleborn(hermione_granger)	1
betrays(X, P)	betrays(cho_chang, fred_weasley)	1
enemy(Z, _EX1)	enemy(voldemort, ginny_weasley)	1
parent(Z, P)	parent(hermione_granger, hugo_weasley)	1
member_of(_EX0, order_of_the_phoenix)	member_of(severus_snape, order_of_the_phoenix)	1
parent(_EX1, P)	parent(vernon_dursley, dudley_dursley)	1
female(P)	female(molly_weasley)	1
male(P)	male(james_sirius_potter)	1
parent(Z, Y)	parent(arthur_weasley, ginny_weasley)	1
enemy(_EX2, _EX0)	enemy(marge_dursley, harry_potter)	1
parent(ron_weasley, hugo_weasley)	parent(ron_weasley, hugo_weasley)	1
parent(_EX4, harry_potter)	parent(lily_potter, harry_potter)	1
parent(P, _EX1)	parent(molly_weasley, charlie_weasley)	1
house(P, X)	house(gryffindor, seamus_finnigan)	1
parent(P, X)	parent(hermione_granger, rose_weasley)	1
creature(fawkes)	creature(fawkes)	1
betrays(X, P)	betrays(cho_chang, hermione_granger)	1
enemy(Y, ginny_weasley)	enemy(voldemort, ginny_weasley)	1
parent(P, draco_malfoy)	parent(lucius_malfoy, draco_malfoy)	1
parent(Y, ron_weasley)	parent(molly_weasley, ron_weasley)	1
parent(P, Z)	parent(molly_weasley, fred_weasley)	1
parent(_EX2, P)	parent(alice_longbottom, neville_longbottom)	1
parent(P, _EX3)	parent(xenophilius_lovegood, luna_lovegood)	1
muggleborn(_EX3)	muggleborn(myrtle_warren)	1
in_gryffindor(Z)	in_gryffindor(X) :- house(gryffindor, X)	1
member_of(Y, dumbledores_army)	member_of(seamus_finnigan, dumbledores_army)	1
parent(Y, _EX3)	parent(harry_potter, lily_luna_potter)	1
enemy(X, P)	enemy(quirinus_quirrell, hermione_granger)	1
enemy(X, P)	enemy(voldemort, hermione_granger)	1
ancestor(ginny_weasley, _EX3)	ancestor(X, Y) :- ancestor(Z, Y), parent(X, Z)	0
ancestor(luna_lovegood, _EX1)	ancestor(X, Y) :- ancestor(Z, Y), parent(X, Z)	0
parent(lily_luna_potter, james_potter)	parent(lily_luna_potter, james_potter)	0
parent(ginny_weasley, Z2)	parent(ginny_weasley, alice_longbottom)	0
parent(james_sirius_potter, Z9)	parent(james_sirius_potter, lucius_malfoy)	0
ancestor(george_weasley, Z)	ancestor(X, Y) :- parent(X, Y)	0
parent(james_sirius_potter, Z12)	parent(james_sirius_potter, james_potter)	0
parent(luna_lovegood, Z9)	parent(luna_lovegood, molly_weasley)	0
ancestor(hugo_weasley, lily_luna_potter)	ancestor(X, Y) :- ancestor(Z, Y), parent(X, Z)	0
parent(rose_weasley, Z8)	parent(rose_weasley, harry_potter)	0
parent(rose_weasley, Z3)	parent(rose_weasley, arthur_weasley)	0
ancestor(charlie_weasley, hugo_weasley)	ancestor(X, Y) :- parent(X, Y)	0
parent(charlie_weasley, Z10)	parent(charlie_weasley, arthur_weasley)	0
ancestor(draco_malfoy, P)	ancestor(X, Y) :- ancestor(Z, Y), parent(X, Z)	0
parent(Z5, Z6)	parent(Z5, xenophilius_lovegood)	0
parent(lily_luna_potter, Z9)	parent(lily_luna_potter, lily_potter)	0
parent(dudley_dursley, Z12)	parent(dudley_dursley, petunia_dursley)	0
parent(james_sirius_potter, Z2)	parent(james_sirius_potter, lily_potter)	0
parent(draco_malfoy, Z9)	parent(draco_malfoy, arthur_weasley)	0
parent(percy_weasley, Z6)	parent(percy_weasley, james_potter)	0
parent(neville_longbottom, Z3)	parent(neville_longbottom, petunia_dursley)	0
parent(rose_weasley, Z2)	parent(rose_weasley, ginny_weasley)	0
parent(charlie_weasley, Z12)	parent(charlie_weasley, james_potter)	0
parent(harry_potter, Z12)	parent(harry_potter, ginny_weasley)	0
ancestor(fred_weasley, draco_malfoy)	ancestor(X, Y) :- ancestor(Z, Y), parent(X, Z)	0
parent(ron_weasley, Z10)	parent(ron_weasley, james_potter)	0
parent(hugo_weasley, Z9)	parent(hugo_weasley, lucius_malfoy)	0
parent(james_sirius_potter, Z8)	parent(james_sirius_potter, harry_potter)	0
parent(charlie_weasley, Z12)	parent(charlie_weasley, molly_weasley)	0
parent(draco_malfoy, Z2)	parent(draco_malfoy, harry_potter)	0
parent(rose_weasley, Z4)	parent(rose_weasley, molly_weasley)	0
parent(bill_weasley, Z2)	parent(bill_weasley, alice_longbottom)	0
parent(Z1, molly_weasley)	parent(Z1, molly_weasley)	0
parent(rose_weasley, Z4)	parent(rose_weasley, frank_longbottom)	0
ancestor(albus_severus_potter, _EX1)	ancestor(X, Y) :- ancestor(Z, Y), parent(X, Z)	0
parent(hugo_weasley, Z3)	parent(hugo_weasley, lucius_malfoy)	0
ancestor(draco_malfoy, _EX3)	ancestor(X, Y) :- ancestor(Z, Y), parent(X, Z)	0
parent(fred_weasley, Z10)	parent(fred_weasley, lily_potter)	0
parent(neville_longbottom, Z3)	parent(neville_longbottom, alice_longbottom)	0
parent(dudley_dursley, Z9)	parent(dudley_dursley, molly_weasley)	0
parent(Z10, Z11)	parent(Z10, alice_longbottom)	0
parent(Z5, molly_weasley)	parent(Z5, molly_weasley)	0
parent(rose_weasley, arthur_weasley)	parent(rose_weasley, arthur_weasley)	0
parent(percy_weasley, Z2)	parent(percy_weasley, ron_weasley)	0
ancestor(george_weasley, X)	ancestor(X, Y) :- parent(X, Y)	0
parent(george_weasley, Z2)	parent(george_weasley, ginny_weasley)	0
parent(fred_weasley, Z12)	parent(fred_weasley, arthur_weasley)	0
parent(albus_severus_potter, Z10)	parent(albus_severus_potter, harry_potter)	0
ancestor(dudley_dursley, X)	ancestor(X, Y) :- parent(X, Y)	0
parent(neville_longbottom, Z12)	parent(neville_longbottom, arthur_weasley)	0
parent(ginny_weasley, Z2)	parent(ginny_weasley, hermione_granger)	0
parent(hugo_weasley, Z12)	parent(hugo_weasley, lucius_malfoy)	0
parent(harry_potter, Z1)	parent(harry_potter, xenophilius_lovegood)	0
parent(james_sirius_potter, Z9)	parent(james_sirius_potter, harry_potter)	0
parent(albus_severus_potter, Z9)	parent(albus_severus_potter, lucius_malfoy)	0
ancestor(neville_longbottom, _EX3)	ancestor(X, Y) :- ancestor(Z, Y), parent(X, Z)	0
parent(Z4, Z5)	parent(Z4, arthur_weasley)	0
parent(ginny_weasley, Z12)	parent(ginny_weasley, james_potter)	0
ancestor(albus_severus_potter, hugo_weasley)	ancestor(X, Y) :- ancestor(Z, Y), parent(X, Z)	0
parent(percy_weasley, Z3)	parent(percy_weasley, lucius_malfoy)	0
parent(Z6, Z7)	parent(Z6, xenophilius_lovegood)	0
parent(hugo_weasley, Z2)	parent(hugo_weasley, petunia_dursley)	0
parent(george_weasley, Z11)	parent(george_weasley, james_potter)	0
parent(ron_weasley, Z6)	parent(ron_weasley, narcissa_malfoy)	0
ancestor(ginny_weasley, harry_potter)	ancestor(X, Y) :- ancestor(Z, Y), parent(X, Z)	0
parent(draco_malfoy, Z2)	parent(draco_malfoy, lily_potter)	0
parent(harry_potter, Z3)	parent(harry_potter, lily_potter)	0
parent(hugo_weasley, Z2)	parent(hugo_weasley, xenophilius_lovegood)	0
parent(harry_potter, Z12)	parent(harry_potter, vernon_dursley)	0
parent(george_weasley, Z12)	parent(george_weasley, ron_weasley)	0
parent(rose_weasley, Z4)	parent(rose_weasley, vernon_dursley)	0
parent(albus_severus_potter, Z11)	parent(albus_severus_potter, ginny_weasley)	0
parent(bill_weasley, arthur_weasley)	parent(bill_weasley, arthur_weasley)	0
parent(charlie_weasley, Z9)	parent(charlie_weasley, frank_longbottom)	0
parent(draco_malfoy, Z8)	parent(draco_malfoy, xenophilius_lovegood)	0
parent(hugo_weasley, Z11)	parent(hugo_weasley, lucius_malfoy)	0
ancestor(albus_severus_potter, draco_malfoy)	ancestor(X, Y) :- ancestor(Z, Y), parent(X, Z)	0
parent(percy_weasley, Z10)	parent(percy_weasley, alice_longbottom)	0
parent(james_sirius_potter, Z6)	parent(james_sirius_potter, ron_weasley)	0
ancestor(percy_weasley, _EX1)	ancestor(X, Y) :- ancestor(Z, Y), parent(X, Z)	0
parent(Z10, Z11)	parent(Z10, xenophilius_lovegood)	0
ancestor(luna_lovegood, Z)	ancestor(X, Y) :- parent(X, Y)	0
parent(Z10, Z11)	parent(Z10, lucius_malfoy)	0
hates(severus_snape, colin_creevey)	hates(X, Y) :- deatheater(X), muggle(Y)	0
parent(Z7, Z8)	parent(Z7, xenophilius_lovegood)	0
ancestor(luna_lovegood, hugo_weasley)	ancestor(X, Y) :- parent(X, Y)	0
parent(charlie_weasley, Z2)	parent(charlie_weasley, xenophilius_lovegood)	0
ancestor(percy_weasley, draco_malfoy)	ancestor(X, Y) :- parent(X, Y)	0
parent(albus_severus_potter, Z12)	parent(albus_severus_potter, lily_potter)	0
ancestor(dudley_dursley, lily_luna_potter)	ancestor(X, Y) :- parent(X, Y)	0
parent(george_weasley, Z3)	parent(george_weasley, petunia_dursley)	0
parent(albus_severus_potter, Z4)	parent(albus_severus_potter, frank_longbottom)	0
parent(neville_longbottom, Z10)	parent(neville_longbottom, arthur_weasley)	0
parent(draco_malfoy, Z2)	parent(draco_malfoy, ginny_weasley)	0
parent(rose_weasley, james_potter)	parent(rose_weasley, james_potter)	0
enemy(sirius_black, _EX4)	enemy(X, Y) :- member_of(X, death_eaters), member_of(Y, dumbledores_army)	0
parent(percy_weasley, Z10)	parent(percy_weasley, molly_weasley)	0
parent(draco_malfoy, Z3)	parent(draco_malfoy, vernon_dursley)	0
parent(ginny_weasley, Z12)	parent(ginny_weasley, frank_longbottom)	0
parent(fred_weasley, Z11)	parent(fred_weasley, lucius_malfoy)	0
ancestor(james_sirius_potter, P)	ancestor(X, Y) :- parent(X, Y)	0
parent(charlie_weasley, Z10)	parent(charlie_weasley, frank_longbottom)	0
parent(albus_severus_potter, Z4)	parent(albus_severus_potter, petunia_dursley)	0
parent(ginny_weasley, Z12)	parent(ginny_weasley, alice_longbottom)	0
parent(harry_potter, Z9)	parent(harry_potter, ginny_weasley)	0
parent(james_sirius_potter, Z12)	parent(james_sirius_potter, hermione_granger)	0
parent(albus_severus_potter, Z4)	parent(albus_severus_potter, vernon_dursley)	0
parent(lily_luna_potter, Z10)	parent(lily_luna_potter, molly_weasley)	0
parent(Z6, Z7)	parent(Z6, lily_potter)	0
parent(ron_weasley, Z11)	parent(ron_weasley, lily_potter)	0
parent(james_sirius_potter, Z11)	parent(james_sirius_potter, narcissa_malfoy)	0
parent(Z6, arthur_weasley)	parent(Z6, arthur_weasley)	0
parent(ron_weasley, Z12)	parent(ron_weasley, harry_potter)	0
parent(ron_weasley, Z11)	parent(ron_weasley, petunia_dursley)	0
ancestor(X, P)	ancestor(X, Y) :- ancestor(Z, Y), parent(X, Z)	0
ancestor(ginny_weasley, Z)	ancestor(X, Y) :- ancestor(Z, Y), parent(X, Z)	0
parent(albus_severus_potter, Z4)	parent(albus_severus_potter, narcissa_malfoy)	0
parent(draco_malfoy, Z6)	parent(draco_malfoy, molly_weasley)	0
parent(george_weasley, Z3)	parent(george_weasley, lucius_malfoy)	0
parent(hugo_weasley, Z9)	parent(hugo_weasley, james_potter)	0
ancestor(hugo_weasley, X)	ancestor(X, Y) :- ancestor(Z, Y), parent(X, Z)	0
parent(draco_malfoy, Z12)	parent(draco_malfoy, james_potter)	0
parent(Z9, Z10)	parent(Z9, james_potter)	0
parent(fred_weasley, Z8)	parent(fred_weasley, lily_potter)	0
parent(Z0, Z1)	parent(Z0, hermione_granger)	0
parent(bill_weasley, Z9)	parent(bill_weasley, arthur_weasley)	0
parent(luna_lovegood, Z9)	parent(luna_lovegood, james_potter)	0
parent(dudley_dursley, Z10)	parent(dudley_dursley, petunia_dursley)	0
parent(james_sirius_potter, Z11)	parent(james_sirius_potter, lucius_malfoy)	0
parent(percy_weasley, Z12)	parent(percy_weasley, hermione_granger)	0
parent(percy_weasley, Z12)	parent(percy_weasley, harry_potter)	0
ancestor(harry_potter, Z)	ancestor(X, Y) :- ancestor(Z, Y), parent(X, Z)	0
parent(james_sirius_potter, Z11)	parent(james_sirius_potter, james_potter)	0
parent(luna_lovegood, Z3)	parent(luna_lovegood, narcissa_malfoy)	0
parent(albus_severus_potter, Z10)	parent(albus_severus_potter, lucius_malfoy)	0
parent(Z5, Z6)	parent(Z5, narcissa_malfoy)	0
parent(ginny_weasley, Z11)	parent(ginny_weasley, lucius_malfoy)	0
parent(ginny_weasley, Z3)	parent(ginny_weasley, petunia_dursley)	0
parent(ron_weasley, Z6)	parent(ron_weasley, frank_longbottom)	0
parent(albus_severus_potter, Z11)	parent(albus_severus_potter, hermione_granger)	0
ancestor(george_weasley, P)	ancestor(X, Y) :- parent(X, Y)	0
ancestor(lily_luna_potter, X)	ancestor(X, Y) :- ancestor(Z, Y), parent(X, Z)	0
parent(bill_weasley, Z3)	parent(bill_weasley, ron_weasley)	0
parent(fred_weasley, Z2)	parent(fred_weasley, alice_longbottom)	0
parent(fred_weasley, Z12)	parent(fred_weasley, lucius_malfoy)	0
parent(george_weasley, Z2)	parent(george_weasley, xenophilius_lovegood)	0
ancestor(percy_weasley, P)	ancestor(X, Y) :- ancestor(Z, Y), parent(X, Z)	0
parent(dudley_dursley, Z12)	parent(dudley_dursley, frank_longbottom)	0
parent(harry_potter, Z9)	parent(harry_potter, vernon_dursley)	0
parent(petunia_dursley, Z0)	parent(petunia_dursley, petunia_dursley)	0
parent(bill_weasley, Z10)	parent(bill_weasley, xenophilius_lovegood)	0
parent(lily_luna_potter, Z3)	parent(lily_luna_potter, james_potter)	0
parent(fred_weasley, Z9)	parent(fred_weasley, ginny_weasley)	0
parent(george_weasley, Z9)	parent(george_weasley, vernon_dursley)	0
parent(draco_malfoy, Z12)	parent(draco_malfoy, molly_weasley)	0
parent(hugo_weasley, Z10)	parent(hugo_weasley, narcissa_malfoy)	0
parent(george_weasley, Z9)	parent(george_weasley, petunia_dursley)	0
parent(dudley_dursley, Z11)	parent(dudley_dursley, ginny_weasley)	0
parent(draco_malfoy, Z8)	parent(draco_malfoy, hermione_granger)	0
parent(harry_potter, Z11)	parent(harry_potter, ginny_weasley)	0
parent(percy_weasley, Z9)	parent(percy_weasley, frank_longbottom)	0
ancestor(luna_lovegood, Y)	ancestor(X, Y) :- parent(X, Y)	0
parent(draco_malfoy, Z6)	parent(draco_malfoy, vernon_dursley)	0
parent(bill_weasley, Z3)	parent(bill_weasley, lucius_malfoy)	0
parent(dudley_dursley, Z3)	parent(dudley_dursley, narcissa_malfoy)	0
parent(george_weasley, Z3)	parent(george_weasley, hermione_granger)	0
ancestor(james_sirius_potter, _EX3)	ancestor(X, Y) :- ancestor(Z, Y), parent(X, Z)	0
parent(draco_malfoy, Z2)	parent(draco_malfoy, alice_longbottom)	0
ancestor(rose_weasley, X)	ancestor(X, Y) :- parent(X, Y)	0
parent(rose_weasley, Z12)	parent(rose_weasley, lucius_malfoy)	0
enemy(_EX0, bellatrix_lestrange)	enemy(X, Y) :- member_of(X, death_eaters), member_of(Y, dumbledores_army)	0
parent(dudley_dursley, Z11)	parent(dudley_dursley, alice_longbottom)	0
parent(rose_weasley, Z12)	parent(rose_weasley, petunia_dursley)	0
parent(james_sirius_potter, Z4)	parent(james_sirius_potter, lily_potter)	0
parent(Z9, Z10)	parent(Z9, frank_longbottom)	0
parent(Z7, james_potter)	parent(Z7, james_potter)	0
parent(charlie_weasley, Z6)	parent(charlie_weasley, molly_weasley)	0
parent(percy_weasley, Z9)	parent(percy_weasley, ginny_weasley)	0
ancestor(ginny_weasley, P)	ancestor(X, Y) :- ancestor(Z, Y), parent(X, Z)	0
parent(fred_weasley, Z10)	parent(fred_weasley, ron_weasley)	0
ancestor(james_potter, _EX1)	ancestor(X, Y) :- ancestor(Z, Y), parent(X, Z)	0
parent(petunia_dursley, arthur_weasley)	parent(petunia_dursley, arthur_weasley)	0
ancestor(ron_weasley, P)	ancestor(X, Y) :- parent(X, Y)	0
parent(dudley_dursley, Z10)	parent(dudley_dursley, hermione_granger)	0
parent(luna_lovegood, Z8)	parent(luna_lovegood, frank_longbottom)	0
muggle(colin_creevey)	muggle(colin_creevey)	0
parent(Z9, Z10)	parent(Z9, hermione_granger)	0
parent(lily_luna_potter, Z6)	parent(lily_luna_potter, narcissa_malfoy)	0
parent(harry_potter, Z2)	parent(harry_potter, vernon_dursley)	0
parent(percy_weasley, Z8)	parent(percy_weasley, molly_weasley)	0
ancestor(percy_weasley, hugo_weasley)	ancestor(X, Y) :- ancestor(Z, Y), parent(X, Z)	0
parent(Z3, Z4)	parent(Z3, xenophilius_lovegood)	0
parent(albus_severus_potter, Z3)	parent(albus_severus_potter, vernon_dursley)	0
parent(bill_weasley, Z9)	parent(bill_weasley, ron_weasley)	0
parent(lily_luna_potter, Z12)	parent(lily_luna_potter, ron_weasley)	0
parent(percy_weasley, Z10)	parent(percy_weasley, arthur_weasley)	0
parent(ron_weasley, Z6)	parent(ron_weasley, ron_weasley)	0
parent(ron_weasley, Z8)	parent(ron_weasley, arthur_weasley)	0
parent(james_sirius_potter, Z9)	parent(james_sirius_potter, molly_weasley)	0
parent(george_weasley, Z12)	parent(george_weasley, xenophilius_lovegood)	0
parent(charlie_weasley, Z3)	parent(charlie_weasley, petunia_dursley)	0
parent(fred_weasley, Z9)	parent(fred_weasley, arthur_weasley)	0
parent(ginny_weasley, Z3)	parent(ginny_weasley, molly_weasley)	0
parent(neville_longbottom, Z2)	parent(neville_longbottom, molly_weasley)	0
parent(Z8, Z9)	parent(Z8, arthur_weasley)	0
ancestor(draco_malfoy, hugo_weasley)	ancestor(X, Y) :- ancestor(Z, Y), parent(X, Z)	0
ancestor(lily_luna_potter, albus_severus_potter)	ancestor(X, Y) :- ancestor(Z, Y), parent(X, Z)	0
parent(draco_malfoy, Z12)	parent(draco_malfoy, petunia_dursley)	0
ancestor(bill_weasley, Y)	ancestor(X, Y) :- parent(X, Y)	0
parent(charlie_weasley, Z8)	parent(charlie_weasley, lily_potter)	0
parent(charlie_weasley, Z3)	parent(charlie_weasley, lily_potter)	0
parent(albus_severus_potter, Z11)	parent(albus_severus_potter, arthur_weasley)	0
parent(charlie_weasley, james_potter)	parent(charlie_weasley, james_potter)	0
parent(neville_longbottom, Z11)	parent(neville_longbottom, lily_potter)	0
parent(percy_weasley, Z2)	parent(percy_weasley, xenophilius_lovegood)	0
parent(ron_weasley, Z10)	parent(ron_weasley, lily_potter)	0
parent(ginny_weasley, Z12)	parent(ginny_weasley, lucius_malfoy)	0
parent(dudley_dursley, Z9)	parent(dudley_dursley, ginny_weasley)	0
ancestor(P, Z)	ancestor(X, Y) :- parent(X, Y)	0
parent(hugo_weasley, Z3)	parent(hugo_weasley, alice_longbottom)	0
ancestor(albus_severus_potter, harry_potter)	ancestor(X, Y) :- ancestor(Z, Y), parent(X, Z)	0
parent(charlie_weasley, Z12)	parent(charlie_weasley, lucius_malfoy)	0
parent(fred_weasley, Z12)	parent(fred_weasley, ginny_weasley)	0
parent(ron_weasley, Z10)	parent(ron_weasley, petunia_dursley)	0
parent(draco_malfoy, Z3)	parent(draco_malfoy, harry_potter)	0
parent(Z0, Z1)	parent(Z0, narcissa_malfoy)	0
parent(albus_severus_potter, Z8)	parent(albus_severus_potter, hermione_granger)	0
parent(draco_malfoy, Z3)	parent(draco_malfoy, hermione_granger)	0
ancestor(lily_luna_potter, Z)	ancestor(X, Y) :- ancestor(Z, Y), parent(X, Z)	0
parent(albus_severus_potter, Z10)	parent(albus_severus_potter, narcissa_malfoy)	0
parent(rose_weasley, Z9)	parent(rose_weasley, james_potter)	0
parent(Z2, Z3)	parent(Z2, alice_longbottom)	0
parent(_EX1, Z1)	parent(_EX1, hermione_granger)	0
parent(hugo_weasley, Z3)	parent(hugo_weasley, lily_potter)	0
ancestor(draco_malfoy, albus_severus_potter)	ancestor(X, Y) :- ancestor(Z, Y), parent(X, Z)	0
ancestor(rose_weasley, Z)	ancestor(X, Y) :- ancestor(Z, Y), parent(X, Z)	0
parent(rose_weasley, Z6)	parent(rose_weasley, harry_potter)	0
ancestor(james_sirius_potter, albus_severus_potter)	ancestor(X, Y) :- ancestor(Z, Y), parent(X, Z)	0
ancestor(percy_weasley, albus_severus_potter)	ancestor(X, Y) :- parent(X, Y)	0
parent(fred_weasley, Z3)	parent(fred_weasley, james_potter)	0
parent(ron_weasley, Z9)	parent(ron_weasley, hermione_granger)	0
parent(ron_weasley, Z8)	parent(ron_weasley, xenophilius_lovegood)	0
parent(dudley_dursley, Z9)	parent(dudley_dursley, alice_longbottom)	0
parent(Z11, Z12)	parent(Z11, vernon_dursley)	0
parent(ron_weasley, Z6)	parent(ron_weasley, vernon_dursley)	0
parent(charlie_weasley, Z2)	parent(charlie_weasley, arthur_weasley)	0
parent(draco_malfoy, Z11)	parent(draco_malfoy, molly_weasley)	0
parent(hugo_weasley, Z4)	parent(hugo_weasley, lily_potter)	0
parent(luna_lovegood, Z8)	parent(luna_lovegood, molly_weasley)	0
parent(charlie_weasley, Z9)	parent(charlie_weasley, xenophilius_lovegood)	0
ancestor(dudley_dursley, draco_malfoy)	ancestor(X, Y) :- parent(X, Y)	0
parent(rose_weasley, molly_weasley)	parent(rose_weasley, molly_weasley)	0
parent(luna_lovegood, Z6)	parent(luna_lovegood, molly_weasley)	0
parent(Z1, Z2)	parent(Z1, molly_weasley)	0
ancestor(bill_weasley, P)	ancestor(X, Y) :- parent(X, Y)	0
descendant(Y, harry_potter)	descendant(X, Y) :- ancestor(Y, X)	0
parent(hugo_weasley, Z8)	parent(hugo_weasley, hermione_granger)	0
parent(Z10, Z11)	parent(Z10, james_potter)	0
parent(percy_weasley, Z3)	parent(percy_weasley, ginny_weasley)	0
parent(ginny_weasley, Z11)	parent(ginny_weasley, vernon_dursley)	0
ancestor(hugo_weasley, hugo_weasley)	ancestor(X, Y) :- parent(X, Y)	0
parent(lily_luna_potter, Z9)	parent(lily_luna_potter, james_potter)	0
ancestor(ron_weasley, albus_severus_potter)	ancestor(X, Y) :- ancestor(Z, Y), parent(X, Z)	0
parent(albus_severus_potter, Z12)	parent(albus_severus_potter, lucius_malfoy)	0
parent(charlie_weasley, Z2)	parent(charlie_weasley, narcissa_malfoy)	0
ancestor(bill_weasley, Z)	ancestor(X, Y) :- ancestor(Z, Y), parent(X, Z)	0
parent(bill_weasley, Z12)	parent(bill_weasley, xenophilius_lovegood)	0
parent(percy_weasley, Z8)	parent(percy_weasley, harry_potter)	0
parent(fred_weasley, Z8)	parent(fred_weasley, hermione_granger)	0
parent(charlie_weasley, Z11)	parent(charlie_weasley, vernon_dursley)	0
parent(dudley_dursley, Z12)	parent(dudley_dursley, xenophilius_lovegood)	0
parent(lily_luna_potter, Z8)	parent(lily_luna_potter, alice_longbottom)	0
parent(lily_luna_potter, Z11)	parent(lily_luna_potter, alice_longbottom)	0
ancestor(hugo_weasley, draco_malfoy)	ancestor(X, Y) :- parent(X, Y)	0
parent(james_sirius_potter, Z11)	parent(james_sirius_potter, frank_longbottom)	0
parent(fred_weasley, Z9)	parent(fred_weasley, hermione_granger)	0
hates(P, dudley_dursley)	hates(X, Y) :- deatheater(X), squib(Y)	0
parent(rose_weasley, Z12)	parent(rose_weasley, xenophilius_lovegood)	0
parent(draco_malfoy, Z3)	parent(draco_malfoy, ron_weasley)	0
ancestor(fred_weasley, Y)	ancestor(X, Y) :- ancestor(Z, Y), parent(X, Z)	0
parent(rose_weasley, Z4)	parent(rose_weasley, ginny_weasley)	0
ancestor(hugo_weasley, Y)	ancestor(X, Y) :- ancestor(Z, Y), parent(X, Z)	0
parent(george_weasley, Z2)	parent(george_weasley, lily_potter)	0
parent(bill_weasley, Z11)	parent(bill_weasley, harry_potter)	0
parent(george_weasley, Z11)	parent(george_weasley, petunia_dursley)	0
parent(george_weasley, Z9)	parent(george_weasley, arthur_weasley)	0
ancestor(dudley_dursley, draco_malfoy)	ancestor(X, Y) :- ancestor(Z, Y), parent(X, Z)	0
parent(george_weasley, Z2)	parent(george_weasley, hermione_granger)	0
ancestor(fred_weasley, hugo_weasley)	ancestor(X, Y) :- parent(X, Y)	0
parent(_EX1, Z1)	parent(_EX1, james_potter)	0
parent(draco_malfoy, Z3)	parent(draco_malfoy, lucius_malfoy)	0
parent(james_sirius_potter, Z9)	parent(james_sirius_potter, petunia_dursley)	0
parent(fred_weasley, Z11)	parent(fred_weasley, hermione_granger)	0
parent(charlie_weasley, Z8)	parent(charlie_weasley, lucius_malfoy)	0
ancestor(neville_longbottom, Y)	ancestor(X, Y) :- parent(X, Y)	0
parent(albus_severus_potter, Z8)	parent(albus_severus_potter, arthur_weasley)	0
parent(draco_malfoy, Z11)	parent(draco_malfoy, ginny_weasley)	0
parent(james_sirius_potter, Z3)	parent(james_sirius_potter, vernon_dursley)	0
parent(hugo_weasley, molly_weasley)	parent(hugo_weasley, molly_weasley)	0
parent(harry_potter, Z1)	parent(harry_potter, petunia_dursley)	0
parent(harry_potter, Z9)	parent(harry_potter, james_potter)	0
parent(rose_weasley, Z2)	parent(rose_weasley, molly_weasley)	0
parent(Z9, lily_potter)	parent(Z9, lily_potter)	0
parent(dudley_dursley, Z11)	parent(dudley_dursley, narcissa_malfoy)	0
parent(Z8, Z9)	parent(Z8, xenophilius_lovegood)	0
parent(lily_luna_potter, Z4)	parent(lily_luna_potter, james_potter)	0
ancestor(fred_weasley, albus_severus_potter)	ancestor(X, Y) :- ancestor(Z, Y), parent(X, Z)	0
enemy(Y, lucius_malfoy)	enemy(X, Y) :- member_of(X, death_eaters), member_of(Y, dumbledores_army)	0
ancestor(P, harry_potter)	ancestor(X, Y) :- parent(X, Y)	0
parent(bill_weasley, Z9)	parent(bill_weasley, frank_longbottom)	0
ancestor(percy_weasley, X)	ancestor(X, Y) :- ancestor(Z, Y), parent(X, Z)	0
parent(neville_longbottom, Z12)	parent(neville_longbottom, frank_longbottom)	0
parent(Z5, arthur_weasley)	parent(Z5, arthur_weasley)	0
parent(bill_weasley, Z9)	parent(bill_weasley, vernon_dursley)	0
ancestor(neville_longbottom, Z)	ancestor(X, Y) :- ancestor(Z, Y), parent(X, Z)	0
ancestor(charlie_weasley, _EX1)	ancestor(X, Y) :- ancestor(Z, Y), parent(X, Z)	0
ancestor(harry_potter, P)	ancestor(X, Y) :- ancestor(Z, Y), parent(X, Z)	0
ancestor(ron_weasley, harry_potter)	ancestor(X, Y) :- ancestor(Z, Y), parent(X, Z)	0
parent(Z8, molly_weasley)	parent(Z8, molly_weasley)	0
parent(fred_weasley, Z4)	parent(fred_weasley, harry_potter)	0
parent(charlie_weasley, Z8)	parent(charlie_weasley, narcissa_malfoy)	0
parent(Z9, molly_weasley)	parent(Z9, molly_weasley)	0
parent(lily_luna_potter, Z9)	parent(lily_luna_potter, harry_potter)	0
parent(dudley_dursley, Z3)	parent(dudley_dursley, hermione_granger)	0
ancestor(charlie_weasley, draco_malfoy)	ancestor(X, Y) :- ancestor(Z, Y), parent(X, Z)	0
ancestor(fred_weasley, X)	ancestor(X, Y) :- ancestor(Z, Y), parent(X, Z)	0
parent(rose_weasley, Z2)	parent(rose_weasley, hermione_granger)	0
parent(harry_potter, Z9)	parent(harry_potter, xenophilius_lovegood)	0
parent(lily_luna_potter, Z4)	parent(lily_luna_potter, molly_weasley)	0
parent(ron_weasley, Z9)	parent(ron_weasley, harry_potter)	0
parent(ron_weasley, Z6)	parent(ron_weasley, xenophilius_lovegood)	0
parent(fred_weasley, Z3)	parent(fred_weasley, arthur_weasley)	0
parent(percy_weasley, Z12)	parent(percy_weasley, xenophilius_lovegood)	0
ancestor(ginny_weasley, hugo_weasley)	ancestor(X, Y) :- parent(X, Y)	0
parent(james_sirius_potter, Z4)	parent(james_sirius_potter, lucius_malfoy)	0
parent(petunia_dursley, Z0)	parent(petunia_dursley, frank_longbottom)	0
parent(luna_lovegood, Z12)	parent(luna_lovegood, vernon_dursley)	0
parent(ginny_weasley, Z9)	parent(ginny_weasley, xenophilius_lovegood)	0
parent(lily_luna_potter, Z8)	parent(lily_luna_potter, hermione_granger)	0
parent(james_sirius_potter, Z4)	parent(james_sirius_potter, james_potter)	0
parent(ron_weasley, Z11)	parent(ron_weasley, xenophilius_lovegood)	0
parent(lily_luna_potter, Z11)	parent(lily_luna_potter, hermione_granger)	0
ancestor(neville_longbottom, albus_severus_potter)	ancestor(X, Y) :- ancestor(Z, Y), parent(X, Z)	0
parent(rose_weasley, Z9)	parent(rose_weasley, narcissa_malfoy)	0
parent(lily_luna_potter, Z12)	parent(lily_luna_potter, frank_longbottom)	0
parent(james_sirius_potter, Z2)	parent(james_sirius_potter, vernon_dursley)	0
parent(charlie_weasley, Z9)	parent(charlie_weasley, vernon_dursley)	0
parent(james_sirius_potter, Z8)	parent(james_sirius_potter, ginny_weasley)	0
parent(draco_malfoy, Z6)	parent(draco_malfoy, arthur_weasley)	0
parent(fred_weasley, Z12)	parent(fred_weasley, hermione_granger)	0
parent(lily_luna_potter, Z10)	parent(lily_luna_potter, ron_weasley)	0
parent(dudley_dursley, Z2)	parent(dudley_dursley, xenophilius_lovegood)	0
parent(fred_weasley, Z2)	parent(fred_weasley, lily_potter)	0
parent(Z5, Z6)	parent(Z5, lucius_malfoy)	0
parent(neville_longbottom, Z10)	parent(neville_longbottom, frank_longbottom)	0
parent(george_weasley, Z3)	parent(george_weasley, frank_longbottom)	0
parent(charlie_weasley, Z10)	parent(charlie_weasley, petunia_dursley)	0
parent(Z4, Z5)	parent(Z4, frank_longbottom)	0
parent(percy_weasley, Z11)	parent(percy_weasley, hermione_granger)	0
parent(lily_luna_potter, Z8)	parent(lily_luna_potter, ginny_weasley)	0
parent(albus_severus_potter, Z11)	parent(albus_severus_potter, frank_longbottom)	0
parent(percy_weasley, Z11)	parent(percy_weasley, harry_potter)	0
ancestor(rose_weasley, draco_malfoy)	ancestor(X, Y) :- ancestor(Z, Y), parent(X, Z)	0
parent(Z0, Z1)	parent(Z0, xenophilius_lovegood)	0
parent(draco_malfoy, Z3)	parent(draco_malfoy, narcissa_malfoy)	0
parent(hugo_weasley, Z9)	parent(hugo_weasley, harry_potter)	0
parent(ginny_weasley, Z2)	parent(ginny_weasley, narcissa_malfoy)	0
parent(Z6, Z7)	parent(Z6, vernon_dursley)	0
parent(charlie_weasley, Z10)	parent(charlie_weasley, lily_potter)	0
parent(bill_weasley, molly_weasley)	parent(bill_weasley, molly_weasley)	0
parent(fred_weasley, molly_weasley)	parent(fred_weasley, molly_weasley)	0
ancestor(neville_longbottom, lily_luna_potter)	ancestor(X, Y) :- ancestor(Z, Y), parent(X, Z)	0
parent(ron_weasley, Z9)	parent(ron_weasley, molly_weasley)	0
parent(bill_weasley, Z9)	parent(bill_weasley, ginny_weasley)	0
parent(percy_weasley, Z10)	parent(percy_weasley, vernon_dursley)	0
ancestor(fred_weasley, _EX1)	ancestor(X, Y) :- ancestor(Z, Y), parent(X, Z)	0
parent(neville_longbottom, Z9)	parent(neville_longbottom, alice_longbottom)	0
parent(charlie_weasley, Z6)	parent(charlie_weasley, lucius_malfoy)	0
parent(george_weasley, james_potter)	parent(george_weasley, james_potter)	0
parent(rose_weasley, Z4)	parent(rose_weasley, xenophilius_lovegood)	0
parent(neville_longbottom, Z12)	parent(neville_longbottom, vernon_dursley)	0
parent(fred_weasley, Z2)	parent(fred_weasley, hermione_granger)	0
parent(Z1, Z2)	parent(Z1, vernon_dursley)	0
parent(albus_severus_potter, Z11)	parent(albus_severus_potter, vernon_dursley)	0
parent(harry_potter, Z12)	parent(harry_potter, hermione_granger)	0
parent(hugo_weasley, Z4)	parent(hugo_weasley, ron_weasley)	0
parent(bill_weasley, Z9)	parent(bill_weasley, james_potter)	0
parent(bill_weasley, Z2)	parent(bill_weasley, lucius_malfoy)	0
parent(percy_weasley, Z6)	parent(percy_weasley, xenophilius_lovegood)	0
parent(rose_weasley, Z3)	parent(rose_weasley, molly_weasley)	0
parent(luna_lovegood, Z3)	parent(luna_lovegood, lucius_malfoy)	0
parent(harry_potter, Z12)	parent(harry_potter, lily_potter)	0
parent(hugo_weasley, Z12)	parent(hugo_weasley, harry_potter)	0
parent(bill_weasley, Z9)	parent(bill_weasley, petunia_dursley)	0
parent(harry_potter, Z3)	parent(harry_potter, alice_longbottom)	0
parent(neville_longbottom, Z3)	parent(neville_longbottom, hermione_granger)	0
parent(ron_weasley, Z2)	parent(ron_weasley, ron_weasley)	0
parent(albus_severus_potter, Z2)	parent(albus_severus_potter, hermione_granger)	0
muggleborn(marge_dursley)	muggleborn(marge_dursley)	0
parent(Z4, Z5)	parent(Z4, lucius_malfoy)	0
parent(james_sirius_potter, Z2)	parent(james_sirius_potter, lucius_malfoy)	0
parent(rose_weasley, Z11)	parent(rose_weasley, hermione_granger)	0
parent(percy_weasley, Z2)	parent(percy_weasley, ginny_weasley)	0
parent(neville_longbottom, Z12)	parent(neville_longbottom, petunia_dursley)	0
ancestor(P, lily_luna_potter)	ancestor(X, Y) :- ancestor(Z, Y), parent(X, Z)	0
ancestor(percy_weasley, Y)	ancestor(X, Y) :- ancestor(Z, Y), parent(X, Z)	0
parent(percy_weasley, Z12)	parent(percy_weasley, james_potter)	0
parent(james_sirius_potter, Z2)	parent(james_sirius_potter, james_potter)	0
parent(charlie_weasley, Z8)	parent(charlie_weasley, vernon_dursley)	0
parent(draco_malfoy, Z9)	parent(draco_malfoy, hermione_granger)	0
parent(harry_potter, Z11)	parent(harry_potter, frank_longbottom)	0
parent(rose_weasley, Z3)	parent(rose_weasley, hermione_granger)	0
parent(percy_weasley, Z11)	parent(percy_weasley, ginny_weasley)	0
ancestor(fred_weasley, harry_potter)	ancestor(X, Y) :- ancestor(Z, Y), parent(X, Z)	0
parent(Z2, Z3)	parent(Z2, narcissa_malfoy)	0
parent(lily_luna_potter, Z9)	parent(lily_luna_potter, vernon_dursley)	0
parent(Z7, lily_potter)	parent(Z7, lily_potter)	0
parent(james_sirius_potter, Z2)	parent(james_sirius_potter, arthur_weasley)	0
parent(neville_longbottom, Z2)	parent(neville_longbottom, ginny_weasley)	0
parent(luna_lovegood, Z12)	parent(luna_lovegood, arthur_weasley)	0
parent(bill_weasley, Z10)	parent(bill_weasley, ron_weasley)	0
parent(harry_potter, Z12)	parent(harry_potter, harry_potter)	0
parent(percy_weasley, Z8)	parent(percy_weasley, arthur_weasley)	0
parent(hugo_weasley, Z11)	parent(hugo_weasley, harry_potter)	0
parent(charlie_weasley, Z8)	parent(charlie_weasley, ginny_weasley)	0
parent(charlie_weasley, Z9)	parent(charlie_weasley, arthur_weasley)	0
parent(charlie_weasley, Z3)	parent(charlie_weasley, ginny_weasley)	0
parent(bill_weasley, Z10)	parent(bill_weasley, narcissa_malfoy)	0
parent(charlie_weasley, Z12)	parent(charlie_weasley, frank_longbottom)	0
ancestor(dudley_dursley, Z)	ancestor(X, Y) :- ancestor(Z, Y), parent(X, Z)	0
parent(dudley_dursley, Z12)	parent(dudley_dursley, james_potter)	0
parent(charlie_weasley, Z2)	parent(charlie_weasley, alice_longbottom)	0
parent(hugo_weasley, Z12)	parent(hugo_weasley, hermione_granger)	0
parent(lily_luna_potter, Z6)	parent(lily_luna_potter, xenophilius_lovegood)	0
parent(ginny_weasley, Z11)	parent(ginny_weasley, molly_weasley)	0
parent(george_weasley, Z10)	parent(george_weasley, vernon_dursley)	0
ancestor(george_weasley, _EX3)	ancestor(X, Y) :- ancestor(Z, Y), parent(X, Z)	0
parent(fred_weasley, Z4)	parent(fred_weasley, molly_weasley)	0
parent(george_weasley, Z10)	parent(george_weasley, petunia_dursley)	0
parent(george_weasley, Z9)	parent(george_weasley, frank_longbottom)	0
parent(james_sirius_potter, Z12)	parent(james_sirius_potter, molly_weasley)	0
parent(Z7, arthur_weasley)	parent(Z7, arthur_weasley)	0
parent(harry_potter, Z11)	parent(harry_potter, ron_weasley)	0
parent(fred_weasley, Z3)	parent(fred_weasley, lucius_malfoy)	0
ancestor(bill_weasley, albus_severus_potter)	ancestor(X, Y) :- ancestor(Z, Y), parent(X, Z)	0
parent(james_sirius_potter, james_potter)	parent(james_sirius_potter, james_potter)	0
ancestor(lily_luna_potter, harry_potter)	ancestor(X, Y) :- ancestor(Z, Y), parent(X, Z)	0
parent(george_weasley, Z11)	parent(george_weasley, arthur_weasley)	0
parent(ron_weasley, Z3)	parent(ron_weasley, hermione_granger)	0
parent(james_sirius_potter, Z4)	parent(james_sirius_potter, hermione_granger)	0
parent(hugo_weasley, Z9)	parent(hugo_weasley, alice_longbottom)	0
parent(neville_longbottom, Z10)	parent(neville_longbottom, petunia_dursley)	0
enemy(nymphadora_tonks, _EX2)	enemy(X, Y) :- member_of(X, death_eaters), member_of(Y, dumbledores_army)	0
parent(draco_malfoy, Z6)	parent(draco_malfoy, narcissa_malfoy)	0
parent(luna_lovegood, Z11)	parent(luna_lovegood, lucius_malfoy)	0
parent(lily_luna_potter, Z12)	parent(lily_luna_potter, hermione_granger)	0
parent(neville_longbottom, Z11)	parent(neville_longbottom, alice_longbottom)	0
parent(draco_malfoy, Z2)	parent(draco_malfoy, vernon_dursley)	0
parent(albus_severus_potter, Z4)	parent(albus_severus_potter, james_potter)	0
parent(ron_weasley, Z10)	parent(ron_weasley, xenophilius_lovegood)	0
parent(luna_lovegood, Z11)	parent(luna_lovegood, xenophilius_lovegood)	0
parent(harry_potter, Z3)	parent(harry_potter, james_potter)	0
parent(ginny_weasley, Z11)	parent(ginny_weasley, ginny_weasley)	0
parent(george_weasley, Z2)	parent(george_weasley, harry_potter)	0
ancestor(neville_longbottom, _EX1)	ancestor(X, Y) :- parent(X, Y)	0
ancestor(draco_malfoy, X)	ancestor(X, Y) :- parent(X, Y)	0
parent(albus_severus_potter, Z8)	parent(albus_severus_potter, frank_longbottom)	0
parent(neville_longbottom, Z9)	parent(neville_longbottom, xenophilius_lovegood)	0
parent(hugo_weasley, Z3)	parent(hugo_weasley, frank_longbottom)	0
ancestor(ginny_weasley, Y)	ancestor(X, Y) :- ancestor(Z, Y), parent(X, Z)	0
parent(rose_weasley, Z11)	parent(rose_weasley, harry_potter)	0
parent(hugo_weasley, Z8)	parent(hugo_weasley, ron_weasley)	0
parent(hugo_weasley, Z4)	parent(hugo_weasley, ginny_weasley)	0
parent(Z1, lily_potter)	parent(Z1, lily_potter)	0
ancestor(dudley_dursley, albus_severus_potter)	ancestor(X, Y) :- parent(X, Y)	0
parent(hugo_weasley, Z12)	parent(hugo_weasley, alice_longbottom)	0
parent(charlie_weasley, Z8)	parent(charlie_weasley, harry_potter)	0
parent(neville_longbottom, Z9)	parent(neville_longbottom, ginny_weasley)	0
parent(dudley_dursley, Z12)	parent(dudley_dursley, narcissa_malfoy)	0
parent(draco_malfoy, Z9)	parent(draco_malfoy, ron_weasley)	0
ancestor(rose_weasley, P)	ancestor(X, Y) :- parent(X, Y)	0
ancestor(percy_weasley, lily_luna_potter)	ancestor(X, Y) :- ancestor(Z, Y), parent(X, Z)	0
parent(harry_potter, Z1)	parent(harry_potter, james_potter)	0
parent(bill_weasley, Z9)	parent(bill_weasley, molly_weasley)	0
parent(albus_severus_potter, Z8)	parent(albus_severus_potter, petunia_dursley)	0
parent(charlie_weasley, Z3)	parent(charlie_weasley, alice_longbottom)	0
parent(george_weasley, Z9)	parent(george_weasley, james_potter)	0
parent(albus_severus_potter, Z8)	parent(albus_severus_potter, vernon_dursley)	0
ancestor(luna_lovegood, harry_potter)	ancestor(X, Y) :- parent(X, Y)	0
parent(george_weasley, Z9)	parent(george_weasley, ginny_weasley)	0
parent(Z7, Z8)	parent(Z7, hermione_granger)	0
parent(draco_malfoy, Z9)	parent(draco_malfoy, lucius_malfoy)	0
parent(ron_weasley, Z12)	parent(ron_weasley, alice_longbottom)	0
parent(ginny_weasley, Z2)	parent(ginny_weasley, vernon_dursley)	0
parent(ron_weasley, Z9)	parent(ron_weasley, vernon_dursley)	0
parent(Y, Z0)	parent(Y, xenophilius_lovegood)	0
parent(albus_severus_potter, Z8)	parent(albus_severus_potter, narcissa_malfoy)	0
parent(hugo_weasley, Z11)	parent(hugo_weasley, alice_longbottom)	0
parent(ron_weasley, Z9)	parent(ron_weasley, frank_longbottom)	0
parent(fred_weasley, Z11)	parent(fred_weasley, harry_potter)	0
parent(ron_weasley, Z2)	parent(ron_weasley, narcissa_malfoy)	0
parent(draco_malfoy, Z3)	parent(draco_malfoy, lily_potter)	0
ancestor(albus_severus_potter, Y)	ancestor(X, Y) :- ancestor(Z, Y), parent(X, Z)	0
parent(charlie_weasley, Z6)	parent(charlie_weasley, ginny_weasley)	0
parent(ginny_weasley, Z9)	parent(ginny_weasley, hermione_granger)	0
ancestor(james_sirius_potter, draco_malfoy)	ancestor(X, Y) :- ancestor(Z, Y), parent(X, Z)	0
parent(draco_malfoy, lily_potter)	parent(draco_malfoy, lily_potter)	0
parent(dudley_dursley, Z2)	parent(dudley_dursley, james_potter)	0
parent(dudley_dursley, Z11)	parent(dudley_dursley, lily_potter)	0
parent(albus_severus_potter, Z10)	parent(albus_severus_potter, lily_potter)	0
parent(harry_potter, lily_potter)	parent(harry_potter, lily_potter)	0
parent(albus_severus_potter, Z4)	parent(albus_severus_potter, xenophilius_lovegood)	0
parent(Z2, Z3)	parent(Z2, hermione_granger)	0
parent(hugo_weasley, Z11)	parent(hugo_weasley, lily_potter)	0
enemy(alastor_moody, _EX2)	enemy(X, Y) :- member_of(X, death_eaters), member_of(Y, dumbledores_army)	0
parent(charlie_weasley, Z8)	parent(charlie_weasley, frank_longbottom)	0
parent(Z5, Z6)	parent(Z5, molly_weasley)	0
parent(lily_luna_potter, molly_weasley)	parent(lily_luna_potter, molly_weasley)	0
parent(fred_weasley, Z2)	parent(fred_weasley, ron_weasley)	0
ancestor(dudley_dursley, Y)	ancestor(X, Y) :- ancestor(Z, Y), parent(X, Z)	0
parent(Z7, Z8)	parent(Z7, petunia_dursley)	0
parent(rose_weasley, Z9)	parent(rose_weasley, molly_weasley)	0
parent(fred_weasley, Z3)	parent(fred_weasley, ginny_weasley)	0
parent(harry_potter, Z2)	parent(harry_potter, hermione_granger)	0
parent(harry_potter, Z10)	parent(harry_potter, lily_potter)	0
parent(lily_luna_potter, Z6)	parent(lily_luna_potter, james_potter)	0
parent(Z3, Z4)	parent(Z3, narcissa_malfoy)	0
ancestor(james_sirius_potter, X)	ancestor(X, Y) :- parent(X, Y)	0
parent(neville_longbottom, Z9)	parent(neville_longbottom, narcissa_malfoy)	0
ancestor(luna_lovegood, X)	ancestor(X, Y) :- ancestor(Z, Y), parent(X, Z)	0
parent(hugo_weasley, Z8)	parent(hugo_weasley, arthur_weasley)	0
parent(harry_potter, Z10)	parent(harry_potter, arthur_weasley)	0
parent(ginny_weasley, Z2)	parent(ginny_weasley, petunia_dursley)	0
parent(lily_luna_potter, Z9)	parent(lily_luna_potter, molly_weasley)	0
ancestor(P, _EX3)	ancestor(X, Y) :- parent(X, Y)	0
parent(draco_malfoy, Z8)	parent(draco_malfoy, narcissa_malfoy)	0
parent(hugo_weasley, Z2)	parent(hugo_weasley, frank_longbottom)	0
parent(george_weasley, Z11)	parent(george_weasley, vernon_dursley)	0
parent(percy_weasley, Z12)	parent(percy_weasley, narcissa_malfoy)	0
parent(_EX4, Z1)	parent(_EX4, james_potter)	0
parent(albus_severus_potter, Z9)	parent(albus_severus_potter, ron_weasley)	0
parent(dudley_dursley, Z9)	parent(dudley_dursley, petunia_dursley)	0
ancestor(charlie_weasley, albus_severus_potter)	ancestor(X, Y) :- parent(X, Y)	0
parent(ron_weasley, Z2)	parent(ron_weasley, xenophilius_lovegood)	0
parent(james_sirius_potter, Z12)	parent(james_sirius_potter, petunia_dursley)	0
parent(ron_weasley, Z9)	parent(ron_weasley, arthur_weasley)	0
ancestor(harry_potter, hugo_weasley)	ancestor(X, Y) :- parent(X, Y)	0
parent(bill_weasley, Z10)	parent(bill_weasley, frank_longbottom)	0
parent(hugo_weasley, Z8)	parent(hugo_weasley, ginny_weasley)	0
parent(lily_luna_potter, Z9)	parent(lily_luna_potter, ron_weasley)	0
parent(albus_severus_potter, Z3)	parent(albus_severus_potter, james_potter)	0
parent(fred_weasley, Z3)	parent(fred_weasley, xenophilius_lovegood)	0
parent(bill_weasley, Z10)	parent(bill_weasley, vernon_dursley)	0
parent(hugo_weasley, Z8)	parent(hugo_weasley, james_potter)	0
parent(percy_weasley, Z8)	parent(percy_weasley, hermione_granger)	0
ancestor(bill_weasley, harry_potter)	ancestor(X, Y) :- ancestor(Z, Y), parent(X, Z)	0
parent(fred_weasley, Z12)	parent(fred_weasley, harry_potter)	0
parent(neville_longbottom, Z3)	parent(neville_longbottom, james_potter)	0
parent(rose_weasley, Z4)	parent(rose_weasley, ron_weasley)	0
ancestor(hugo_weasley, albus_severus_potter)	ancestor(X, Y) :- parent(X, Y)	0
ancestor(ron_weasley, _EX1)	ancestor(X, Y) :- ancestor(Z, Y), parent(X, Z)	0
parent(hugo_weasley, Z3)	parent(hugo_weasley, xenophilius_lovegood)	0
parent(percy_weasley, Z6)	parent(percy_weasley, frank_longbottom)	0
parent(Z, Z0)	parent(Z, lily_potter)	0
parent(dudley_dursley, Z3)	parent(dudley_dursley, vernon_dursley)	0
ancestor(percy_weasley, Z)	ancestor(X, Y) :- parent(X, Y)	0
parent(neville_longbottom, Z3)	parent(neville_longbottom, xenophilius_lovegood)	0
parent(Z4, Z5)	parent(Z4, james_potter)	0
parent(hugo_weasley, Z4)	parent(hugo_weasley, petunia_dursley)	0
ancestor(draco_malfoy, lily_luna_potter)	ancestor(X, Y) :- parent(X, Y)	0
enemy(P, fred_weasley)	enemy(X, Y) :- member_of(X, order_of_the_phoenix), member_of(Y, death_eaters)	0
ancestor(james_sirius_potter, hugo_weasley)	ancestor(X, Y) :- parent(X, Y)	0
parent(petunia_dursley, Z0)	parent(petunia_dursley, lily_potter)	0
parent(hugo_weasley, Z4)	parent(hugo_weasley, xenophilius_lovegood)	0
parent(albus_severus_potter, Z10)	parent(albus_severus_potter, alice_longbottom)	0
parent(Z3, Z4)	parent(Z3, petunia_dursley)	0
parent(james_sirius_potter, Z9)	parent(james_sirius_potter, xenophilius_lovegood)	0
parent(ginny_weasley, Z11)	parent(ginny_weasley, frank_longbottom)	0
parent(Z5, Z6)	parent(Z5, vernon_dursley)	0
parent(dudley_dursley, Z2)	parent(dudley_dursley, ginny_weasley)	0
parent(charlie_weasley, Z11)	parent(charlie_weasley, harry_potter)	0
parent(ron_weasley, Z2)	parent(ron_weasley, frank_longbottom)	0
ancestor(luna_lovegood, _EX1)	ancestor(X, Y) :- parent(X, Y)	0
ancestor(harry_potter, X)	ancestor(X, Y) :- ancestor(Z, Y), parent(X, Z)	0
parent(neville_longbottom, Z3)	parent(neville_longbottom, ginny_weasley)	0
parent(lily_luna_potter, Z11)	parent(lily_luna_potter, lily_potter)	0
parent(petunia_dursley, Z0)	parent(petunia_dursley, harry_potter)	0
parent(rose_weasley, lily_potter)	parent(rose_weasley, lily_potter)	0
parent(Z9, Z10)	parent(Z9, petunia_dursley)	0
parent(percy_weasley, Z6)	parent(percy_weasley, ginny_weasley)	0
parent(charlie_weasley, Z10)	parent(charlie_weasley, ginny_weasley)	0
ancestor(neville_longbottom, X)	ancestor(X, Y) :- ancestor(Z, Y), parent(X, Z)	0
parent(bill_weasley, Z12)	parent(bill_weasley, alice_longbottom)	0
parent(dudley_dursley, Z11)	parent(dudley_dursley, harry_potter)	0
parent(dudley_dursley, Z10)	parent(dudley_dursley, narcissa_malfoy)	0
parent(lily_luna_potter, Z9)	parent(lily_luna_potter, lucius_malfoy)	0
parent(albus_severus_potter, Z3)	parent(albus_severus_potter, arthur_weasley)	0
parent(harry_potter, Z2)	parent(harry_potter, arthur_weasley)	0
parent(bill_weasley, Z9)	parent(bill_weasley, hermione_granger)	0
parent(ginny_weasley, Z12)	parent(ginny_weasley, vernon_dursley)	0
parent(ginny_weasley, Z9)	parent(ginny_weasley, james_potter)	0
parent(harry_potter, Z9)	parent(harry_potter, frank_longbottom)	0
ancestor(ginny_weasley, draco_malfoy)	ancestor(X, Y) :- ancestor(Z, Y), parent(X, Z)	0
parent(albus_severus_potter, Z11)	parent(albus_severus_potter, harry_potter)	0
parent(dudley_dursley, Z2)	parent(dudley_dursley, alice_longbottom)	0
parent(ginny_weasley, Z11)	parent(ginny_weasley, lily_potter)	0
parent(albus_severus_potter, Z3)	parent(albus_severus_potter, xenophilius_lovegood)	0
parent(Z10, Z11)	parent(Z10, lily_potter)	0
parent(bill_weasley, Z10)	parent(bill_weasley, ginny_weasley)	0
parent(bill_weasley, Z9)	parent(bill_weasley, lucius_malfoy)	0
parent(hugo_weasley, Z8)	parent(hugo_weasley, molly_weasley)	0
parent(harry_potter, Z9)	parent(harry_potter, molly_weasley)	0
parent(charlie_weasley, Z9)	parent(charlie_weasley, alice_longbottom)	0
parent(james_sirius_potter, Z8)	parent(james_sirius_potter, arthur_weasley)	0
hates(bellatrix_lestrange, myrtle_warren)	hates(X, Y) :- deatheater(X), squib(Y)	0
ancestor(albus_severus_potter, _EX1)	ancestor(X, Y) :- parent(X, Y)	0
parent(charlie_weasley, Z11)	parent(charlie_weasley, ron_weasley)	0
parent(james_sirius_potter, Z2)	parent(james_sirius_potter, molly_weasley)	0
parent(rose_weasley, Z4)	parent(rose_weasley, alice_longbottom)	0
parent(luna_lovegood, Z3)	parent(luna_lovegood, arthur_weasley)	0
parent(dudley_dursley, Z11)	parent(dudley_dursley, frank_longbottom)	0
parent(fred_weasley, Z10)	parent(fred_weasley, ginny_weasley)	0
parent(luna_lovegood, Z8)	parent(luna_lovegood, james_potter)	0
parent(james_sirius_potter, Z6)	parent(james_sirius_potter, ginny_weasley)	0
parent(hugo_weasley, Z10)	parent(hugo_weasley, ron_weasley)	0
parent(bill_weasley, Z10)	parent(bill_weasley, james_potter)	0
ancestor(george_weasley, Z)	ancestor(X, Y) :- ancestor(Z, Y), parent(X, Z)	0
parent(george_weasley, Z11)	parent(george_weasley, molly_weasley)	0
parent(harry_potter, Z9)	parent(harry_potter, ron_weasley)	0
parent(ron_weasley, Z8)	parent(ron_weasley, harry_potter)	0
parent(luna_lovegood, Z3)	parent(luna_lovegood, ginny_weasley)	0
ancestor(harry_potter, albus_severus_potter)	ancestor(X, Y) :- parent(X, Y)	0
parent(lily_luna_potter, Z12)	parent(lily_luna_potter, narcissa_malfoy)	0
parent(percy_weasley, Z3)	parent(percy_weasley, alice_longbottom)	0
parent(james_sirius_potter, Z4)	parent(james_sirius_potter, harry_potter)	0
parent(neville_longbottom, Z3)	parent(neville_longbottom, narcissa_malfoy)	0
parent(lily_luna_potter, Z9)	parent(lily_luna_potter, arthur_weasley)	0
parent(hugo_weasley, Z12)	parent(hugo_weasley, ron_weasley)	0
ancestor(fred_weasley, P)	ancestor(X, Y) :- ancestor(Z, Y), parent(X, Z)	0
parent(percy_weasley, Z11)	parent(percy_weasley, frank_longbottom)	0
parent(fred_weasley, Z8)	parent(fred_weasley, lucius_malfoy)	0
parent(Z6, molly_weasley)	parent(Z6, molly_weasley)	0
ancestor(P, Y)	ancestor(X, Y) :- parent(X, Y)	0
parent(X, molly_weasley)	parent(X, molly_weasley)	0
parent(albus_severus_potter, Z2)	parent(albus_severus_potter, frank_longbottom)	0
parent(lily_luna_potter, Z2)	parent(lily_luna_potter, alice_longbottom)	0
parent(harry_potter, Z2)	parent(harry_potter, frank_longbottom)	0
enemy(Y, ginny_weasley)	enemy(X, Y) :- member_of(X, order_of_the_phoenix), member_of(Y, death_eaters)	0
ancestor(ginny_weasley, harry_potter)	ancestor(X, Y) :- parent(X, Y)	0
parent(hugo_weasley, Z8)	parent(hugo_weasley, petunia_dursley)	0
parent(dudley_dursley, Z12)	parent(dudley_dursley, hermione_granger)	0
parent(charlie_weasley, Z10)	parent(charlie_weasley, hermione_granger)	0
parent(charlie_weasley, Z10)	parent(charlie_weasley, alice_longbottom)	0
parent(draco_malfoy, Z12)	parent(draco_malfoy, xenophilius_lovegood)	0
parent(luna_lovegood, Z12)	parent(luna_lovegood, ron_weasley)	0
parent(percy_weasley, lily_potter)	parent(percy_weasley, lily_potter)	0
parent(luna_lovegood, Z3)	parent(luna_lovegood, xenophilius_lovegood)	0
parent(hugo_weasley, Z2)	parent(hugo_weasley, molly_weasley)	0
parent(draco_malfoy, Z9)	parent(draco_malfoy, harry_potter)	0
parent(ron_weasley, Z12)	parent(ron_weasley, narcissa_malfoy)	0
parent(percy_weasley, Z2)	parent(percy_weasley, petunia_dursley)	0
ancestor(luna_lovegood, P)	ancestor(X, Y) :- parent(X, Y)	0
ancestor(percy_weasley, _EX1)	ancestor(X, Y) :- parent(X, Y)	0
parent(_EX5, arthur_weasley)	parent(_EX5, arthur_weasley)	0
parent(ginny_weasley, Z9)	parent(ginny_weasley, lily_potter)	0
parent(charlie_weasley, Z9)	parent(charlie_weasley, harry_potter)	0
parent(lily_luna_potter, Z11)	parent(lily_luna_potter, petunia_dursley)	0
ancestor(lily_luna_potter, Y)	ancestor(X, Y) :- ancestor(Z, Y), parent(X, Z)	0
parent(albus_severus_potter, Z2)	parent(albus_severus_potter, petunia_dursley)	0
ancestor(george_weasley, harry_potter)	ancestor(X, Y) :- parent(X, Y)	0
parent(rose_weasley, Z2)	parent(rose_weasley, james_potter)	0
parent(rose_weasley, Z10)	parent(rose_weasley, arthur_weasley)	0
parent(Z3, Z4)	parent(Z3, hermione_granger)	0
parent(albus_severus_potter, Z2)	parent(albus_severus_potter, vernon_dursley)	0
ancestor(dudley_dursley, X)	ancestor(X, Y) :- ancestor(Z, Y), parent(X, Z)	0
parent(percy_weasley, Z2)	parent(percy_weasley, molly_weasley)	0
parent(percy_weasley, Z9)	parent(percy_weasley, petunia_dursley)	0
parent(charlie_weasley, Z11)	parent(charlie_weasley, molly_weasley)	0
parent(ron_weasley, Z8)	parent(ron_weasley, molly_weasley)	0
parent(luna_lovegood, Z11)	parent(luna_lovegood, arthur_weasley)	0
parent(harry_potter, Z2)	parent(harry_potter, ron_weasley)	0
parent(harry_potter, Z9)	parent(harry_potter, lucius_malfoy)	0
parent(rose_weasley, Z3)	parent(rose_weasley, ginny_weasley)	0
parent(Z4, Z5)	parent(Z4, molly_weasley)	0
parent(albus_severus_potter, Z12)	parent(albus_severus_potter, petunia_dursley)	0
parent(ginny_weasley, Z3)	parent(ginny_weasley, vernon_dursley)	0
parent(fred_weasley, Z8)	parent(fred_weasley, james_potter)	0
parent(luna_lovegood, Z11)	parent(luna_lovegood, ginny_weasley)	0
parent(james_sirius_potter, Z3)	parent(james_sirius_potter, petunia_dursley)	0
parent(luna_lovegood, Z6)	parent(luna_lovegood, xenophilius_lovegood)	0
squib(petunia_dursley)	squib(petunia_dursley)	0
parent(bill_weasley, Z12)	parent(bill_weasley, vernon_dursley)	0
parent(dudley_dursley, Z9)	parent(dudley_dursley, frank_longbottom)	0
hates(P, dudley_dursley)	hates(X, Y) :- deatheater(X), muggleborn(Y)	0
parent(rose_weasley, Z2)	parent(rose_weasley, xenophilius_lovegood)	0
parent(fred_weasley, Z9)	parent(fred_weasley, james_potter)	0
parent(Z11, Z12)	parent(Z11, james_potter)	0
ancestor(P, X)	ancestor(X, Y) :- parent(X, Y)	0
parent(draco_malfoy, Z9)	parent(draco_malfoy, lily_potter)	0
parent(percy_weasley, james_potter)	parent(percy_weasley, james_potter)	0
member_of(X0, death_eaters)	member_of(minerva_mccgonagall, death_eaters)	0
parent(bill_weasley, Z2)	parent(bill_weasley, lily_potter)	0
parent(albus_severus_potter, Z8)	parent(albus_severus_potter, harry_potter)	0
parent(hugo_weasley, Z8)	parent(hugo_weasley, lucius_malfoy)	0
parent(hugo_weasley, Z4)	parent(hugo_weasley, arthur_weasley)	0
ancestor(luna_lovegood, Z)	ancestor(X, Y) :- ancestor(Z, Y), parent(X, Z)	0
parent(charlie_weasley, Z12)	parent(charlie_weasley, petunia_dursley)	0
ancestor(luna_lovegood, hugo_weasley)	ancestor(X, Y) :- ancestor(Z, Y), parent(X, Z)	0
ancestor(percy_weasley, draco_malfoy)	ancestor(X, Y) :- ancestor(Z, Y), parent(X, Z)	0
parent(hugo_weasley, Z10)	parent(hugo_weasley, ginny_weasley)	0
parent(lily_luna_potter, Z2)	parent(lily_luna_potter, hermione_granger)	0
ancestor(dudley_dursley, lily_luna_potter)	ancestor(X, Y) :- ancestor(Z, Y), parent(X, Z)	0
parent(rose_weasley, Z9)	parent(rose_weasley, arthur_weasley)	0
parent(george_weasley, lily_potter)	parent(george_weasley, lily_potter)	0
member_of(X0, death_eaters)	member_of(nymphadora_tonks, death_eaters)	0
parent(fred_weasley, Z11)	parent(fred_weasley, james_potter)	0
parent(rose_weasley, Z10)	parent(rose_weasley, lily_potter)	0
parent(Z3, Z4)	parent(Z3, frank_longbottom)	0
parent(dudley_dursley, Z3)	parent(dudley_dursley, lucius_malfoy)	0
parent(charlie_weasley, Z12)	parent(charlie_weasley, lily_potter)	0
parent(bill_weasley, Z10)	parent(bill_weasley, molly_weasley)	0
parent(draco_malfoy, Z9)	parent(draco_malfoy, ginny_weasley)	0
parent(harry_potter, Z10)	parent(harry_potter, ginny_weasley)	0
ancestor(ginny_weasley, X)	ancestor(X, Y) :- parent(X, Y)	0
parent(ron_weasley, Z3)	parent(ron_weasley, alice_longbottom)	0
parent(fred_weasley, arthur_weasley)	parent(fred_weasley, arthur_weasley)	0
parent(hugo_weasley, Z11)	parent(hugo_weasley, arthur_weasley)	0
parent(hugo_weasley, Z4)	parent(hugo_weasley, james_potter)	0
parent(hugo_weasley, Z12)	parent(hugo_weasley, james_potter)	0
parent(harry_potter, Z1)	parent(harry_potter, arthur_weasley)	0
ancestor(albus_severus_potter, Z)	ancestor(X, Y) :- parent(X, Y)	0
parent(lily_luna_potter, Z2)	parent(lily_luna_potter, ginny_weasley)	0
parent(george_weasley, Z10)	parent(george_weasley, frank_longbottom)	0
parent(ron_weasley, Z12)	parent(ron_weasley, frank_longbottom)	0
parent(ron_weasley, Z11)	parent(ron_weasley, harry_potter)	0
parent(dudley_dursley, Z10)	parent(dudley_dursley, ron_weasley)	0
parent(hugo_weasley, Z2)	parent(hugo_weasley, lucius_malfoy)	0
parent(luna_lovegood, Z12)	parent(luna_lovegood, lily_potter)	0
parent(albus_severus_potter, Z12)	parent(albus_severus_potter, molly_weasley)	0
parent(albus_severus_potter, Z12)	parent(albus_severus_potter, ginny_weasley)	0
parent(james_sirius_potter, Z9)	parent(james_sirius_potter, frank_longbottom)	0
parent(rose_weasley, Z11)	parent(rose_weasley, lily_potter)	0
parent(draco_malfoy, Z8)	parent(draco_malfoy, james_potter)	0
parent(hugo_weasley, Z11)	parent(hugo_weasley, james_potter)	0
parent(luna_lovegood, Z9)	parent(luna_lovegood, arthur_weasley)	0
parent(rose_weasley, Z3)	parent(rose_weasley, lily_potter)	0
parent(albus_severus_potter, Z10)	parent(albus_severus_potter, ron_weasley)	0
parent(fred_weasley, Z8)	parent(fred_weasley, xenophilius_lovegood)	0
parent(Z2, Z3)	parent(Z2, xenophilius_lovegood)	0
parent(draco_malfoy, Z2)	parent(draco_malfoy, narcissa_malfoy)	0
parent(luna_lovegood, Z8)	parent(luna_lovegood, hermione_granger)	0
ancestor(ron_weasley, _EX3)	ancestor(X, Y) :- ancestor(Z, Y), parent(X, Z)	0
parent(albus_severus_potter, Z11)	parent(albus_severus_potter, james_potter)	0
ancestor(george_weasley, albus_severus_potter)	ancestor(X, Y) :- ancestor(Z, Y), parent(X, Z)	0
parent(percy_weasley, Z3)	parent(percy_weasley, petunia_dursley)	0
parent(dudley_dursley, Z11)	parent(dudley_dursley, xenophilius_lovegood)	0
parent(harry_potter, Z3)	parent(harry_potter, molly_weasley)	0
parent(harry_potter, Z10)	parent(harry_potter, vernon_dursley)	0
parent(fred_weasley, Z12)	parent(fred_weasley, james_potter)	0
ancestor(james_sirius_potter, _EX3)	ancestor(X, Y) :- parent(X, Y)	0
parent(draco_malfoy, molly_weasley)	parent(draco_malfoy, molly_weasley)	0
parent(percy_weasley, Z3)	parent(percy_weasley, arthur_weasley)	0
parent(rose_weasley, Z3)	parent(rose_weasley, xenophilius_lovegood)	0
hates(bellatrix_lestrange, myrtle_warren)	hates(X, Y) :- deatheater(X), muggle(Y)	0
parent(percy_weasley, Z12)	parent(percy_weasley, lucius_malfoy)	0
ancestor(ginny_weasley, P)	ancestor(X, Y) :- parent(X, Y)	0
parent(ron_weasley, Z11)	parent(ron_weasley, molly_weasley)	0
parent(fred_weasley, Z8)	parent(fred_weasley, arthur_weasley)	0
ancestor(luna_lovegood, albus_severus_potter)	ancestor(X, Y) :- parent(X, Y)	0
parent(fred_weasley, Z11)	parent(fred_weasley, xenophilius_lovegood)	0
ancestor(_EX2, draco_malfoy)	ancestor(X, Y) :- ancestor(Z, Y), parent(X, Z)	0
parent(hugo_weasley, Z12)	parent(hugo_weasley, molly_weasley)	0
parent(james_sirius_potter, Z8)	parent(james_sirius_potter, lily_potter)	0
parent(harry_potter, Z1)	parent(harry_potter, molly_weasley)	0
parent(draco_malfoy, Z8)	parent(draco_malfoy, molly_weasley)	0
parent(bill_weasley, Z11)	parent(bill_weasley, xenophilius_lovegood)	0
parent(lily_luna_potter, Z11)	parent(lily_luna_potter, lucius_malfoy)	0
parent(ginny_weasley, Z12)	parent(ginny_weasley, ginny_weasley)	0
parent(Z9, Z10)	parent(Z9, alice_longbottom)	0
parent(dudley_dursley, Z10)	parent(dudley_dursley, lily_potter)	0
ancestor(fred_weasley, _EX3)	ancestor(X, Y) :- parent(X, Y)	0
parent(draco_malfoy, Z11)	parent(draco_malfoy, james_potter)	0
parent(james_sirius_potter, Z4)	parent(james_sirius_potter, molly_weasley)	0
parent(lily_luna_potter, Z10)	parent(lily_luna_potter, narcissa_malfoy)	0
parent(luna_lovegood, arthur_weasley)	parent(luna_lovegood, arthur_weasley)	0
ancestor(P, hugo_weasley)	ancestor(X, Y) :- parent(X, Y)	0
parent(james_sirius_potter, Z12)	parent(james_sirius_potter, narcissa_malfoy)	0
parent(george_weasley, Z12)	parent(george_weasley, narcissa_malfoy)	0
parent(rose_weasley, Z9)	parent(rose_weasley, ginny_weasley)	0
parent(charlie_weasley, Z8)	parent(charlie_weasley, james_potter)	0
ancestor(lily_luna_potter, albus_severus_potter)	ancestor(X, Y) :- parent(X, Y)	0
ancestor(rose_weasley, X)	ancestor(X, Y) :- ancestor(Z, Y), parent(X, Z)	0
parent(rose_weasley, Z8)	parent(rose_weasley, arthur_weasley)	0
parent(hugo_weasley, Z11)	parent(hugo_weasley, molly_weasley)	0
parent(ginny_weasley, Z2)	parent(ginny_weasley, frank_longbottom)	0
parent(ron_weasley, Z11)	parent(ron_weasley, ginny_weasley)	0
parent(albus_severus_potter, Z11)	parent(albus_severus_potter, xenophilius_lovegood)	0
parent(neville_longbottom, Z10)	parent(neville_longbottom, lucius_malfoy)	0
parent(draco_malfoy, Z9)	parent(draco_malfoy, alice_longbottom)	0
parent(luna_lovegood, Z8)	parent(luna_lovegood, lily_potter)	0
ancestor(ron_weasley, P)	ancestor(X, Y) :- ancestor(Z, Y), parent(X, Z)	0
parent(james_sirius_potter, Z8)	parent(james_sirius_potter, molly_weasley)	0
member_of(Y0, dumbledores_army)	member_of(lucius_malfoy, dumbledores_army)	0
parent(james_sirius_potter, Z12)	parent(james_sirius_potter, lucius_malfoy)	0
parent(luna_lovegood, Z6)	parent(luna_lovegood, vernon_dursley)	0
parent(hugo_weasley, Z3)	parent(hugo_weasley, hermione_granger)	0
parent(rose_weasley, Z2)	parent(rose_weasley, petunia_dursley)	0
parent(Z5, lily_potter)	parent(Z5, lily_potter)	0
parent(james_sirius_potter, Z12)	parent(james_sirius_potter, xenophilius_lovegood)	0
parent(harry_potter, Z1)	parent(harry_potter, alice_longbottom)	0
parent(luna_lovegood, Z12)	parent(luna_lovegood, petunia_dursley)	0
parent(ron_weasley, Z8)	parent(ron_weasley, lily_potter)	0
parent(dudley_dursley, Z9)	parent(dudley_dursley, xenophilius_lovegood)	0
parent(george_weasley, Z2)	parent(george_weasley, arthur_weasley)	0
ancestor(lily_luna_potter, Z)	ancestor(X, Y) :- parent(X, Y)	0
parent(bill_weasley, Z10)	parent(bill_weasley, hermione_granger)	0
parent(james_sirius_potter, Z3)	parent(james_sirius_potter, ginny_weasley)	0
parent(charlie_weasley, Z12)	parent(charlie_weasley, narcissa_malfoy)	0
parent(ron_weasley, Z8)	parent(ron_weasley, petunia_dursley)	0
ancestor(draco_malfoy, albus_severus_potter)	ancestor(X, Y) :- parent(X, Y)	0
parent(percy_weasley, Z3)	parent(percy_weasley, vernon_dursley)	0
parent(X, Z1)	parent(X, molly_weasley)	0
ancestor(rose_weasley, Z)	ancestor(X, Y) :- parent(X, Y)	0
parent(harry_potter, Z2)	parent(harry_potter, lucius_malfoy)	0
parent(fred_weasley, Z12)	parent(fred_weasley, xenophilius_lovegood)	0
parent(draco_malfoy, Z6)	parent(draco_malfoy, ron_weasley)	0
parent(ginny_weasley, Z9)	parent(ginny_weasley, ron_weasley)	0
parent(draco_malfoy, Z12)	parent(draco_malfoy, vernon_dursley)	0
parent(albus_severus_potter, Z9)	parent(albus_severus_potter, petunia_dursley)	0
parent(hugo_weasley, Z11)	parent(hugo_weasley, petunia_dursley)	0
parent(Z, Z0)	parent(Z, james_potter)	0
parent(neville_longbottom, Z2)	parent(neville_longbottom, lucius_malfoy)	0
parent(bill_weasley, Z12)	parent(bill_weasley, molly_weasley)	0
parent(ron_weasley, Z12)	parent(ron_weasley, lucius_malfoy)	0
parent(albus_severus_potter, Z9)	parent(albus_severus_potter, vernon_dursley)	0
parent(james_sirius_potter, Z3)	parent(james_sirius_potter, arthur_weasley)	0
ancestor(P, hugo_weasley)	ancestor(X, Y) :- ancestor(Z, Y), parent(X, Z)	0
parent(ron_weasley, Z12)	parent(ron_weasley, vernon_dursley)	0
parent(draco_malfoy, Z6)	parent(draco_malfoy, lucius_malfoy)	0
parent(albus_severus_potter, Z8)	parent(albus_severus_potter, james_potter)	0
parent(ron_weasley, Z10)	parent(ron_weasley, harry_potter)	0
parent(luna_lovegood, Z3)	parent(luna_lovegood, ron_weasley)	0
parent(rose_weasley, Z12)	parent(rose_weasley, james_potter)	0
parent(albus_severus_potter, Z9)	parent(albus_severus_potter, narcissa_malfoy)	0
parent(rose_weasley, Z11)	parent(rose_weasley, molly_weasley)	0
parent(dudley_dursley, Z12)	parent(dudley_dursley, arthur_weasley)	0
parent(rose_weasley, Z10)	parent(rose_weasley, lucius_malfoy)	0
parent(dudley_dursley, Z3)	parent(dudley_dursley, molly_weasley)	0
parent(lily_luna_potter, Z8)	parent(lily_luna_potter, james_potter)	0
ancestor(james_sirius_potter, _EX1)	ancestor(X, Y) :- parent(X, Y)	0
ancestor(percy_weasley, _EX3)	ancestor(X, Y) :- ancestor(Z, Y), parent(X, Z)	0
parent(draco_malfoy, Z3)	parent(draco_malfoy, molly_weasley)	0
parent(lily_luna_potter, Z4)	parent(lily_luna_potter, vernon_dursley)	0
parent(neville_longbottom, Z2)	parent(neville_longbottom, james_potter)	0
parent(rose_weasley, Z2)	parent(rose_weasley, ron_weasley)	0
parent(fred_weasley, Z3)	parent(fred_weasley, harry_potter)	0
parent(percy_weasley, Z4)	parent(percy_weasley, harry_potter)	0
parent(lily_luna_potter, Z12)	parent(lily_luna_potter, arthur_weasley)	0
parent(percy_weasley, Z11)	parent(percy_weasley, ron_weasley)	0
ancestor(bill_weasley, draco_malfoy)	ancestor(X, Y) :- parent(X, Y)	0
ancestor(percy_weasley, albus_severus_potter)	ancestor(X, Y) :- ancestor(Z, Y), parent(X, Z)	0
parent(ginny_weasley, Z3)	parent(ginny_weasley, ginny_weasley)	0
parent(albus_severus_potter, Z10)	parent(albus_severus_potter, arthur_weasley)	0
parent(luna_lovegood, Z3)	parent(luna_lovegood, alice_longbottom)	0
parent(harry_potter, Z3)	parent(harry_potter, hermione_granger)	0
parent(dudley_dursley, Z10)	parent(dudley_dursley, harry_potter)	0
parent(lily_luna_potter, Z8)	parent(lily_luna_potter, molly_weasley)	0
parent(bill_weasley, Z10)	parent(bill_weasley, petunia_dursley)	0
parent(albus_severus_potter, Z2)	parent(albus_severus_potter, harry_potter)	0
parent(ron_weasley, Z3)	parent(ron_weasley, narcissa_malfoy)	0
parent(charlie_weasley, Z11)	parent(charlie_weasley, lucius_malfoy)	0
parent(percy_weasley, Z10)	parent(percy_weasley, harry_potter)	0
parent(albus_severus_potter, Z3)	parent(albus_severus_potter, lily_potter)	0
parent(james_sirius_potter, Z6)	parent(james_sirius_potter, arthur_weasley)	0
parent(ginny_weasley, Z3)	parent(ginny_weasley, alice_longbottom)	0
parent(dudley_dursley, Z3)	parent(dudley_dursley, ron_weasley)	0
ancestor(ron_weasley, Y)	ancestor(X, Y) :- parent(X, Y)	0
parent(ginny_weasley, Z2)	parent(ginny_weasley, arthur_weasley)	0
ancestor(fred_weasley, Y)	ancestor(X, Y) :- parent(X, Y)	0
parent(X, james_potter)	parent(X, james_potter)	0
parent(rose_weasley, Z11)	parent(rose_weasley, lucius_malfoy)	0
parent(draco_malfoy, Z11)	parent(draco_malfoy, petunia_dursley)	0
parent(ron_weasley, Z10)	parent(ron_weasley, molly_weasley)	0
parent(rose_weasley, Z10)	parent(rose_weasley, narcissa_malfoy)	0
parent(ron_weasley, Z11)	parent(ron_weasley, vernon_dursley)	0
parent(draco_malfoy, Z11)	parent(draco_malfoy, arthur_weasley)	0
ancestor(dudley_dursley, hugo_weasley)	ancestor(X, Y) :- ancestor(Z, Y), parent(X, Z)	0
parent(albus_severus_potter, Z4)	parent(albus_severus_potter, harry_potter)	0
parent(luna_lovegood, Z6)	parent(luna_lovegood, arthur_weasley)	0
ancestor(bill_weasley, P)	ancestor(X, Y) :- ancestor(Z, Y), parent(X, Z)	0
parent(fred_weasley, Z9)	parent(fred_weasley, lucius_malfoy)	0
ancestor(hugo_weasley, _EX1)	ancestor(X, Y) :- ancestor(Z, Y), parent(X, Z)	0
parent(bill_weasley, Z10)	parent(bill_weasley, lily_potter)	0
parent(rose_weasley, Z3)	parent(rose_weasley, lucius_malfoy)	0
parent(james_sirius_potter, Z4)	parent(james_sirius_potter, petunia_dursley)	0
parent(luna_lovegood, Z11)	parent(luna_lovegood, ron_weasley)	0
parent(albus_severus_potter, Z8)	parent(albus_severus_potter, xenophilius_lovegood)	0
ancestor(ginny_weasley, _EX1)	ancestor(X, Y) :- ancestor(Z, Y), parent(X, Z)	0
parent(percy_weasley, Z10)	parent(percy_weasley, frank_longbottom)	0
parent(harry_potter, Z3)	parent(harry_potter, harry_potter)	0
parent(percy_weasley, Z11)	parent(percy_weasley, petunia_dursley)	0
parent(fred_weasley, james_potter)	parent(fred_weasley, james_potter)	0
parent(draco_malfoy, Z9)	parent(draco_malfoy, xenophilius_lovegood)	0
parent(dudley_dursley, Z11)	parent(dudley_dursley, james_potter)	0
parent(dudley_dursley, Z2)	parent(dudley_dursley, petunia_dursley)	0
parent(charlie_weasley, molly_weasley)	parent(charlie_weasley, molly_weasley)	0
parent(bill_weasley, Z3)	parent(bill_weasley, ginny_weasley)	0
parent(neville_longbottom, Z2)	parent(neville_longbottom, lily_potter)	0
parent(lily_luna_potter, Z8)	parent(lily_luna_potter, harry_potter)	0
ancestor(harry_potter, _EX3)	ancestor(X, Y) :- ancestor(Z, Y), parent(X, Z)	0
ancestor(draco_malfoy, harry_potter)	ancestor(X, Y) :- parent(X, Y)	0
ancestor(percy_weasley, X)	ancestor(X, Y) :- parent(X, Y)	0
ancestor(ginny_weasley, lily_luna_potter)	ancestor(X, Y) :- parent(X, Y)	0
hates(_EX3, marge_dursley)	hates(X, Y) :- deatheater(X), squib(Y)	0
parent(james_sirius_potter, Z8)	parent(james_sirius_potter, petunia_dursley)	0
parent(neville_longbottom, Z11)	parent(neville_longbottom, molly_weasley)	0
ancestor(neville_longbottom, Z)	ancestor(X, Y) :- parent(X, Y)	0
parent(ginny_weasley, james_potter)	parent(ginny_weasley, james_potter)	0
parent(luna_lovegood, Z11)	parent(luna_lovegood, alice_longbottom)	0
parent(rose_weasley, Z11)	parent(rose_weasley, narcissa_malfoy)	0
parent(Z7, molly_weasley)	parent(Z7, molly_weasley)	0
parent(draco_malfoy, Z8)	parent(draco_malfoy, ron_weasley)	0
ancestor(charlie_weasley, draco_malfoy)	ancestor(X, Y) :- parent(X, Y)	0
parent(charlie_weasley, Z12)	parent(charlie_weasley, ginny_weasley)	0
parent(petunia_dursley, Z0)	parent(petunia_dursley, ginny_weasley)	0
ancestor(charlie_weasley, Y)	ancestor(X, Y) :- ancestor(Z, Y), parent(X, Z)	0
ancestor(george_weasley, Y)	ancestor(X, Y) :- ancestor(Z, Y), parent(X, Z)	0
ancestor(fred_weasley, X)	ancestor(X, Y) :- parent(X, Y)	0
parent(hugo_weasley, Z10)	parent(hugo_weasley, arthur_weasley)	0
parent(hugo_weasley, Z9)	parent(hugo_weasley, lily_potter)	0
ancestor(fred_weasley, hugo_weasley)	ancestor(X, Y) :- ancestor(Z, Y), parent(X, Z)	0
parent(ginny_weasley, Z12)	parent(ginny_weasley, lily_potter)	0
parent(neville_longbottom, Z2)	parent(neville_longbottom, narcissa_malfoy)	0
parent(dudley_dursley, Z2)	parent(dudley_dursley, arthur_weasley)	0
ancestor(hugo_weasley, P)	ancestor(X, Y) :- ancestor(Z, Y), parent(X, Z)	0
ancestor(fred_weasley, lily_luna_potter)	ancestor(X, Y) :- parent(X, Y)	0
ancestor(neville_longbottom, Y)	ancestor(X, Y) :- ancestor(Z, Y), parent(X, Z)	0
enemy(_EX3, neville_longbottom)	enemy(X, Y) :- member_of(X, order_of_the_phoenix), member_of(Y, death_eaters)	0
parent(dudley_dursley, Z3)	parent(dudley_dursley, lily_potter)	0
parent(ginny_weasley, Z2)	parent(ginny_weasley, lucius_malfoy)	0
parent(Z5, Z6)	parent(Z5, alice_longbottom)	0
ancestor(neville_longbottom, albus_severus_potter)	ancestor(X, Y) :- parent(X, Y)	0
parent(fred_weasley, Z8)	parent(fred_weasley, frank_longbottom)	0
parent(rose_weasley, Z3)	parent(rose_weasley, ron_weasley)	0
parent(petunia_dursley, Z0)	parent(petunia_dursley, molly_weasley)	0
parent(george_weasley, Z12)	parent(george_weasley, lily_potter)	0
parent(rose_weasley, Z4)	parent(rose_weasley, james_potter)	0
parent(george_weasley, Z12)	parent(george_weasley, hermione_granger)	0
ancestor(P, harry_potter)	ancestor(X, Y) :- ancestor(Z, Y), parent(X, Z)	0
parent(percy_weasley, Z6)	parent(percy_weasley, alice_longbottom)	0
parent(charlie_weasley, Z3)	parent(charlie_weasley, xenophilius_lovegood)	0
parent(ron_weasley, Z12)	parent(ron_weasley, james_potter)	0
parent(hugo_weasley, Z12)	parent(hugo_weasley, lily_potter)	0
parent(ron_weasley, Z3)	parent(ron_weasley, frank_longbottom)	0
parent(bill_weasley, Z12)	parent(bill_weasley, hermione_granger)	0
parent(percy_weasley, Z8)	parent(percy_weasley, xenophilius_lovegood)	0
parent(Z7, Z8)	parent(Z7, narcissa_malfoy)	0
parent(percy_weasley, Z6)	parent(percy_weasley, narcissa_malfoy)	0
parent(fred_weasley, Z10)	parent(fred_weasley, frank_longbottom)	0
ancestor(george_weasley, _EX1)	ancestor(X, Y) :- parent(X, Y)	0
parent(james_sirius_potter, Z2)	parent(james_sirius_potter, petunia_dursley)	0
parent(harry_potter, Z2)	parent(harry_potter, ginny_weasley)	0
parent(lily_luna_potter, Z12)	parent(lily_luna_potter, james_potter)	0
parent(lily_luna_potter, Z4)	parent(lily_luna_potter, alice_longbottom)	0
parent(albus_severus_potter, Z12)	parent(albus_severus_potter, alice_longbottom)	0
parent(bill_weasley, Z12)	parent(bill_weasley, lucius_malfoy)	0
ancestor(ginny_weasley, hugo_weasley)	ancestor(X, Y) :- ancestor(Z, Y), parent(X, Z)	0
parent(neville_longbottom, Z9)	parent(neville_longbottom, lily_potter)	0
parent(dudley_dursley, Z9)	parent(dudley_dursley, james_potter)	0
parent(fred_weasley, Z3)	parent(fred_weasley, molly_weasley)	0
parent(percy_weasley, Z12)	parent(percy_weasley, frank_longbottom)	0
parent(luna_lovegood, Z8)	parent(luna_lovegood, narcissa_malfoy)	0
parent(neville_longbottom, Z12)	parent(neville_longbottom, xenophilius_lovegood)	0
parent(rose_weasley, Z12)	parent(rose_weasley, harry_potter)	0
parent(ron_weasley, Z3)	parent(ron_weasley, ginny_weasley)	0
parent(james_sirius_potter, Z12)	parent(james_sirius_potter, frank_longbottom)	0
parent(draco_malfoy, Z11)	parent(draco_malfoy, narcissa_malfoy)	0
parent(charlie_weasley, Z12)	parent(charlie_weasley, hermione_granger)	0
parent(albus_severus_potter, Z3)	parent(albus_severus_potter, harry_potter)	0
parent(albus_severus_potter, Z4)	parent(albus_severus_potter, ginny_weasley)	0
parent(albus_severus_potter, Z4)	parent(albus_severus_potter, molly_weasley)	0
parent(neville_longbottom, Z11)	parent(neville_longbottom, james_potter)	0
parent(neville_longbottom, Z12)	parent(neville_longbottom, ginny_weasley)	0
parent(fred_weasley, Z8)	parent(fred_weasley, ron_weasley)	0
parent(lily_luna_potter, Z10)	parent(lily_luna_potter, lucius_malfoy)	0
parent(ron_weasley, Z3)	parent(ron_weasley, petunia_dursley)	0
parent(george_weasley, Z3)	parent(george_weasley, narcissa_malfoy)	0
parent(ginny_weasley, Z11)	parent(ginny_weasley, xenophilius_lovegood)	0
parent(percy_weasley, Z12)	parent(percy_weasley, ginny_weasley)	0
parent(luna_lovegood, Z9)	parent(luna_lovegood, alice_longbottom)	0
parent(ginny_weasley, Z3)	parent(ginny_weasley, lucius_malfoy)	0
parent(george_weasley, Z2)	parent(george_weasley, molly_weasley)	0
parent(james_sirius_potter, Z4)	parent(james_sirius_potter, ron_weasley)	0
parent(ginny_weasley, Z9)	parent(ginny_weasley, petunia_dursley)	0
parent(harry_potter, Z11)	parent(harry_potter, hermione_granger)	0
parent(percy_weasley, Z9)	parent(percy_weasley, alice_longbottom)	0
parent(lily_luna_potter, Z11)	parent(lily_luna_potter, vernon_dursley)	0
parent(harry_potter, Z11)	parent(harry_potter, petunia_dursley)	0
parent(petunia_dursley, james_potter)	parent(petunia_dursley, james_potter)	0
parent(bill_weasley, Z3)	parent(bill_weasley, molly_weasley)	0
parent(Z10, Z11)	parent(Z10, narcissa_malfoy)	0
parent(hugo_weasley, james_potter)	parent(hugo_weasley, james_potter)	0
ancestor(neville_longbottom, hugo_weasley)	ancestor(X, Y) :- ancestor(Z, Y), parent(X, Z)	0
parent(luna_lovegood, Z12)	parent(luna_lovegood, ginny_weasley)	0
parent(percy_weasley, Z9)	parent(percy_weasley, narcissa_malfoy)	0
parent(george_weasley, Z9)	parent(george_weasley, lucius_malfoy)	0
parent(fred_weasley, Z11)	parent(fred_weasley, ron_weasley)	0
parent(dudley_dursley, Z9)	parent(dudley_dursley, narcissa_malfoy)	0
parent(percy_weasley, Z11)	parent(percy_weasley, lucius_malfoy)	0
ancestor(rose_weasley, _EX3)	ancestor(X, Y) :- parent(X, Y)	0
parent(dudley_dursley, Z3)	parent(dudley_dursley, harry_potter)	0
parent(albus_severus_potter, Z2)	parent(albus_severus_potter, james_potter)	0
parent(bill_weasley, Z12)	parent(bill_weasley, lily_potter)	0
parent(charlie_weasley, Z8)	parent(charlie_weasley, petunia_dursley)	0
parent(dudley_dursley, Z12)	parent(dudley_dursley, lucius_malfoy)	0
parent(lily_luna_potter, Z10)	parent(lily_luna_potter, arthur_weasley)	0
parent(ron_weasley, Z9)	parent(ron_weasley, ron_weasley)	0
ancestor(george_weasley, _EX3)	ancestor(X, Y) :- parent(X, Y)	0
parent(Z2, Z3)	parent(Z2, lily_potter)	0
parent(george_weasley, Z3)	parent(george_weasley, alice_longbottom)	0
parent(luna_lovegood, Z12)	parent(luna_lovegood, xenophilius_lovegood)	0
parent(Z7, Z8)	parent(Z7, arthur_weasley)	0
parent(ron_weasley, Z10)	parent(ron_weasley, ginny_weasley)	0
parent(Z9, Z10)	parent(Z9, xenophilius_lovegood)	0
parent(draco_malfoy, Z12)	parent(draco_malfoy, arthur_weasley)	0
parent(percy_weasley, Z6)	parent(percy_weasley, ron_weasley)	0
parent(draco_malfoy, Z12)	parent(draco_malfoy, ginny_weasley)	0
parent(neville_longbottom, Z12)	parent(neville_longbottom, narcissa_malfoy)	0
parent(lily_luna_potter, Z10)	parent(lily_luna_potter, xenophilius_lovegood)	0
parent(draco_malfoy, Z9)	parent(draco_malfoy, molly_weasley)	0
parent(james_sirius_potter, Z6)	parent(james_sirius_potter, lily_potter)	0
ancestor(ron_weasley, hugo_weasley)	ancestor(X, Y) :- parent(X, Y)	0
parent(percy_weasley, Z2)	parent(percy_weasley, lily_potter)	0
parent(percy_weasley, Z11)	parent(percy_weasley, xenophilius_lovegood)	0
parent(dudley_dursley, Z2)	parent(dudley_dursley, frank_longbottom)	0
parent(draco_malfoy, Z6)	parent(draco_malfoy, frank_longbottom)	0
parent(ron_weasley, Z12)	parent(ron_weasley, hermione_granger)	0
parent(james_sirius_potter, Z8)	parent(james_sirius_potter, hermione_granger)	0
parent(lily_luna_potter, Z3)	parent(lily_luna_potter, lucius_malfoy)	0
parent(charlie_weasley, Z3)	parent(charlie_weasley, vernon_dursley)	0
parent(harry_potter, Z9)	parent(harry_potter, narcissa_malfoy)	0
parent(fred_weasley, Z8)	parent(fred_weasley, harry_potter)	0
parent(ron_weasley, Z10)	parent(ron_weasley, arthur_weasley)	0
parent(luna_lovegood, Z11)	parent(luna_lovegood, vernon_dursley)	0
parent(bill_weasley, Z11)	parent(bill_weasley, ron_weasley)	0
parent(george_weasley, Z10)	parent(george_weasley, lucius_malfoy)	0
parent(charlie_weasley, Z2)	parent(charlie_weasley, harry_potter)	0
parent(percy_weasley, Z9)	parent(percy_weasley, lily_potter)	0
parent(hugo_weasley, Z8)	parent(hugo_weasley, harry_potter)	0
parent(neville_longbottom, Z11)	parent(neville_longbottom, narcissa_malfoy)	0
parent(george_weasley, Z12)	parent(george_weasley, molly_weasley)	0
parent(bill_weasley, Z11)	parent(bill_weasley, narcissa_malfoy)	0
parent(rose_weasley, Z10)	parent(rose_weasley, molly_weasley)	0
ancestor(charlie_weasley, X)	ancestor(X, Y) :- parent(X, Y)	0
ancestor(neville_longbottom, P)	ancestor(X, Y) :- parent(X, Y)	0
parent(charlie_weasley, Z8)	parent(charlie_weasley, alice_longbottom)	0
parent(albus_severus_potter, Z2)	parent(albus_severus_potter, arthur_weasley)	0
ancestor(P, _EX1)	ancestor(X, Y) :- ancestor(Z, Y), parent(X, Z)	0
parent(harry_potter, Z3)	parent(harry_potter, ginny_weasley)	0
parent(rose_weasley, Z9)	parent(rose_weasley, ron_weasley)	0
parent(rose_weasley, Z10)	parent(rose_weasley, frank_longbottom)	0
hates(_EX3, marge_dursley)	hates(X, Y) :- deatheater(X), muggleborn(Y)	0
ancestor(hugo_weasley, _EX3)	ancestor(X, Y) :- ancestor(Z, Y), parent(X, Z)	0
parent(fred_weasley, Z10)	parent(fred_weasley, harry_potter)	0
parent(james_sirius_potter, Z6)	parent(james_sirius_potter, molly_weasley)	0
parent(albus_severus_potter, Z11)	parent(albus_severus_potter, lily_potter)	0
parent(albus_severus_potter, Z2)	parent(albus_severus_potter, xenophilius_lovegood)	0
parent(albus_severus_potter, Z3)	parent(albus_severus_potter, lucius_malfoy)	0
parent(Z11, Z12)	parent(Z11, frank_longbottom)	0
parent(_EX5, Z0)	parent(_EX5, hermione_granger)	0
parent(rose_weasley, Z10)	parent(rose_weasley, hermione_granger)	0
parent(albus_severus_potter, Z12)	parent(albus_severus_potter, narcissa_malfoy)	0
parent(percy_weasley, Z6)	parent(percy_weasley, arthur_weasley)	0
parent(fred_weasley, Z11)	parent(fred_weasley, petunia_dursley)	0
parent(hugo_weasley, Z2)	parent(hugo_weasley, narcissa_malfoy)	0
parent(dudley_dursley, Z11)	parent(dudley_dursley, arthur_weasley)	0
parent(neville_longbottom, Z9)	parent(neville_longbottom, molly_weasley)	0
ancestor(neville_longbottom, _EX1)	ancestor(X, Y) :- ancestor(Z, Y), parent(X, Z)	0
parent(bill_weasley, Z3)	parent(bill_weasley, frank_longbottom)	0
parent(draco_malfoy, Z9)	parent(draco_malfoy, vernon_dursley)	0
parent(neville_longbottom, james_potter)	parent(neville_longbottom, james_potter)	0
parent(harry_potter, Z12)	parent(harry_potter, frank_longbottom)	0
parent(albus_severus_potter, Z11)	parent(albus_severus_potter, petunia_dursley)	0
parent(lily_luna_potter, Z3)	parent(lily_luna_potter, lily_potter)	0
parent(bill_weasley, Z3)	parent(bill_weasley, vernon_dursley)	0
ancestor(ron_weasley, Z)	ancestor(X, Y) :- parent(X, Y)	0
parent(charlie_weasley, Z2)	parent(charlie_weasley, ron_weasley)	0
parent(Y, Z0)	parent(Y, molly_weasley)	0
parent(ron_weasley, Z11)	parent(ron_weasley, hermione_granger)	0
parent(harry_potter, Z10)	parent(harry_potter, hermione_granger)	0
ancestor(albus_severus_potter, Y)	ancestor(X, Y) :- parent(X, Y)	0
parent(neville_longbottom, Z9)	parent(neville_longbottom, vernon_dursley)	0
parent(james_sirius_potter, Z2)	parent(james_sirius_potter, hermione_granger)	0
parent(lily_luna_potter, Z3)	parent(lily_luna_potter, narcissa_malfoy)	0
parent(hugo_weasley, Z2)	parent(hugo_weasley, harry_potter)	0
parent(rose_weasley, Z4)	parent(rose_weasley, petunia_dursley)	0
parent(rose_weasley, Z11)	parent(rose_weasley, frank_longbottom)	0
parent(draco_malfoy, arthur_weasley)	parent(draco_malfoy, arthur_weasley)	0
hates(Y, argus_filch)	hates(X, Y) :- deatheater(X), muggleborn(Y)	0
ancestor(dudley_dursley, albus_severus_potter)	ancestor(X, Y) :- ancestor(Z, Y), parent(X, Z)	0
ancestor(dudley_dursley, _EX3)	ancestor(X, Y) :- ancestor(Z, Y), parent(X, Z)	0
parent(rose_weasley, Z10)	parent(rose_weasley, vernon_dursley)	0
parent(luna_lovegood, Z8)	parent(luna_lovegood, harry_potter)	0
parent(harry_potter, arthur_weasley)	parent(harry_potter, arthur_weasley)	0
parent(george_weasley, Z9)	parent(george_weasley, alice_longbottom)	0
hates(Z, petunia_dursley)	hates(X, Y) :- deatheater(X), squib(Y)	0
ancestor(dudley_dursley, Y)	ancestor(X, Y) :- parent(X, Y)	0
parent(Z8, Z9)	parent(Z8, alice_longbottom)	0
parent(luna_lovegood, Z8)	parent(luna_lovegood, ron_weasley)	0
parent(charlie_weasley, Z3)	parent(charlie_weasley, harry_potter)	0
parent(james_sirius_potter, Z3)	parent(james_sirius_potter, frank_longbottom)	0
parent(charlie_weasley, Z10)	parent(charlie_weasley, xenophilius_lovegood)	0
parent(harry_potter, Z3)	parent(harry_potter, vernon_dursley)	0
parent(george_weasley, Z3)	parent(george_weasley, ginny_weasley)	0
parent(lily_luna_potter, Z11)	parent(lily_luna_potter, molly_weasley)	0
parent(harry_potter, Z12)	parent(harry_potter, ron_weasley)	0
parent(luna_lovegood, Z6)	parent(luna_lovegood, ron_weasley)	0
parent(fred_weasley, Z10)	parent(fred_weasley, lucius_malfoy)	0
parent(Z4, Z5)	parent(Z4, alice_longbottom)	0
parent(charlie_weasley, Z3)	parent(charlie_weasley, arthur_weasley)	0
parent(dudley_dursley, Z11)	parent(dudley_dursley, hermione_granger)	0
parent(rose_weasley, Z9)	parent(rose_weasley, hermione_granger)	0
parent(ron_weasley, Z2)	parent(ron_weasley, lily_potter)	0
parent(harry_potter, Z10)	parent(harry_potter, harry_potter)	0
parent(draco_malfoy, Z12)	parent(draco_malfoy, narcissa_malfoy)	0
ancestor(rose_weasley, lily_luna_potter)	ancestor(X, Y) :- parent(X, Y)	0
parent(draco_malfoy, Z2)	parent(draco_malfoy, ron_weasley)	0
parent(charlie_weasley, Z10)	parent(charlie_weasley, narcissa_malfoy)	0
parent(lily_luna_potter, Z8)	parent(lily_luna_potter, ron_weasley)	0
parent(hugo_weasley, Z8)	parent(hugo_weasley, alice_longbottom)	0
parent(hugo_weasley, Z9)	parent(hugo_weasley, arthur_weasley)	0
wizard(severus_snape)	wizard(X) :- male(X), pure_blood(X)	0
ancestor(bill_weasley, X)	ancestor(X, Y) :- ancestor(Z, Y), parent(X, Z)	0
parent(rose_weasley, Z11)	parent(rose_weasley, vernon_dursley)	0
parent(hugo_weasley, Z8)	parent(hugo_weasley, frank_longbottom)	0
parent(neville_longbottom, Z3)	parent(neville_longbottom, frank_longbottom)	0
parent(rose_weasley, Z6)	parent(rose_weasley, ginny_weasley)	0
parent(ginny_weasley, Z11)	parent(ginny_weasley, harry_potter)	0
parent(fred_weasley, Z12)	parent(fred_weasley, petunia_dursley)	0
parent(luna_lovegood, Z6)	parent(luna_lovegood, alice_longbottom)	0
parent(draco_malfoy, Z2)	parent(draco_malfoy, lucius_malfoy)	0
parent(Z6, Z7)	parent(Z6, lucius_malfoy)	0
parent(charlie_weasley, Z6)	parent(charlie_weasley, hermione_granger)	0
parent(charlie_weasley, Z2)	parent(charlie_weasley, molly_weasley)	0
parent(james_sirius_potter, Z4)	parent(james_sirius_potter, narcissa_malfoy)	0
parent(percy_weasley, Z8)	parent(percy_weasley, ginny_weasley)	0
parent(james_sirius_potter, Z9)	parent(james_sirius_potter, alice_longbottom)	0
parent(charlie_weasley, Z3)	parent(charlie_weasley, ron_weasley)	0
parent(percy_weasley, Z3)	parent(percy_weasley, lily_potter)	0
parent(luna_lovegood, Z6)	parent(luna_lovegood, hermione_granger)	0
parent(Y, Z0)	parent(Y, arthur_weasley)	0
parent(hugo_weasley, Z9)	parent(hugo_weasley, ginny_weasley)	0
parent(george_weasley, Z9)	parent(george_weasley, ron_weasley)	0
ancestor(james_sirius_potter, X)	ancestor(X, Y) :- ancestor(Z, Y), parent(X, Z)	0
parent(james_sirius_potter, Z9)	parent(james_sirius_potter, vernon_dursley)	0
parent(rose_weasley, Z8)	parent(rose_weasley, james_potter)	0
ancestor(ron_weasley, _EX1)	ancestor(X, Y) :- parent(X, Y)	0
parent(lily_luna_potter, Z11)	parent(lily_luna_potter, harry_potter)	0
parent(rose_weasley, Z2)	parent(rose_weasley, alice_longbottom)	0
parent(petunia_dursley, Z0)	parent(petunia_dursley, arthur_weasley)	0
parent(fred_weasley, Z10)	parent(fred_weasley, james_potter)	0
parent(george_weasley, Z11)	parent(george_weasley, lucius_malfoy)	0
parent(Y, Z0)	parent(Y, vernon_dursley)	0
parent(albus_severus_potter, Z9)	parent(albus_severus_potter, hermione_granger)	0
parent(harry_potter, Z12)	parent(harry_potter, lucius_malfoy)	0
parent(percy_weasley, Z10)	parent(percy_weasley, james_potter)	0
parent(james_sirius_potter, molly_weasley)	parent(james_sirius_potter, molly_weasley)	0
parent(james_sirius_potter, Z8)	parent(james_sirius_potter, narcissa_malfoy)	0
parent(neville_longbottom, Z3)	parent(neville_longbottom, ron_weasley)	0
parent(ron_weasley, Z9)	parent(ron_weasley, xenophilius_lovegood)	0
parent(bill_weasley, Z10)	parent(bill_weasley, arthur_weasley)	0
parent(james_sirius_potter, Z4)	parent(james_sirius_potter, xenophilius_lovegood)	0
ancestor(charlie_weasley, albus_severus_potter)	ancestor(X, Y) :- ancestor(Z, Y), parent(X, Z)	0
parent(harry_potter, Z2)	parent(harry_potter, lily_potter)	0
parent(bill_weasley, Z3)	parent(bill_weasley, petunia_dursley)	0
parent(ron_weasley, Z3)	parent(ron_weasley, james_potter)	0
ancestor(harry_potter, X)	ancestor(X, Y) :- parent(X, Y)	0
ancestor(harry_potter, hugo_weasley)	ancestor(X, Y) :- ancestor(Z, Y), parent(X, Z)	0
parent(ron_weasley, Z6)	parent(ron_weasley, james_potter)	0
parent(hugo_weasley, Z12)	parent(hugo_weasley, ginny_weasley)	0
parent(james_sirius_potter, Z6)	parent(james_sirius_potter, petunia_dursley)	0
parent(lily_luna_potter, lily_potter)	parent(lily_luna_potter, lily_potter)	0
parent(Z6, Z7)	parent(Z6, alice_longbottom)	0
parent(draco_malfoy, Z11)	parent(draco_malfoy, frank_longbottom)	0
parent(bill_weasley, Z11)	parent(bill_weasley, frank_longbottom)	0
parent(james_sirius_potter, Z8)	parent(james_sirius_potter, lucius_malfoy)	0
parent(dudley_dursley, Z9)	parent(dudley_dursley, hermione_granger)	0
parent(bill_weasley, Z11)	parent(bill_weasley, vernon_dursley)	0
parent(Z4, Z5)	parent(Z4, petunia_dursley)	0
parent(harry_potter, Z9)	parent(harry_potter, petunia_dursley)	0
parent(james_sirius_potter, Z8)	parent(james_sirius_potter, james_potter)	0
parent(percy_weasley, Z6)	parent(percy_weasley, lucius_malfoy)	0
ancestor(hugo_weasley, albus_severus_potter)	ancestor(X, Y) :- ancestor(Z, Y), parent(X, Z)	0
ancestor(ginny_weasley, draco_malfoy)	ancestor(X, Y) :- parent(X, Y)	0
parent(lily_luna_potter, Z10)	parent(lily_luna_potter, alice_longbottom)	0
ancestor(percy_weasley, Z)	ancestor(X, Y) :- ancestor(Z, Y), parent(X, Z)	0
parent(albus_severus_potter, Z9)	parent(albus_severus_potter, james_potter)	0
parent(bill_weasley, Z2)	parent(bill_weasley, ron_weasley)	0
ancestor(draco_malfoy, lily_luna_potter)	ancestor(X, Y) :- ancestor(Z, Y), parent(X, Z)	0
parent(harry_potter, Z2)	parent(harry_potter, xenophilius_lovegood)	0
parent(harry_potter, Z3)	parent(harry_potter, narcissa_malfoy)	0
parent(luna_lovegood, Z4)	parent(luna_lovegood, ginny_weasley)	0
parent(Z1, Z2)	parent(Z1, petunia_dursley)	0
parent(rose_weasley, Z8)	parent(rose_weasley, molly_weasley)	0
parent(bill_weasley, Z2)	parent(bill_weasley, narcissa_malfoy)	0
parent(ron_weasley, Z10)	parent(ron_weasley, hermione_granger)	0
parent(luna_lovegood, Z6)	parent(luna_lovegood, lily_potter)	0
parent(Z10, Z11)	parent(Z10, frank_longbottom)	0
parent(Z9, Z10)	parent(Z9, vernon_dursley)	0
parent(james_sirius_potter, Z2)	parent(james_sirius_potter, narcissa_malfoy)	0
parent(charlie_weasley, Z10)	parent(charlie_weasley, vernon_dursley)	0
parent(lily_luna_potter, Z8)	parent(lily_luna_potter, arthur_weasley)	0
ancestor(neville_longbottom, harry_potter)	ancestor(X, Y) :- parent(X, Y)	0
parent(luna_lovegood, Z9)	parent(luna_lovegood, ginny_weasley)	0
parent(rose_weasley, Z8)	parent(rose_weasley, hermione_granger)	0
parent(lily_luna_potter, Z4)	parent(lily_luna_potter, lucius_malfoy)	0
parent(george_weasley, Z3)	parent(george_weasley, xenophilius_lovegood)	0
parent(lily_luna_potter, Z9)	parent(lily_luna_potter, narcissa_malfoy)	0
parent(lily_luna_potter, Z12)	parent(lily_luna_potter, molly_weasley)	0
parent(luna_lovegood, Z4)	parent(luna_lovegood, harry_potter)	0
parent(fred_weasley, Z10)	parent(fred_weasley, xenophilius_lovegood)	0
parent(lily_luna_potter, Z6)	parent(lily_luna_potter, hermione_granger)	0
parent(percy_weasley, Z2)	parent(percy_weasley, alice_longbottom)	0
parent(draco_malfoy, Z2)	parent(draco_malfoy, molly_weasley)	0
parent(george_weasley, Z12)	parent(george_weasley, alice_longbottom)	0
ancestor(albus_severus_potter, draco_malfoy)	ancestor(X, Y) :- parent(X, Y)	0
parent(harry_potter, Z2)	parent(harry_potter, molly_weasley)	0
ancestor(neville_longbottom, draco_malfoy)	ancestor(X, Y) :- parent(X, Y)	0
parent(Z11, Z12)	parent(Z11, lily_potter)	0
parent(percy_weasley, Z2)	parent(percy_weasley, narcissa_malfoy)	0
parent(ginny_weasley, Z2)	parent(ginny_weasley, molly_weasley)	0
parent(Z3, Z4)	parent(Z3, vernon_dursley)	0
parent(albus_severus_potter, Z9)	parent(albus_severus_potter, arthur_weasley)	0
parent(james_sirius_potter, Z11)	parent(james_sirius_potter, ron_weasley)	0
parent(rose_weasley, Z12)	parent(rose_weasley, lily_potter)	0
parent(dudley_dursley, Z10)	parent(dudley_dursley, vernon_dursley)	0
parent(percy_weasley, Z11)	parent(percy_weasley, narcissa_malfoy)	0
parent(james_sirius_potter, Z3)	parent(james_sirius_potter, lily_potter)	0
ancestor(george_weasley, draco_malfoy)	ancestor(X, Y) :- ancestor(Z, Y), parent(X, Z)	0
ancestor(lily_luna_potter, Y)	ancestor(X, Y) :- parent(X, Y)	0
parent(george_weasley, Z2)	parent(george_weasley, james_potter)	0
parent(albus_severus_potter, Z9)	parent(albus_severus_potter, xenophilius_lovegood)	0
parent(lily_luna_potter, Z10)	parent(lily_luna_potter, hermione_granger)	0
parent(bill_weasley, Z11)	parent(bill_weasley, james_potter)	0
parent(rose_weasley, Z4)	parent(rose_weasley, hermione_granger)	0
ancestor(harry_potter, albus_severus_potter)	ancestor(X, Y) :- ancestor(Z, Y), parent(X, Z)	0
parent(george_weasley, Z11)	parent(george_weasley, alice_longbottom)	0
parent(neville_longbottom, molly_weasley)	parent(neville_longbottom, molly_weasley)	0
parent(fred_weasley, Z10)	parent(fred_weasley, arthur_weasley)	0
parent(ron_weasley, molly_weasley)	parent(ron_weasley, molly_weasley)	0
parent(luna_lovegood, Z12)	parent(luna_lovegood, hermione_granger)	0
parent(percy_weasley, Z9)	parent(percy_weasley, molly_weasley)	0
hates(_EX1, myrtle_warren)	hates(X, Y) :- deatheater(X), muggle(Y)	0
parent(lily_luna_potter, Z4)	parent(lily_luna_potter, lily_potter)	0
parent(ginny_weasley, Z2)	parent(ginny_weasley, ginny_weasley)	0
ancestor(P, Y)	ancestor(X, Y) :- ancestor(Z, Y), parent(X, Z)	0
parent(Z3, Z4)	parent(Z3, molly_weasley)	0
parent(harry_potter, Z12)	parent(harry_potter, james_potter)	0
parent(lily_luna_potter, Z2)	parent(lily_luna_potter, harry_potter)	0
parent(rose_weasley, Z11)	parent(rose_weasley, arthur_weasley)	0
parent(hugo_weasley, Z9)	parent(hugo_weasley, frank_longbottom)	0
parent(lily_luna_potter, Z4)	parent(lily_luna_potter, xenophilius_lovegood)	0
parent(james_sirius_potter, Z11)	parent(james_sirius_potter, alice_longbottom)	0
parent(charlie_weasley, Z10)	parent(charlie_weasley, harry_potter)	0
parent(charlie_weasley, Z9)	parent(charlie_weasley, ron_weasley)	0
parent(lily_luna_potter, Z10)	parent(lily_luna_potter, ginny_weasley)	0
parent(albus_severus_potter, Z11)	parent(albus_severus_potter, molly_weasley)	0
parent(Z11, Z12)	parent(Z11, lucius_malfoy)	0
ancestor(luna_lovegood, P)	ancestor(X, Y) :- ancestor(Z, Y), parent(X, Z)	0
parent(rose_weasley, Z6)	parent(rose_weasley, arthur_weasley)	0
ancestor(george_weasley, harry_potter)	ancestor(X, Y) :- ancestor(Z, Y), parent(X, Z)	0
parent(luna_lovegood, Z6)	parent(luna_lovegood, petunia_dursley)	0
parent(fred_weasley, Z2)	parent(fred_weasley, frank_longbottom)	0
parent(percy_weasley, Z3)	parent(percy_weasley, xenophilius_lovegood)	0
parent(percy_weasley, Z11)	parent(percy_weasley, lily_potter)	0
parent(ginny_weasley, Z11)	parent(ginny_weasley, arthur_weasley)	0
parent(george_weasley, Z9)	parent(george_weasley, xenophilius_lovegood)	0
parent(draco_malfoy, Z11)	parent(draco_malfoy, hermione_granger)	0
parent(hugo_weasley, Z10)	parent(hugo_weasley, lily_potter)	0
ancestor(bill_weasley, Y)	ancestor(X, Y) :- ancestor(Z, Y), parent(X, Z)	0
parent(hugo_weasley, Z12)	parent(hugo_weasley, frank_longbottom)	0
parent(harry_potter, Z3)	parent(harry_potter, xenophilius_lovegood)	0
parent(fred_weasley, Z9)	parent(fred_weasley, harry_potter)	0
parent(harry_potter, Z11)	parent(harry_potter, lucius_malfoy)	0
parent(Z1, Z2)	parent(Z1, lucius_malfoy)	0
parent(charlie_weasley, Z10)	parent(charlie_weasley, ron_weasley)	0
parent(george_weasley, Z12)	parent(george_weasley, james_potter)	0
parent(james_sirius_potter, Z6)	parent(james_sirius_potter, hermione_granger)	0
parent(dudley_dursley, Z4)	parent(dudley_dursley, harry_potter)	0
parent(percy_weasley, Z9)	parent(percy_weasley, vernon_dursley)	0
parent(ron_weasley, Z8)	parent(ron_weasley, ron_weasley)	0
parent(rose_weasley, Z10)	parent(rose_weasley, petunia_dursley)	0
parent(Z8, Z9)	parent(Z8, vernon_dursley)	0
parent(ginny_weasley, arthur_weasley)	parent(ginny_weasley, arthur_weasley)	0
parent(fred_weasley, Z4)	parent(fred_weasley, lily_potter)	0
parent(hugo_weasley, Z11)	parent(hugo_weasley, frank_longbottom)	0
parent(draco_malfoy, Z11)	parent(draco_malfoy, xenophilius_lovegood)	0
parent(charlie_weasley, Z9)	parent(charlie_weasley, molly_weasley)	0
ancestor(ron_weasley, X)	ancestor(X, Y) :- ancestor(Z, Y), parent(X, Z)	0
parent(dudley_dursley, Z12)	parent(dudley_dursley, harry_potter)	0
parent(rose_weasley, Z10)	parent(rose_weasley, ginny_weasley)	0
ancestor(ginny_weasley, X)	ancestor(X, Y) :- ancestor(Z, Y), parent(X, Z)	0
parent(Z8, Z9)	parent(Z8, narcissa_malfoy)	0
parent(lily_luna_potter, Z3)	parent(lily_luna_potter, ginny_weasley)	0
parent(bill_weasley, Z11)	parent(bill_weasley, molly_weasley)	0
parent(ginny_weasley, Z12)	parent(ginny_weasley, molly_weasley)	0
parent(albus_severus_potter, Z2)	parent(albus_severus_potter, lily_potter)	0
parent(lily_luna_potter, Z3)	parent(lily_luna_potter, xenophilius_lovegood)	0
muggle(myrtle_warren)	muggle(myrtle_warren)	0
parent(james_sirius_potter, Z8)	parent(james_sirius_potter, frank_longbottom)	0
ancestor(albus_severus_potter, Z)	ancestor(X, Y) :- ancestor(Z, Y), parent(X, Z)	0
parent(ginny_weasley, Z9)	parent(ginny_weasley, arthur_weasley)	0
parent(rose_weasley, Z11)	parent(rose_weasley, petunia_dursley)	0
ancestor(hugo_weasley, Y)	ancestor(X, Y) :- parent(X, Y)	0
parent(percy_weasley, Z3)	parent(percy_weasley, molly_weasley)	0
parent(charlie_weasley, Z2)	parent(charlie_weasley, lucius_malfoy)	0
ancestor(draco_malfoy, draco_malfoy)	ancestor(X, Y) :- ancestor(Z, Y), parent(X, Z)	0
parent(Z6, Z7)	parent(Z6, petunia_dursley)	0
parent(percy_weasley, Z12)	parent(percy_weasley, alice_longbottom)	0
parent(harry_potter, james_potter)	parent(harry_potter, james_potter)	0
parent(lily_luna_potter, Z2)	parent(lily_luna_potter, vernon_dursley)	0
parent(ron_weasley, Z12)	parent(ron_weasley, arthur_weasley)	0
parent(harry_potter, Z4)	parent(harry_potter, harry_potter)	0
parent(bill_weasley, lily_potter)	parent(bill_weasley, lily_potter)	0
parent(lily_luna_potter, Z10)	parent(lily_luna_potter, harry_potter)	0
parent(ginny_weasley, Z2)	parent(ginny_weasley, harry_potter)	0
parent(Z0, Z1)	parent(Z0, james_potter)	0
parent(ron_weasley, Z11)	parent(ron_weasley, alice_longbottom)	0
parent(charlie_weasley, Z11)	parent(charlie_weasley, lily_potter)	0
ancestor(bill_weasley, lily_luna_potter)	ancestor(X, Y) :- parent(X, Y)	0
parent(percy_weasley, Z2)	parent(percy_weasley, arthur_weasley)	0
parent(bill_weasley, Z3)	parent(bill_weasley, hermione_granger)	0
parent(rose_weasley, Z11)	parent(rose_weasley, ginny_weasley)	0
parent(percy_weasley, Z10)	parent(percy_weasley, ron_weasley)	0
parent(ron_weasley, Z3)	parent(ron_weasley, harry_potter)	0
parent(albus_severus_potter, Z8)	parent(albus_severus_potter, ginny_weasley)	0
parent(albus_severus_potter, Z8)	parent(albus_severus_potter, molly_weasley)	0
parent(Z4, molly_weasley)	parent(Z4, molly_weasley)	0
parent(george_weasley, Z3)	parent(george_weasley, lily_potter)	0
parent(dudley_dursley, Z2)	parent(dudley_dursley, narcissa_malfoy)	0
parent(ron_weasley, Z6)	parent(ron_weasley, lily_potter)	0
parent(ginny_weasley, Z12)	parent(ginny_weasley, arthur_weasley)	0
parent(draco_malfoy, Z9)	parent(draco_malfoy, narcissa_malfoy)	0
parent(ron_weasley, Z2)	parent(ron_weasley, james_potter)	0
parent(bill_weasley, Z2)	parent(bill_weasley, ginny_weasley)	0
parent(charlie_weasley, Z8)	parent(charlie_weasley, molly_weasley)	0
parent(ron_weasley, Z6)	parent(ron_weasley, petunia_dursley)	0
member_of(Y0, dumbledores_army)	member_of(peter_pettigrew, dumbledores_army)	0
parent(james_sirius_potter, Z12)	parent(james_sirius_potter, alice_longbottom)	0
parent(Y, Z0)	parent(Y, lily_potter)	0
parent(Z8, Z9)	parent(Z8, james_potter)	0
enemy(_EX1, lucius_malfoy)	enemy(X, Y) :- member_of(X, death_eaters), member_of(Y, dumbledores_army)	0
parent(james_sirius_potter, Z6)	parent(james_sirius_potter, vernon_dursley)	0
parent(neville_longbottom, Z2)	parent(neville_longbottom, arthur_weasley)	0
parent(dudley_dursley, Z9)	parent(dudley_dursley, arthur_weasley)	0
ancestor(james_sirius_potter, Y)	ancestor(X, Y) :- ancestor(Z, Y), parent(X, Z)	0
parent(albus_severus_potter, Z12)	parent(albus_severus_potter, hermione_granger)	0
ancestor(luna_lovegood, lily_luna_potter)	ancestor(X, Y) :- parent(X, Y)	0
parent(rose_weasley, Z11)	parent(rose_weasley, ron_weasley)	0
parent(bill_weasley, Z2)	parent(bill_weasley, james_potter)	0
parent(rose_weasley, Z6)	parent(rose_weasley, james_potter)	0
parent(george_weasley, Z10)	parent(george_weasley, alice_longbottom)	0
parent(ron_weasley, Z12)	parent(ron_weasley, xenophilius_lovegood)	0
ancestor(Z, harry_potter)	ancestor(X, Y) :- ancestor(Z, Y), parent(X, Z)	0
enemy(P, padma_patil)	enemy(X, Y) :- member_of(X, order_of_the_phoenix), member_of(Y, death_eaters)	0
parent(draco_malfoy, Z3)	parent(draco_malfoy, james_potter)	0
parent(ginny_weasley, Z9)	parent(ginny_weasley, lucius_malfoy)	0
parent(fred_weasley, Z8)	parent(fred_weasley, molly_weasley)	0
parent(fred_weasley, Z2)	parent(fred_weasley, harry_potter)	0
parent(Z7, Z8)	parent(Z7, lucius_malfoy)	0
parent(ginny_weasley, Z3)	parent(ginny_weasley, james_potter)	0
parent(george_weasley, Z11)	parent(george_weasley, frank_longbottom)	0
parent(ron_weasley, Z3)	parent(ron_weasley, molly_weasley)	0
parent(james_sirius_potter, Z11)	parent(james_sirius_potter, xenophilius_lovegood)	0
parent(draco_malfoy, Z4)	parent(draco_malfoy, ginny_weasley)	0
parent(harry_potter, Z11)	parent(harry_potter, james_potter)	0
ancestor(fred_weasley, _EX3)	ancestor(X, Y) :- ancestor(Z, Y), parent(X, Z)	0
parent(hugo_weasley, Z2)	parent(hugo_weasley, james_potter)	0
parent(lily_luna_potter, Z3)	parent(lily_luna_potter, harry_potter)	0
parent(fred_weasley, Z8)	parent(fred_weasley, ginny_weasley)	0
parent(Z4, arthur_weasley)	parent(Z4, arthur_weasley)	0
parent(hugo_weasley, Z11)	parent(hugo_weasley, xenophilius_lovegood)	0
parent(ron_weasley, Z11)	parent(ron_weasley, ron_weasley)	0
parent(neville_longbottom, Z12)	parent(neville_longbottom, james_potter)	0
parent(rose_weasley, Z12)	parent(rose_weasley, narcissa_malfoy)	0
parent(james_sirius_potter, Z9)	parent(james_sirius_potter, ginny_weasley)	0
parent(fred_weasley, Z10)	parent(fred_weasley, molly_weasley)	0
parent(rose_weasley, Z10)	parent(rose_weasley, xenophilius_lovegood)	0
parent(hugo_weasley, Z10)	parent(hugo_weasley, vernon_dursley)	0
ancestor(dudley_dursley, _EX1)	ancestor(X, Y) :- ancestor(Z, Y), parent(X, Z)	0
parent(harry_potter, Z11)	parent(harry_potter, xenophilius_lovegood)	0
parent(fred_weasley, Z11)	parent(fred_weasley, molly_weasley)	0
parent(luna_lovegood, Z9)	parent(luna_lovegood, ron_weasley)	0
ancestor(albus_severus_potter, lily_luna_potter)	ancestor(X, Y) :- parent(X, Y)	0
parent(Z9, Z10)	parent(Z9, narcissa_malfoy)	0
parent(draco_malfoy, Z12)	parent(draco_malfoy, harry_potter)	0
parent(george_weasley, Z10)	parent(george_weasley, ron_weasley)	0
parent(fred_weasley, Z3)	parent(fred_weasley, petunia_dursley)	0
parent(dudley_dursley, Z12)	parent(dudley_dursley, ron_weasley)	0
ancestor(lily_luna_potter, draco_malfoy)	ancestor(X, Y) :- parent(X, Y)	0
parent(percy_weasley, Z12)	parent(percy_weasley, ron_weasley)	0
ancestor(draco_malfoy, _EX3)	ancestor(X, Y) :- parent(X, Y)	0
enemy(lucius_malfoy, _EX3)	enemy(X, Y) :- member_of(X, order_of_the_phoenix), member_of(Y, death_eaters)	0
parent(george_weasley, Z11)	parent(george_weasley, xenophilius_lovegood)	0
parent(charlie_weasley, Z12)	parent(charlie_weasley, xenophilius_lovegood)	0
parent(ginny_weasley, Z3)	parent(ginny_weasley, frank_longbottom)	0
ancestor(percy_weasley, _EX3)	ancestor(X, Y) :- parent(X, Y)	0
ancestor(lily_luna_potter, P)	ancestor(X, Y) :- parent(X, Y)	0
parent(james_sirius_potter, Z6)	parent(james_sirius_potter, james_potter)	0
parent(fred_weasley, Z11)	parent(fred_weasley, ginny_weasley)	0
parent(rose_weasley, Z9)	parent(rose_weasley, lily_potter)	0
parent(fred_weasley, Z2)	parent(fred_weasley, lucius_malfoy)	0
parent(percy_weasley, Z10)	parent(percy_weasley, hermione_granger)	0
parent(james_sirius_potter, Z11)	parent(james_sirius_potter, harry_potter)	0
parent(bill_weasley, Z11)	parent(bill_weasley, hermione_granger)	0
parent(petunia_dursley, Z0)	parent(petunia_dursley, alice_longbottom)	0
ancestor(james_sirius_potter, lily_luna_potter)	ancestor(X, Y) :- ancestor(Z, Y), parent(X, Z)	0
ancestor(percy_weasley, Y)	ancestor(X, Y) :- parent(X, Y)	0
parent(dudley_dursley, lily_potter)	parent(dudley_dursley, lily_potter)	0
parent(ginny_weasley, Z12)	parent(ginny_weasley, harry_potter)	0
parent(bill_weasley, Z3)	parent(bill_weasley, arthur_weasley)	0
parent(lily_luna_potter, Z6)	parent(lily_luna_potter, lily_potter)	0
parent(bill_weasley, Z11)	parent(bill_weasley, lucius_malfoy)	0
parent(ginny_weasley, Z3)	parent(ginny_weasley, lily_potter)	0
parent(Z8, Z9)	parent(Z8, lucius_malfoy)	0
parent(percy_weasley, Z2)	parent(percy_weasley, lucius_malfoy)	0
parent(lily_luna_potter, Z10)	parent(lily_luna_potter, vernon_dursley)	0
parent(lily_luna_potter, Z9)	parent(lily_luna_potter, xenophilius_lovegood)	0
parent(neville_longbottom, Z9)	parent(neville_longbottom, lucius_malfoy)	0
parent(Z1, Z2)	parent(Z1, hermione_granger)	0
parent(ron_weasley, Z10)	parent(ron_weasley, alice_longbottom)	0
parent(rose_weasley, Z8)	parent(rose_weasley, ginny_weasley)	0
parent(albus_severus_potter, Z3)	parent(albus_severus_potter, petunia_dursley)	0
parent(neville_longbottom, Z12)	parent(neville_longbottom, lily_potter)	0
parent(charlie_weasley, Z11)	parent(charlie_weasley, narcissa_malfoy)	0
parent(luna_lovegood, Z3)	parent(luna_lovegood, petunia_dursley)	0
parent(percy_weasley, Z12)	parent(percy_weasley, petunia_dursley)	0
ancestor(dudley_dursley, hugo_weasley)	ancestor(X, Y) :- parent(X, Y)	0
parent(ron_weasley, Z3)	parent(ron_weasley, ron_weasley)	0
parent(luna_lovegood, Z6)	parent(luna_lovegood, ginny_weasley)	0
parent(charlie_weasley, Z11)	parent(charlie_weasley, james_potter)	0
parent(bill_weasley, Z2)	parent(bill_weasley, molly_weasley)	0
ancestor(harry_potter, draco_malfoy)	ancestor(X, Y) :- ancestor(Z, Y), parent(X, Z)	0
parent(_EX1, Z1)	parent(_EX1, molly_weasley)	0
parent(lily_luna_potter, Z4)	parent(lily_luna_potter, hermione_granger)	0
parent(percy_weasley, Z12)	parent(percy_weasley, arthur_weasley)	0
parent(james_sirius_potter, Z3)	parent(james_sirius_potter, ron_weasley)	0
parent(luna_lovegood, Z8)	parent(luna_lovegood, lucius_malfoy)	0
ancestor(bill_weasley, draco_malfoy)	ancestor(X, Y) :- ancestor(Z, Y), parent(X, Z)	0
ancestor(ginny_weasley, _EX1)	ancestor(X, Y) :- parent(X, Y)	0
parent(fred_weasley, Z12)	parent(fred_weasley, molly_weasley)	0
parent(bill_weasley, Z3)	parent(bill_weasley, harry_potter)	0
parent(luna_lovegood, Z12)	parent(luna_lovegood, alice_longbottom)	0
parent(dudley_dursley, Z12)	parent(dudley_dursley, lily_potter)	0
parent(fred_weasley, Z11)	parent(fred_weasley, lily_potter)	0
parent(percy_weasley, Z11)	parent(percy_weasley, molly_weasley)	0
parent(draco_malfoy, Z3)	parent(draco_malfoy, petunia_dursley)	0
parent(george_weasley, Z2)	parent(george_weasley, petunia_dursley)	0
parent(george_weasley, Z10)	parent(george_weasley, lily_potter)	0
parent(draco_malfoy, Z3)	parent(draco_malfoy, arthur_weasley)	0
parent(james_sirius_potter, Z4)	parent(james_sirius_potter, vernon_dursley)	0
parent(dudley_dursley, Z11)	parent(dudley_dursley, lucius_malfoy)	0
parent(albus_severus_potter, Z10)	parent(albus_severus_potter, petunia_dursley)	0
hates(Z, petunia_dursley)	hates(X, Y) :- deatheater(X), muggleborn(Y)	0
parent(george_weasley, Z10)	parent(george_weasley, hermione_granger)	0
parent(luna_lovegood, Z6)	parent(luna_lovegood, harry_potter)	0
parent(albus_severus_potter, Z10)	parent(albus_severus_potter, vernon_dursley)	0
parent(draco_malfoy, Z12)	parent(draco_malfoy, ron_weasley)	0
ancestor(ron_weasley, Y)	ancestor(X, Y) :- ancestor(Z, Y), parent(X, Z)	0
parent(Z6, Z7)	parent(Z6, molly_weasley)	0
parent(harry_potter, Z10)	parent(harry_potter, james_potter)	0
parent(lily_luna_potter, Z3)	parent(lily_luna_potter, vernon_dursley)	0
parent(rose_weasley, Z6)	parent(rose_weasley, narcissa_malfoy)	0
parent(lily_luna_potter, Z4)	parent(lily_luna_potter, ginny_weasley)	0
parent(neville_longbottom, Z11)	parent(neville_longbottom, harry_potter)	0
ancestor(charlie_weasley, Y)	ancestor(X, Y) :- parent(X, Y)	0
ancestor(george_weasley, Y)	ancestor(X, Y) :- parent(X, Y)	0
parent(neville_longbottom, Z10)	parent(neville_longbottom, lily_potter)	0
parent(albus_severus_potter, Z11)	parent(albus_severus_potter, lucius_malfoy)	0
parent(james_sirius_potter, Z3)	parent(james_sirius_potter, hermione_granger)	0
muggleborn(dudley_dursley)	muggleborn(dudley_dursley)	0
parent(fred_weasley, Z2)	parent(fred_weasley, molly_weasley)	0
parent(draco_malfoy, Z12)	parent(draco_malfoy, lucius_malfoy)	0
parent(bill_weasley, Z9)	parent(bill_weasley, alice_longbottom)	0
parent(ron_weasley, Z11)	parent(ron_weasley, narcissa_malfoy)	0
parent(neville_longbottom, arthur_weasley)	parent(neville_longbottom, arthur_weasley)	0
parent(albus_severus_potter, Z3)	parent(albus_severus_potter, alice_longbottom)	0
ancestor(hugo_weasley, harry_potter)	ancestor(X, Y) :- ancestor(Z, Y), parent(X, Z)	0
parent(harry_potter, Z4)	parent(harry_potter, ginny_weasley)	0
parent(ron_weasley, Z3)	parent(ron_weasley, vernon_dursley)	0
parent(bill_weasley, Z11)	parent(bill_weasley, lily_potter)	0
parent(lily_luna_potter, Z11)	parent(lily_luna_potter, frank_longbottom)	0
parent(harry_potter, Z10)	parent(harry_potter, xenophilius_lovegood)	0
parent(james_sirius_potter, Z2)	parent(james_sirius_potter, ron_weasley)	0
parent(luna_lovegood, Z11)	parent(luna_lovegood, petunia_dursley)	0
parent(charlie_weasley, Z8)	parent(charlie_weasley, xenophilius_lovegood)	0
parent(dudley_dursley, Z10)	parent(dudley_dursley, molly_weasley)	0
parent(Z6, Z7)	parent(Z6, hermione_granger)	0
parent(charlie_weasley, Z9)	parent(charlie_weasley, lucius_malfoy)	0
ancestor(rose_weasley, hugo_weasley)	ancestor(X, Y) :- ancestor(Z, Y), parent(X, Z)	0
parent(fred_weasley, Z2)	parent(fred_weasley, ginny_weasley)	0
parent(george_weasley, Z2)	parent(george_weasley, lucius_malfoy)	0
parent(ron_weasley, Z10)	parent(ron_weasley, ron_weasley)	0
ancestor(albus_severus_potter, _EX3)	ancestor(X, Y) :- parent(X, Y)	0
ancestor(ginny_weasley, lily_luna_potter)	ancestor(X, Y) :- ancestor(Z, Y), parent(X, Z)	0
ancestor(harry_potter, Y)	ancestor(X, Y) :- ancestor(Z, Y), parent(X, Z)	0
parent(george_weasley, Z3)	parent(george_weasley, harry_potter)	0
parent(albus_severus_potter, Z3)	parent(albus_severus_potter, ginny_weasley)	0
parent(george_weasley, Z11)	parent(george_weasley, ron_weasley)	0
parent(albus_severus_potter, Z3)	parent(albus_severus_potter, molly_weasley)	0
parent(ginny_weasley, Z3)	parent(ginny_weasley, harry_potter)	0
parent(Z10, Z11)	parent(Z10, hermione_granger)	0
parent(ginny_weasley, Z9)	parent(ginny_weasley, vernon_dursley)	0
parent(neville_longbottom, Z11)	parent(neville_longbottom, lucius_malfoy)	0
parent(harry_potter, Z12)	parent(harry_potter, narcissa_malfoy)	0
parent(percy_weasley, Z2)	parent(percy_weasley, vernon_dursley)	0
parent(albus_severus_potter, Z2)	parent(albus_severus_potter, ginny_weasley)	0
parent(albus_severus_potter, Z2)	parent(albus_severus_potter, molly_weasley)	0
parent(dudley_dursley, Z2)	parent(dudley_dursley, hermione_granger)	0
ancestor(ron_weasley, lily_luna_potter)	ancestor(X, Y) :- ancestor(Z, Y), parent(X, Z)	0
parent(fred_weasley, Z12)	parent(fred_weasley, lily_potter)	0
parent(harry_potter, Z1)	parent(harry_potter, harry_potter)	0
parent(george_weasley, Z12)	parent(george_weasley, vernon_dursley)	0
parent(petunia_dursley, Z0)	parent(petunia_dursley, hermione_granger)	0
parent(bill_weasley, Z11)	parent(bill_weasley, arthur_weasley)	0
ancestor(fred_weasley, lily_luna_potter)	ancestor(X, Y) :- ancestor(Z, Y), parent(X, Z)	0
parent(Z3, Z4)	parent(Z3, james_potter)	0
parent(ron_weasley, Z2)	parent(ron_weasley, alice_longbottom)	0
parent(Z0, Z1)	parent(Z0, petunia_dursley)	0
parent(george_weasley, Z12)	parent(george_weasley, petunia_dursley)	0
parent(charlie_weasley, Z12)	parent(charlie_weasley, alice_longbottom)	0
parent(james_sirius_potter, Z2)	parent(james_sirius_potter, alice_longbottom)	0
ancestor(rose_weasley, Y)	ancestor(X, Y) :- parent(X, Y)	0
parent(charlie_weasley, Z9)	parent(charlie_weasley, james_potter)	0
parent(dudley_dursley, Z9)	parent(dudley_dursley, lucius_malfoy)	0
parent(neville_longbottom, Z11)	parent(neville_longbottom, frank_longbottom)	0
parent(james_sirius_potter, Z12)	parent(james_sirius_potter, harry_potter)	0
parent(harry_potter, Z12)	parent(harry_potter, molly_weasley)	0
parent(harry_potter, Z3)	parent(harry_potter, frank_longbottom)	0
parent(bill_weasley, Z2)	parent(bill_weasley, vernon_dursley)	0
enemy(voldemort, Y)	enemy(X, Y) :- member_of(X, order_of_the_phoenix), member_of(Y, death_eaters)	0
parent(percy_weasley, molly_weasley)	parent(percy_weasley, molly_weasley)	0
parent(draco_malfoy, Z11)	parent(draco_malfoy, lily_potter)	0
parent(rose_weasley, Z6)	parent(rose_weasley, frank_longbottom)	0
parent(charlie_weasley, Z11)	parent(charlie_weasley, ginny_weasley)	0
ancestor(dudley_dursley, harry_potter)	ancestor(X, Y) :- ancestor(Z, Y), parent(X, Z)	0
parent(ron_weasley, Z3)	parent(ron_weasley, arthur_weasley)	0
parent(albus_severus_potter, Z2)	parent(albus_severus_potter, ron_weasley)	0
ancestor(george_weasley, hugo_weasley)	ancestor(X, Y) :- ancestor(Z, Y), parent(X, Z)	0
parent(george_weasley, Z10)	parent(george_weasley, xenophilius_lovegood)	0
parent(draco_malfoy, Z9)	parent(draco_malfoy, james_potter)	0
parent(hugo_weasley, Z3)	parent(hugo_weasley, narcissa_malfoy)	0
parent(neville_longbottom, Z11)	parent(neville_longbottom, ron_weasley)	0
parent(lily_luna_potter, Z4)	parent(lily_luna_potter, harry_potter)	0
parent(neville_longbottom, Z12)	parent(neville_longbottom, molly_weasley)	0
parent(albus_severus_potter, Z12)	parent(albus_severus_potter, ron_weasley)	0
parent(harry_potter, Z3)	parent(harry_potter, ron_weasley)	0
hates(severus_snape, colin_creevey)	hates(X, Y) :- deatheater(X), squib(Y)	0
parent(neville_longbottom, Z10)	parent(neville_longbottom, harry_potter)	0
ancestor(bill_weasley, hugo_weasley)	ancestor(X, Y) :- parent(X, Y)	0
parent(rose_weasley, Z12)	parent(rose_weasley, molly_weasley)	0
parent(bill_weasley, Z2)	parent(bill_weasley, hermione_granger)	0
parent(rose_weasley, Z9)	parent(rose_weasley, lucius_malfoy)	0
parent(luna_lovegood, Z3)	parent(luna_lovegood, frank_longbottom)	0
parent(ron_weasley, Z11)	parent(ron_weasley, frank_longbottom)	0
parent(george_weasley, Z11)	parent(george_weasley, lily_potter)	0
ancestor(dudley_dursley, P)	ancestor(X, Y) :- parent(X, Y)	0
parent(hugo_weasley, Z4)	parent(hugo_weasley, narcissa_malfoy)	0
parent(rose_weasley, Z12)	parent(rose_weasley, frank_longbottom)	0
parent(rose_weasley, Z10)	parent(rose_weasley, ron_weasley)	0
parent(albus_severus_potter, Z4)	parent(albus_severus_potter, lily_potter)	0
parent(luna_lovegood, Z9)	parent(luna_lovegood, petunia_dursley)	0
parent(neville_longbottom, Z10)	parent(neville_longbottom, ginny_weasley)	0
parent(charlie_weasley, Z12)	parent(charlie_weasley, harry_potter)	0
parent(hugo_weasley, Z8)	parent(hugo_weasley, lily_potter)	0
ancestor(bill_weasley, _EX1)	ancestor(X, Y) :- parent(X, Y)	0
parent(Z8, arthur_weasley)	parent(Z8, arthur_weasley)	0
parent(rose_weasley, Z2)	parent(rose_weasley, harry_potter)	0
parent(albus_severus_potter, Z8)	parent(albus_severus_potter, lucius_malfoy)	0
parent(james_sirius_potter, Z6)	parent(james_sirius_potter, frank_longbottom)	0
parent(Z9, Z10)	parent(Z9, lily_potter)	0
ancestor(bill_weasley, _EX3)	ancestor(X, Y) :- parent(X, Y)	0
parent(charlie_weasley, Z12)	parent(charlie_weasley, arthur_weasley)	0
parent(luna_lovegood, james_potter)	parent(luna_lovegood, james_potter)	0
parent(ron_weasley, Z3)	parent(ron_weasley, xenophilius_lovegood)	0
parent(hugo_weasley, Z10)	parent(hugo_weasley, petunia_dursley)	0
parent(ginny_weasley, molly_weasley)	parent(ginny_weasley, molly_weasley)	0
ancestor(lily_luna_potter, lily_luna_potter)	ancestor(X, Y) :- parent(X, Y)	0
enemy(P, harry_potter)	enemy(X, Y) :- member_of(X, order_of_the_phoenix), member_of(Y, death_eaters)	0
parent(neville_longbottom, Z2)	parent(neville_longbottom, harry_potter)	0
parent(albus_severus_potter, Z9)	parent(albus_severus_potter, harry_potter)	0
parent(lily_luna_potter, Z3)	parent(lily_luna_potter, petunia_dursley)	0
parent(charlie_weasley, Z11)	parent(charlie_weasley, hermione_granger)	0
parent(fred_weasley, Z3)	parent(fred_weasley, alice_longbottom)	0
parent(ron_weasley, Z10)	parent(ron_weasley, narcissa_malfoy)	0
parent(albus_severus_potter, Z4)	parent(albus_severus_potter, hermione_granger)	0
parent(harry_potter, Z3)	parent(harry_potter, lucius_malfoy)	0
parent(hugo_weasley, Z9)	parent(hugo_weasley, vernon_dursley)	0
parent(ron_weasley, Z3)	parent(ron_weasley, lucius_malfoy)	0
parent(luna_lovegood, Z3)	parent(luna_lovegood, lily_potter)	0
parent(lily_luna_potter, Z3)	parent(lily_luna_potter, ron_weasley)	0
ancestor(neville_longbottom, X)	ancestor(X, Y) :- parent(X, Y)	0
parent(Y, Z0)	parent(Y, alice_longbottom)	0
parent(charlie_weasley, Z12)	parent(charlie_weasley, ron_weasley)	0
parent(bill_weasley, Z2)	parent(bill_weasley, petunia_dursley)	0
parent(neville_longbottom, Z11)	parent(neville_longbottom, petunia_dursley)	0
parent(hugo_weasley, Z4)	parent(hugo_weasley, hermione_granger)	0
parent(luna_lovegood, Z11)	parent(luna_lovegood, frank_longbottom)	0
parent(Z2, Z3)	parent(Z2, vernon_dursley)	0
parent(james_sirius_potter, Z3)	parent(james_sirius_potter, lucius_malfoy)	0
parent(Y, Z0)	parent(Y, hermione_granger)	0
parent(charlie_weasley, Z9)	parent(charlie_weasley, ginny_weasley)	0
parent(hugo_weasley, Z3)	parent(hugo_weasley, vernon_dursley)	0
parent(harry_potter, Z11)	parent(harry_potter, arthur_weasley)	0
parent(percy_weasley, Z6)	parent(percy_weasley, petunia_dursley)	0
parent(james_sirius_potter, Z3)	parent(james_sirius_potter, james_potter)	0
parent(lily_luna_potter, Z11)	parent(lily_luna_potter, ginny_weasley)	0
parent(_EX1, Z1)	parent(_EX1, vernon_dursley)	0
parent(fred_weasley, Z9)	parent(fred_weasley, molly_weasley)	0
parent(rose_weasley, Z10)	parent(rose_weasley, alice_longbottom)	0
parent(draco_malfoy, Z8)	parent(draco_malfoy, arthur_weasley)	0
ancestor(hugo_weasley, Z)	ancestor(X, Y) :- parent(X, Y)	0
parent(james_sirius_potter, Z12)	parent(james_sirius_potter, ginny_weasley)	0
parent(hugo_weasley, Z12)	parent(hugo_weasley, vernon_dursley)	0
parent(ron_weasley, Z6)	parent(ron_weasley, hermione_granger)	0
parent(ginny_weasley, Z9)	parent(ginny_weasley, narcissa_malfoy)	0
ancestor(ron_weasley, hugo_weasley)	ancestor(X, Y) :- ancestor(Z, Y), parent(X, Z)	0
parent(percy_weasley, Z6)	parent(percy_weasley, molly_weasley)	0
parent(fred_weasley, Z4)	parent(fred_weasley, ginny_weasley)	0
parent(dudley_dursley, Z11)	parent(dudley_dursley, ron_weasley)	0
parent(Z8, Z9)	parent(Z8, molly_weasley)	0
parent(hugo_weasley, Z11)	parent(hugo_weasley, hermione_granger)	0
parent(neville_longbottom, Z3)	parent(neville_longbottom, arthur_weasley)	0
parent(_EX1, Z1)	parent(_EX1, narcissa_malfoy)	0
parent(harry_potter, Z2)	parent(harry_potter, narcissa_malfoy)	0
parent(hugo_weasley, arthur_weasley)	parent(hugo_weasley, arthur_weasley)	0
parent(harry_potter, Z12)	parent(harry_potter, petunia_dursley)	0
parent(lily_luna_potter, Z11)	parent(lily_luna_potter, james_potter)	0
parent(hugo_weasley, Z8)	parent(hugo_weasley, narcissa_malfoy)	0
parent(draco_malfoy, Z9)	parent(draco_malfoy, petunia_dursley)	0
parent(james_sirius_potter, Z9)	parent(james_sirius_potter, arthur_weasley)	0
parent(Z8, james_potter)	parent(Z8, james_potter)	0
ancestor(draco_malfoy, Y)	ancestor(X, Y) :- ancestor(Z, Y), parent(X, Z)	0
parent(neville_longbottom, Z9)	parent(neville_longbottom, harry_potter)	0
parent(rose_weasley, Z6)	parent(rose_weasley, molly_weasley)	0
ancestor(albus_severus_potter, albus_severus_potter)	ancestor(X, Y) :- ancestor(Z, Y), parent(X, Z)	0
ancestor(charlie_weasley, X)	ancestor(X, Y) :- ancestor(Z, Y), parent(X, Z)	0
parent(hugo_weasley, Z11)	parent(hugo_weasley, vernon_dursley)	0
parent(draco_malfoy, Z11)	parent(draco_malfoy, alice_longbottom)	0
parent(ginny_weasley, Z11)	parent(ginny_weasley, alice_longbottom)	0
ancestor(dudley_dursley, _EX3)	ancestor(X, Y) :- parent(X, Y)	0
parent(bill_weasley, Z12)	parent(bill_weasley, arthur_weasley)	0
parent(rose_weasley, Z11)	parent(rose_weasley, alice_longbottom)	0
parent(rose_weasley, Z3)	parent(rose_weasley, harry_potter)	0
parent(james_sirius_potter, Z9)	parent(james_sirius_potter, ron_weasley)	0
parent(rose_weasley, Z8)	parent(rose_weasley, lucius_malfoy)	0
member_of(Y0, dumbledores_army)	member_of(voldemort, dumbledores_army)	0
parent(james_sirius_potter, Z3)	parent(james_sirius_potter, harry_potter)	0
parent(charlie_weasley, Z8)	parent(charlie_weasley, arthur_weasley)	0
parent(Z11, Z12)	parent(Z11, xenophilius_lovegood)	0
parent(Z4, Z5)	parent(Z4, hermione_granger)	0
ancestor(draco_malfoy, Z)	ancestor(X, Y) :- ancestor(Z, Y), parent(X, Z)	0
parent(rose_weasley, Z6)	parent(rose_weasley, hermione_granger)	0
parent(luna_lovegood, Z8)	parent(luna_lovegood, arthur_weasley)	0
ancestor(P, albus_severus_potter)	ancestor(X, Y) :- parent(X, Y)	0
parent(george_weasley, Z12)	parent(george_weasley, arthur_weasley)	0
parent(dudley_dursley, Z12)	parent(dudley_dursley, vernon_dursley)	0
pure_blood(X0)	pure_blood(severus_snape)	0
parent(charlie_weasley, Z6)	parent(charlie_weasley, vernon_dursley)	0
parent(Z11, Z12)	parent(Z11, hermione_granger)	0
parent(harry_potter, Z11)	parent(harry_potter, molly_weasley)	0
parent(lily_luna_potter, Z6)	parent(lily_luna_potter, ginny_weasley)	0
ancestor(fred_weasley, Z)	ancestor(X, Y) :- parent(X, Y)	0
parent(Z6, Z7)	parent(Z6, narcissa_malfoy)	0
ancestor(charlie_weasley, Z)	ancestor(X, Y) :- ancestor(Z, Y), parent(X, Z)	0
parent(albus_severus_potter, Z4)	parent(albus_severus_potter, arthur_weasley)	0
parent(draco_malfoy, Z12)	parent(draco_malfoy, lily_potter)	0
parent(neville_longbottom, Z12)	parent(neville_longbottom, alice_longbottom)	0
ancestor(hugo_weasley, hugo_weasley)	ancestor(X, Y) :- ancestor(Z, Y), parent(X, Z)	0
ancestor(ron_weasley, Z)	ancestor(X, Y) :- ancestor(Z, Y), parent(X, Z)	0
parent(fred_weasley, Z8)	parent(fred_weasley, vernon_dursley)	0
ancestor(bill_weasley, X)	ancestor(X, Y) :- parent(X, Y)	0
parent(albus_severus_potter, Z9)	parent(albus_severus_potter, ginny_weasley)	0
parent(albus_severus_potter, Z9)	parent(albus_severus_potter, molly_weasley)	0
parent(Z7, Z8)	parent(Z7, vernon_dursley)	0
parent(rose_weasley, Z6)	parent(rose_weasley, vernon_dursley)	0
parent(bill_weasley, Z2)	parent(bill_weasley, harry_potter)	0
parent(lily_luna_potter, Z3)	parent(lily_luna_potter, arthur_weasley)	0
parent(luna_lovegood, Z12)	parent(luna_lovegood, narcissa_malfoy)	0
parent(percy_weasley, Z6)	parent(percy_weasley, vernon_dursley)	0
parent(charlie_weasley, Z8)	parent(charlie_weasley, ron_weasley)	0
ancestor(charlie_weasley, P)	ancestor(X, Y) :- parent(X, Y)	0
parent(ginny_weasley, Z9)	parent(ginny_weasley, ginny_weasley)	0
ancestor(hugo_weasley, draco_malfoy)	ancestor(X, Y) :- ancestor(Z, Y), parent(X, Z)	0
parent(dudley_dursley, Z9)	parent(dudley_dursley, ron_weasley)	0
parent(james_sirius_potter, Z4)	parent(james_sirius_potter, alice_longbottom)	0
parent(Z2, Z3)	parent(Z2, lucius_malfoy)	0
parent(ginny_weasley, Z11)	parent(ginny_weasley, hermione_granger)	0
ancestor(draco_malfoy, _EX1)	ancestor(X, Y) :- parent(X, Y)	0
parent(james_sirius_potter, Z2)	parent(james_sirius_potter, harry_potter)	0
ancestor(ginny_weasley, albus_severus_potter)	ancestor(X, Y) :- ancestor(Z, Y), parent(X, Z)	0
parent(james_sirius_potter, Z11)	parent(james_sirius_potter, vernon_dursley)	0
parent(draco_malfoy, Z3)	parent(draco_malfoy, ginny_weasley)	0
parent(percy_weasley, Z10)	parent(percy_weasley, ginny_weasley)	0
parent(rose_weasley, Z8)	parent(rose_weasley, ron_weasley)	0
parent(ginny_weasley, Z9)	parent(ginny_weasley, alice_longbottom)	0
parent(bill_weasley, Z10)	parent(bill_weasley, alice_longbottom)	0
parent(ron_weasley, Z9)	parent(ron_weasley, lily_potter)	0
parent(Y, Z0)	parent(Y, james_potter)	0
parent(fred_weasley, Z11)	parent(fred_weasley, vernon_dursley)	0
parent(harry_potter, Z11)	parent(harry_potter, alice_longbottom)	0
ancestor(rose_weasley, lily_luna_potter)	ancestor(X, Y) :- ancestor(Z, Y), parent(X, Z)	0
parent(lily_luna_potter, Z9)	parent(lily_luna_potter, petunia_dursley)	0
parent(james_sirius_potter, Z8)	parent(james_sirius_potter, alice_longbottom)	0
parent(dudley_dursley, molly_weasley)	parent(dudley_dursley, molly_weasley)	0
ancestor(rose_weasley, _EX1)	ancestor(X, Y) :- ancestor(Z, Y), parent(X, Z)	0
ancestor(james_sirius_potter, Z)	ancestor(X, Y) :- ancestor(Z, Y), parent(X, Z)	0
ancestor(charlie_weasley, _EX3)	ancestor(X, Y) :- parent(X, Y)	0
ancestor(rose_weasley, albus_severus_potter)	ancestor(X, Y) :- ancestor(Z, Y), parent(X, Z)	0
parent(neville_longbottom, Z9)	parent(neville_longbottom, ron_weasley)	0
parent(Y, Z0)	parent(Y, frank_longbottom)	0
ancestor(lily_luna_potter, _EX1)	ancestor(X, Y) :- ancestor(Z, Y), parent(X, Z)	0
parent(ron_weasley, Z6)	parent(ron_weasley, harry_potter)	0
parent(bill_weasley, Z12)	parent(bill_weasley, ron_weasley)	0
parent(harry_potter, Z1)	parent(harry_potter, vernon_dursley)	0
parent(percy_weasley, Z8)	parent(percy_weasley, lily_potter)	0
parent(charlie_weasley, Z6)	parent(charlie_weasley, harry_potter)	0
parent(neville_longbottom, Z3)	parent(neville_longbottom, molly_weasley)	0
parent(bill_weasley, Z12)	parent(bill_weasley, narcissa_malfoy)	0
parent(draco_malfoy, Z2)	parent(draco_malfoy, james_potter)	0
ancestor(P, X)	ancestor(X, Y) :- ancestor(Z, Y), parent(X, Z)	0
parent(george_weasley, Z3)	parent(george_weasley, ron_weasley)	0
ancestor(luna_lovegood, draco_malfoy)	ancestor(X, Y) :- parent(X, Y)	0
parent(rose_weasley, Z12)	parent(rose_weasley, arthur_weasley)	0
parent(Z5, Z6)	parent(Z5, lily_potter)	0
parent(dudley_dursley, Z10)	parent(dudley_dursley, lucius_malfoy)	0
parent(charlie_weasley, Z6)	parent(charlie_weasley, arthur_weasley)	0
ancestor(Y, draco_malfoy)	ancestor(X, Y) :- ancestor(Z, Y), parent(X, Z)	0
parent(george_weasley, Z2)	parent(george_weasley, frank_longbottom)	0
parent(dudley_dursley, Z2)	parent(dudley_dursley, vernon_dursley)	0
parent(albus_severus_potter, Z2)	parent(albus_severus_potter, lucius_malfoy)	0
parent(_EX4, Z1)	parent(_EX4, molly_weasley)	0
parent(dudley_dursley, Z9)	parent(dudley_dursley, lily_potter)	0
parent(dudley_dursley, Z3)	parent(dudley_dursley, james_potter)	0
parent(rose_weasley, Z6)	parent(rose_weasley, lily_potter)	0
parent(draco_malfoy, Z3)	parent(draco_malfoy, frank_longbottom)	0
parent(Z9, james_potter)	parent(Z9, james_potter)	0
parent(harry_potter, Z10)	parent(harry_potter, frank_longbottom)	0
parent(james_sirius_potter, Z11)	parent(james_sirius_potter, ginny_weasley)	0
parent(lily_luna_potter, Z6)	parent(lily_luna_potter, harry_potter)	0
parent(lily_luna_potter, Z4)	parent(lily_luna_potter, petunia_dursley)	0
parent(Z1, Z2)	parent(Z1, arthur_weasley)	0
parent(harry_potter, Z10)	parent(harry_potter, petunia_dursley)	0
parent(lily_luna_potter, Z8)	parent(lily_luna_potter, narcissa_malfoy)	0
parent(rose_weasley, Z12)	parent(rose_weasley, alice_longbottom)	0
parent(albus_severus_potter, Z4)	parent(albus_severus_potter, lucius_malfoy)	0
parent(fred_weasley, Z12)	parent(fred_weasley, vernon_dursley)	0
parent(lily_luna_potter, Z11)	parent(lily_luna_potter, narcissa_malfoy)	0
ancestor(albus_severus_potter, X)	ancestor(X, Y) :- parent(X, Y)	0
parent(charlie_weasley, Z6)	parent(charlie_weasley, ron_weasley)	0
parent(Z0, Z1)	parent(Z0, lily_potter)	0
ancestor(P, draco_malfoy)	ancestor(X, Y) :- parent(X, Y)	0
parent(james_sirius_potter, Z11)	parent(james_sirius_potter, arthur_weasley)	0
parent(percy_weasley, Z9)	parent(percy_weasley, hermione_granger)	0
parent(lily_luna_potter, Z4)	parent(lily_luna_potter, ron_weasley)	0
parent(percy_weasley, Z9)	parent(percy_weasley, harry_potter)	0
ancestor(james_sirius_potter, harry_potter)	ancestor(X, Y) :- parent(X, Y)	0
parent(draco_malfoy, Z4)	parent(draco_malfoy, harry_potter)	0
ancestor(ron_weasley, draco_malfoy)	ancestor(X, Y) :- parent(X, Y)	0
parent(hugo_weasley, Z9)	parent(hugo_weasley, narcissa_malfoy)	0
parent(luna_lovegood, Z9)	parent(luna_lovegood, xenophilius_lovegood)	0
parent(harry_potter, Z10)	parent(harry_potter, ron_weasley)	0
ancestor(harry_potter, _EX1)	ancestor(X, Y) :- parent(X, Y)	0
parent(ginny_weasley, Z12)	parent(ginny_weasley, hermione_granger)	0
parent(harry_potter, molly_weasley)	parent(harry_potter, molly_weasley)	0
parent(bill_weasley, Z11)	parent(bill_weasley, ginny_weasley)	0
ancestor(rose_weasley, harry_potter)	ancestor(X, Y) :- ancestor(Z, Y), parent(X, Z)	0
parent(ron_weasley, Z2)	parent(ron_weasley, ginny_weasley)	0
parent(ron_weasley, Z10)	parent(ron_weasley, vernon_dursley)	0
parent(ron_weasley, Z12)	parent(ron_weasley, molly_weasley)	0
parent(fred_weasley, Z8)	parent(fred_weasley, alice_longbottom)	0
parent(Z2, Z3)	parent(Z2, frank_longbottom)	0
ancestor(albus_severus_potter, P)	ancestor(X, Y) :- ancestor(Z, Y), parent(X, Z)	0
parent(albus_severus_potter, james_potter)	parent(albus_severus_potter, james_potter)	0
parent(Z3, Z4)	parent(Z3, arthur_weasley)	0
parent(fred_weasley, Z2)	parent(fred_weasley, vernon_dursley)	0
parent(luna_lovegood, Z12)	parent(luna_lovegood, james_potter)	0
parent(hugo_weasley, Z9)	parent(hugo_weasley, xenophilius_lovegood)	0
parent(ron_weasley, Z8)	parent(ron_weasley, alice_longbottom)	0
parent(hugo_weasley, Z4)	parent(hugo_weasley, lucius_malfoy)	0
parent(charlie_weasley, Z2)	parent(charlie_weasley, lily_potter)	0
parent(harry_potter, Z9)	parent(harry_potter, arthur_weasley)	0
ancestor(george_weasley, draco_malfoy)	ancestor(X, Y) :- parent(X, Y)	0
parent(albus_severus_potter, Z4)	parent(albus_severus_potter, ron_weasley)	0
ancestor(dudley_dursley, Z)	ancestor(X, Y) :- parent(X, Y)	0
ancestor(neville_longbottom, harry_potter)	ancestor(X, Y) :- ancestor(Z, Y), parent(X, Z)	0
parent(hugo_weasley, Z12)	parent(hugo_weasley, narcissa_malfoy)	0
parent(hugo_weasley, Z10)	parent(hugo_weasley, harry_potter)	0
ancestor(lily_luna_potter, _EX3)	ancestor(X, Y) :- ancestor(Z, Y), parent(X, Z)	0
parent(george_weasley, Z12)	parent(george_weasley, frank_longbottom)	0
parent(_EX1, Z1)	parent(_EX1, arthur_weasley)	0
parent(Z0, Z1)	parent(Z0, molly_weasley)	0
parent(percy_weasley, Z8)	parent(percy_weasley, james_potter)	0
parent(albus_severus_potter, Z3)	parent(albus_severus_potter, frank_longbottom)	0
parent(_EX5, molly_weasley)	parent(_EX5, molly_weasley)	0
parent(ginny_weasley, Z9)	parent(ginny_weasley, frank_longbottom)	0
ancestor(charlie_weasley, lily_luna_potter)	ancestor(X, Y) :- ancestor(Z, Y), parent(X, Z)	0
parent(fred_weasley, Z3)	parent(fred_weasley, lily_potter)	0
parent(hugo_weasley, Z2)	parent(hugo_weasley, arthur_weasley)	0
parent(fred_weasley, Z11)	parent(fred_weasley, alice_longbottom)	0
ancestor(lily_luna_potter, harry_potter)	ancestor(X, Y) :- parent(X, Y)	0
parent(Z11, Z12)	parent(Z11, arthur_weasley)	0
parent(luna_lovegood, Z12)	parent(luna_lovegood, harry_potter)	0
parent(james_sirius_potter, Z3)	parent(james_sirius_potter, molly_weasley)	0
parent(hugo_weasley, Z12)	parent(hugo_weasley, xenophilius_lovegood)	0
ancestor(neville_longbottom, draco_malfoy)	ancestor(X, Y) :- ancestor(Z, Y), parent(X, Z)	0
parent(dudley_dursley, Z3)	parent(dudley_dursley, ginny_weasley)	0
parent(albus_severus_potter, Z10)	parent(albus_severus_potter, james_potter)	0
parent(albus_severus_potter, molly_weasley)	parent(albus_severus_potter, molly_weasley)	0
parent(Z10, Z11)	parent(Z10, vernon_dursley)	0
parent(hugo_weasley, Z11)	parent(hugo_weasley, narcissa_malfoy)	0
muggleborn(argus_filch)	muggleborn(argus_filch)	0
ancestor(hugo_weasley, lily_luna_potter)	ancestor(X, Y) :- parent(X, Y)	0
parent(albus_severus_potter, Z12)	parent(albus_severus_potter, frank_longbottom)	0
parent(percy_weasley, Z12)	parent(percy_weasley, lily_potter)	0
parent(luna_lovegood, Z6)	parent(luna_lovegood, frank_longbottom)	0
parent(dudley_dursley, Z9)	parent(dudley_dursley, harry_potter)	0
parent(hugo_weasley, Z2)	parent(hugo_weasley, ginny_weasley)	0
parent(rose_weasley, Z12)	parent(rose_weasley, ginny_weasley)	0
parent(draco_malfoy, Z2)	parent(draco_malfoy, arthur_weasley)	0
ancestor(draco_malfoy, P)	ancestor(X, Y) :- parent(X, Y)	0
parent(fred_weasley, Z8)	parent(fred_weasley, petunia_dursley)	0
parent(bill_weasley, Z9)	parent(bill_weasley, narcissa_malfoy)	0
parent(rose_weasley, Z2)	parent(rose_weasley, lily_potter)	0
parent(harry_potter, Z11)	parent(harry_potter, vernon_dursley)	0
parent(albus_severus_potter, Z3)	parent(albus_severus_potter, narcissa_malfoy)	0
parent(lily_luna_potter, Z6)	parent(lily_luna_potter, vernon_dursley)	0
ancestor(fred_weasley, draco_malfoy)	ancestor(X, Y) :- parent(X, Y)	0
parent(fred_weasley, Z9)	parent(fred_weasley, petunia_dursley)	0
parent(dudley_dursley, Z3)	parent(dudley_dursley, alice_longbottom)	0
parent(george_weasley, Z9)	parent(george_weasley, narcissa_malfoy)	0
parent(neville_longbottom, Z10)	parent(neville_longbottom, hermione_granger)	0
parent(Z5, Z6)	parent(Z5, frank_longbottom)	0
parent(ron_weasley, Z9)	parent(ron_weasley, lucius_malfoy)	0
parent(albus_severus_potter, Z12)	parent(albus_severus_potter, vernon_dursley)	0
parent(bill_weasley, Z12)	parent(bill_weasley, frank_longbottom)	0
parent(rose_weasley, Z4)	parent(rose_weasley, harry_potter)	0
parent(george_weasley, Z12)	parent(george_weasley, ginny_weasley)	0
parent(lily_luna_potter, Z4)	parent(lily_luna_potter, arthur_weasley)	0
ancestor(lily_luna_potter, hugo_weasley)	ancestor(X, Y) :- ancestor(Z, Y), parent(X, Z)	0
parent(dudley_dursley, james_potter)	parent(dudley_dursley, james_potter)	0
parent(ginny_weasley, Z12)	parent(ginny_weasley, xenophilius_lovegood)	0
parent(percy_weasley, Z3)	parent(percy_weasley, hermione_granger)	0
parent(george_weasley, Z3)	parent(george_weasley, arthur_weasley)	0
parent(percy_weasley, Z3)	parent(percy_weasley, harry_potter)	0
parent(charlie_weasley, Z11)	parent(charlie_weasley, frank_longbottom)	0
parent(Z4, Z5)	parent(Z4, xenophilius_lovegood)	0
parent(luna_lovegood, Z3)	parent(luna_lovegood, molly_weasley)	0
parent(lily_luna_potter, Z12)	parent(lily_luna_potter, lily_potter)	0
ancestor(charlie_weasley, hugo_weasley)	ancestor(X, Y) :- ancestor(Z, Y), parent(X, Z)	0
parent(fred_weasley, Z12)	parent(fred_weasley, alice_longbottom)	0
parent(Z7, Z8)	parent(Z7, james_potter)	0
parent(albus_severus_potter, lily_potter)	parent(albus_severus_potter, lily_potter)	0
parent(george_weasley, Z2)	parent(george_weasley, ron_weasley)	0
ancestor(neville_longbottom, _EX3)	ancestor(X, Y) :- parent(X, Y)	0
parent(albus_severus_potter, Z10)	parent(albus_severus_potter, xenophilius_lovegood)	0
ancestor(X, albus_severus_potter)	ancestor(X, Y) :- ancestor(Z, Y), parent(X, Z)	0
parent(neville_longbottom, Z2)	parent(neville_longbottom, hermione_granger)	0
parent(neville_longbottom, lily_potter)	parent(neville_longbottom, lily_potter)	0
ancestor(albus_severus_potter, hugo_weasley)	ancestor(X, Y) :- parent(X, Y)	0
parent(james_sirius_potter, Z12)	parent(james_sirius_potter, arthur_weasley)	0
ancestor(ron_weasley, X)	ancestor(X, Y) :- parent(X, Y)	0
parent(dudley_dursley, Z2)	parent(dudley_dursley, lucius_malfoy)	0
parent(george_weasley, Z10)	parent(george_weasley, narcissa_malfoy)	0
parent(james_sirius_potter, Z12)	parent(james_sirius_potter, ron_weasley)	0
parent(ron_weasley, Z6)	parent(ron_weasley, alice_longbottom)	0
parent(harry_potter, Z9)	parent(harry_potter, alice_longbottom)	0
parent(luna_lovegood, Z3)	parent(luna_lovegood, harry_potter)	0
parent(bill_weasley, Z9)	parent(bill_weasley, harry_potter)	0
ancestor(draco_malfoy, draco_malfoy)	ancestor(X, Y) :- parent(X, Y)	0
parent(bill_weasley, Z2)	parent(bill_weasley, arthur_weasley)	0
ancestor(george_weasley, X)	ancestor(X, Y) :- ancestor(Z, Y), parent(X, Z)	0
parent(bill_weasley, Z9)	parent(bill_weasley, lily_potter)	0
parent(Z6, Z7)	parent(Z6, james_potter)	0
parent(Z4, Z5)	parent(Z4, lily_potter)	0
parent(bill_weasley, Z12)	parent(bill_weasley, ginny_weasley)	0
parent(luna_lovegood, Z8)	parent(luna_lovegood, alice_longbottom)	0
parent(lily_luna_potter, Z11)	parent(lily_luna_potter, ron_weasley)	0
parent(luna_lovegood, Z11)	parent(luna_lovegood, molly_weasley)	0
parent(_EX0, Z1)	parent(_EX0, james_potter)	0
parent(percy_weasley, Z9)	parent(percy_weasley, arthur_weasley)	0
parent(fred_weasley, Z3)	parent(fred_weasley, frank_longbottom)	0
parent(charlie_weasley, Z2)	parent(charlie_weasley, james_potter)	0
parent(george_weasley, molly_weasley)	parent(george_weasley, molly_weasley)	0
parent(lily_luna_potter, Z4)	parent(lily_luna_potter, frank_longbottom)	0
parent(albus_severus_potter, Z11)	parent(albus_severus_potter, alice_longbottom)	0
parent(bill_weasley, Z12)	parent(bill_weasley, james_potter)	0
parent(percy_weasley, Z8)	parent(percy_weasley, alice_longbottom)	0
parent(charlie_weasley, Z6)	parent(charlie_weasley, alice_longbottom)	0
parent(james_sirius_potter, Z12)	parent(james_sirius_potter, vernon_dursley)	0
parent(ron_weasley, Z12)	parent(ron_weasley, ginny_weasley)	0
parent(fred_weasley, Z9)	parent(fred_weasley, vernon_dursley)	0
parent(draco_malfoy, Z11)	parent(draco_malfoy, vernon_dursley)	0
parent(ron_weasley, Z6)	parent(ron_weasley, arthur_weasley)	0
parent(fred_weasley, Z10)	parent(fred_weasley, hermione_granger)	0
parent(neville_longbottom, Z9)	parent(neville_longbottom, hermione_granger)	0
parent(ron_weasley, Z12)	parent(ron_weasley, lily_potter)	0
parent(draco_malfoy, Z9)	parent(draco_malfoy, frank_longbottom)	0
parent(ginny_weasley, Z3)	parent(ginny_weasley, xenophilius_lovegood)	0
parent(percy_weasley, Z8)	parent(percy_weasley, narcissa_malfoy)	0
parent(draco_malfoy, Z6)	parent(draco_malfoy, harry_potter)	0
parent(hugo_weasley, Z12)	parent(hugo_weasley, arthur_weasley)	0
ancestor(james_sirius_potter, Y)	ancestor(X, Y) :- parent(X, Y)	0
parent(neville_longbottom, Z12)	parent(neville_longbottom, lucius_malfoy)	0
parent(ron_weasley, Z12)	parent(ron_weasley, petunia_dursley)	0
ancestor(X, P)	ancestor(X, Y) :- parent(X, Y)	0
ancestor(ginny_weasley, Z)	ancestor(X, Y) :- parent(X, Y)	0
ancestor(hugo_weasley, P)	ancestor(X, Y) :- parent(X, Y)	0
parent(harry_potter, Z3)	parent(harry_potter, arthur_weasley)	0
parent(draco_malfoy, Z6)	parent(draco_malfoy, hermione_granger)	0
parent(percy_weasley, Z10)	parent(percy_weasley, petunia_dursley)	0
parent(luna_lovegood, Z11)	parent(luna_lovegood, harry_potter)	0
ancestor(hugo_weasley, X)	ancestor(X, Y) :- parent(X, Y)	0
parent(rose_weasley, Z10)	parent(rose_weasley, james_potter)	0
parent(albus_severus_potter, Z8)	parent(albus_severus_potter, lily_potter)	0
parent(george_weasley, Z3)	parent(george_weasley, vernon_dursley)	0
parent(dudley_dursley, Z12)	parent(dudley_dursley, molly_weasley)	0
parent(hugo_weasley, Z4)	parent(hugo_weasley, molly_weasley)	0
parent(ron_weasley, Z8)	parent(ron_weasley, narcissa_malfoy)	0
parent(lily_luna_potter, Z6)	parent(lily_luna_potter, molly_weasley)	0
ancestor(james_sirius_potter, P)	ancestor(X, Y) :- ancestor(Z, Y), parent(X, Z)	0
ancestor(harry_potter, Z)	ancestor(X, Y) :- parent(X, Y)	0
parent(luna_lovegood, Z12)	parent(luna_lovegood, lucius_malfoy)	0
squib(myrtle_warren)	squib(myrtle_warren)	0
parent(petunia_dursley, Z0)	parent(petunia_dursley, ron_weasley)	0
parent(ron_weasley, Z9)	parent(ron_weasley, james_potter)	0
parent(fred_weasley, Z3)	parent(fred_weasley, ron_weasley)	0
parent(harry_potter, Z2)	parent(harry_potter, harry_potter)	0
parent(Z3, Z4)	parent(Z3, alice_longbottom)	0
ancestor(lily_luna_potter, X)	ancestor(X, Y) :- parent(X, Y)	0
parent(charlie_weasley, Z3)	parent(charlie_weasley, james_potter)	0
parent(james_sirius_potter, Z4)	parent(james_sirius_potter, ginny_weasley)	0
parent(albus_severus_potter, Z11)	parent(albus_severus_potter, ron_weasley)	0
parent(lily_luna_potter, Z6)	parent(lily_luna_potter, ron_weasley)	0
ancestor(percy_weasley, P)	ancestor(X, Y) :- parent(X, Y)	0
parent(james_sirius_potter, Z6)	parent(james_sirius_potter, alice_longbottom)	0
ancestor(luna_lovegood, lily_luna_potter)	ancestor(X, Y) :- ancestor(Z, Y), parent(X, Z)	0
parent(rose_weasley, Z11)	parent(rose_weasley, james_potter)	0
parent(charlie_weasley, Z3)	parent(charlie_weasley, molly_weasley)	0
wizard(severus_snape)	wizard(X) :- male(X), muggleborn(X)	0
ancestor(dudley_dursley, _EX1)	ancestor(X, Y) :- parent(X, Y)	0
parent(neville_longbottom, Z3)	parent(neville_longbottom, vernon_dursley)	0
parent(draco_malfoy, Z12)	parent(draco_malfoy, hermione_granger)	0
parent(rose_weasley, Z2)	parent(rose_weasley, lucius_malfoy)	0
parent(rose_weasley, Z3)	parent(rose_weasley, james_potter)	0
parent(neville_longbottom, Z9)	parent(neville_longbottom, arthur_weasley)	0
parent(Z1, Z2)	parent(Z1, alice_longbottom)	0
parent(Z11, Z12)	parent(Z11, petunia_dursley)	0
parent(luna_lovegood, Z3)	parent(luna_lovegood, james_potter)	0
parent(lily_luna_potter, Z3)	parent(lily_luna_potter, frank_longbottom)	0
parent(ron_weasley, lily_potter)	parent(ron_weasley, lily_potter)	0
parent(lily_luna_potter, Z2)	parent(lily_luna_potter, james_potter)	0
parent(george_weasley, Z9)	parent(george_weasley, lily_potter)	0
parent(george_weasley, Z11)	parent(george_weasley, narcissa_malfoy)	0
parent(draco_malfoy, Z6)	parent(draco_malfoy, petunia_dursley)	0
parent(george_weasley, Z9)	parent(george_weasley, hermione_granger)	0
parent(lily_luna_potter, Z11)	parent(lily_luna_potter, arthur_weasley)	0
parent(percy_weasley, Z2)	parent(percy_weasley, harry_potter)	0
parent(rose_weasley, Z11)	parent(rose_weasley, xenophilius_lovegood)	0
parent(neville_longbottom, Z10)	parent(neville_longbottom, james_potter)	0
parent(bill_weasley, Z3)	parent(bill_weasley, alice_longbottom)	0
parent(percy_weasley, Z6)	parent(percy_weasley, lily_potter)	0
parent(neville_longbottom, Z11)	parent(neville_longbottom, hermione_granger)	0
ancestor(george_weasley, _EX1)	ancestor(X, Y) :- ancestor(Z, Y), parent(X, Z)	0
ancestor(fred_weasley, P)	ancestor(X, Y) :- parent(X, Y)	0
ancestor(george_weasley, P)	ancestor(X, Y) :- ancestor(Z, Y), parent(X, Z)	0
parent(ginny_weasley, Z2)	parent(ginny_weasley, james_potter)	0
parent(charlie_weasley, Z2)	parent(charlie_weasley, ginny_weasley)	0
parent(ron_weasley, Z6)	parent(ron_weasley, molly_weasley)	0
parent(lily_luna_potter, Z2)	parent(lily_luna_potter, molly_weasley)	0
parent(_EX0, Z1)	parent(_EX0, lily_potter)	0
ancestor(petunia_dursley, Z)	ancestor(X, Y) :- ancestor(Z, Y), parent(X, Z)	0
parent(fred_weasley, lily_potter)	parent(fred_weasley, lily_potter)	0
parent(rose_weasley, Z6)	parent(rose_weasley, xenophilius_lovegood)	0
parent(lily_luna_potter, Z11)	parent(lily_luna_potter, xenophilius_lovegood)	0
parent(percy_weasley, Z8)	parent(percy_weasley, ron_weasley)	0
parent(ginny_weasley, Z4)	parent(ginny_weasley, ginny_weasley)	0
parent(fred_weasley, Z8)	parent(fred_weasley, narcissa_malfoy)	0
parent(albus_severus_potter, Z8)	parent(albus_severus_potter, alice_longbottom)	0
parent(hugo_weasley, Z3)	parent(hugo_weasley, ron_weasley)	0
parent(george_weasley, Z10)	parent(george_weasley, ginny_weasley)	0
parent(rose_weasley, Z2)	parent(rose_weasley, narcissa_malfoy)	0
parent(percy_weasley, Z11)	parent(percy_weasley, alice_longbottom)	0
parent(ginny_weasley, Z11)	parent(ginny_weasley, ron_weasley)	0
ancestor(percy_weasley, hugo_weasley)	ancestor(X, Y) :- parent(X, Y)	0
ancestor(albus_severus_potter, lily_luna_potter)	ancestor(X, Y) :- ancestor(Z, Y), parent(X, Z)	0
parent(rose_weasley, Z9)	parent(rose_weasley, petunia_dursley)	0
ancestor(lily_luna_potter, draco_malfoy)	ancestor(X, Y) :- ancestor(Z, Y), parent(X, Z)	0
parent(Z5, Z6)	parent(Z5, arthur_weasley)	0
parent(draco_malfoy, Z8)	parent(draco_malfoy, harry_potter)	0
parent(hugo_weasley, Z3)	parent(hugo_weasley, harry_potter)	0
parent(hugo_weasley, Z9)	parent(hugo_weasley, petunia_dursley)	0
parent(fred_weasley, Z2)	parent(fred_weasley, james_potter)	0
parent(dudley_dursley, Z2)	parent(dudley_dursley, molly_weasley)	0
parent(percy_weasley, Z12)	parent(percy_weasley, molly_weasley)	0
parent(ginny_weasley, Z11)	parent(ginny_weasley, narcissa_malfoy)	0
ancestor(lily_luna_potter, P)	ancestor(X, Y) :- ancestor(Z, Y), parent(X, Z)	0
parent(ron_weasley, Z8)	parent(ron_weasley, frank_longbottom)	0
ancestor(harry_potter, draco_malfoy)	ancestor(X, Y) :- parent(X, Y)	0
parent(george_weasley, Z3)	parent(george_weasley, molly_weasley)	0
parent(fred_weasley, Z10)	parent(fred_weasley, narcissa_malfoy)	0
parent(lily_luna_potter, Z3)	parent(lily_luna_potter, alice_longbottom)	0
parent(fred_weasley, Z9)	parent(fred_weasley, alice_longbottom)	0
parent(albus_severus_potter, Z11)	parent(albus_severus_potter, narcissa_malfoy)	0
parent(james_sirius_potter, Z2)	parent(james_sirius_potter, ginny_weasley)	0
parent(_EX1, Z1)	parent(_EX1, petunia_dursley)	0
parent(luna_lovegood, Z11)	parent(luna_lovegood, james_potter)	0
ancestor(draco_malfoy, hugo_weasley)	ancestor(X, Y) :- parent(X, Y)	0
parent(lily_luna_potter, Z3)	parent(lily_luna_potter, molly_weasley)	0
parent(fred_weasley, Z11)	parent(fred_weasley, narcissa_malfoy)	0
member_of(Y0, dumbledores_army)	member_of(bellatrix_lestrange, dumbledores_army)	0
parent(bill_weasley, Z11)	parent(bill_weasley, petunia_dursley)	0
parent(james_sirius_potter, Z9)	parent(james_sirius_potter, lily_potter)	0
parent(luna_lovegood, Z8)	parent(luna_lovegood, vernon_dursley)	0
parent(Z8, Z9)	parent(Z8, hermione_granger)	0
ancestor(albus_severus_potter, harry_potter)	ancestor(X, Y) :- parent(X, Y)	0
muggleborn(X0)	muggleborn(severus_snape)	0
parent(charlie_weasley, Z11)	parent(charlie_weasley, xenophilius_lovegood)	0
parent(hugo_weasley, Z12)	parent(hugo_weasley, petunia_dursley)	0
parent(percy_weasley, Z9)	parent(percy_weasley, james_potter)	0
parent(dudley_dursley, Z2)	parent(dudley_dursley, ron_weasley)	0
parent(neville_longbottom, Z11)	parent(neville_longbottom, arthur_weasley)	0
parent(lily_luna_potter, Z6)	parent(lily_luna_potter, arthur_weasley)	0
parent(ron_weasley, Z8)	parent(ron_weasley, ginny_weasley)	0
parent(albus_severus_potter, Z12)	parent(albus_severus_potter, harry_potter)	0
parent(lily_luna_potter, Z8)	parent(lily_luna_potter, frank_longbottom)	0
ancestor(rose_weasley, _EX3)	ancestor(X, Y) :- ancestor(Z, Y), parent(X, Z)	0
ancestor(luna_lovegood, albus_severus_potter)	ancestor(X, Y) :- ancestor(Z, Y), parent(X, Z)	0
parent(fred_weasley, Z3)	parent(fred_weasley, vernon_dursley)	0
parent(harry_potter, Z1)	parent(harry_potter, hermione_granger)	0
parent(charlie_weasley, Z2)	parent(charlie_weasley, hermione_granger)	0
parent(lily_luna_potter, Z12)	parent(lily_luna_potter, lucius_malfoy)	0
parent(harry_potter, Z12)	parent(harry_potter, xenophilius_lovegood)	0
parent(ginny_weasley, Z2)	parent(ginny_weasley, lily_potter)	0
ancestor(james_sirius_potter, albus_severus_potter)	ancestor(X, Y) :- parent(X, Y)	0
ancestor(hugo_weasley, harry_potter)	ancestor(X, Y) :- parent(X, Y)	0
parent(draco_malfoy, Z11)	parent(draco_malfoy, harry_potter)	0
parent(ron_weasley, Z2)	parent(ron_weasley, hermione_granger)	0
parent(rose_weasley, Z10)	parent(rose_weasley, harry_potter)	0
parent(rose_weasley, Z4)	parent(rose_weasley, arthur_weasley)	0
ancestor(rose_weasley, hugo_weasley)	ancestor(X, Y) :- parent(X, Y)	0
parent(draco_malfoy, Z8)	parent(draco_malfoy, petunia_dursley)	0
parent(draco_malfoy, Z8)	parent(draco_malfoy, ginny_weasley)	0
parent(charlie_weasley, Z12)	parent(charlie_weasley, vernon_dursley)	0
enemy(X, peter_pettigrew)	enemy(X, Y) :- member_of(X, death_eaters), member_of(Y, dumbledores_army)	0
ancestor(P, Z)	ancestor(X, Y) :- ancestor(Z, Y), parent(X, Z)	0
parent(Z11, Z12)	parent(Z11, narcissa_malfoy)	0
ancestor(harry_potter, Y)	ancestor(X, Y) :- parent(X, Y)	0
parent(percy_weasley, Z12)	parent(percy_weasley, vernon_dursley)	0
parent(neville_longbottom, Z9)	parent(neville_longbottom, james_potter)	0
parent(petunia_dursley, molly_weasley)	parent(petunia_dursley, molly_weasley)	0
parent(Z8, Z9)	parent(Z8, petunia_dursley)	0
parent(bill_weasley, Z11)	parent(bill_weasley, alice_longbottom)	0
parent(lily_luna_potter, Z3)	parent(lily_luna_potter, hermione_granger)	0
parent(ginny_weasley, Z3)	parent(ginny_weasley, hermione_granger)	0
parent(fred_weasley, Z12)	parent(fred_weasley, narcissa_malfoy)	0
parent(rose_weasley, Z12)	parent(rose_weasley, ron_weasley)	0
ancestor(ron_weasley, lily_luna_potter)	ancestor(X, Y) :- parent(X, Y)	0
parent(Z9, arthur_weasley)	parent(Z9, arthur_weasley)	0
parent(rose_weasley, Z3)	parent(rose_weasley, narcissa_malfoy)	0
parent(bill_weasley, Z2)	parent(bill_weasley, frank_longbottom)	0
ancestor(ron_weasley, albus_severus_potter)	ancestor(X, Y) :- parent(X, Y)	0
parent(Z10, Z11)	parent(Z10, arthur_weasley)	0
ancestor(bill_weasley, Z)	ancestor(X, Y) :- parent(X, Y)	0
parent(Z9, Z10)	parent(Z9, lucius_malfoy)	0
parent(dudley_dursley, Z2)	parent(dudley_dursley, lily_potter)	0
parent(george_weasley, Z9)	parent(george_weasley, molly_weasley)	0
parent(harry_potter, Z11)	parent(harry_potter, narcissa_malfoy)	0
parent(harry_potter, Z3)	parent(harry_potter, petunia_dursley)	0
parent(luna_lovegood, lily_potter)	parent(luna_lovegood, lily_potter)	0
parent(dudley_dursley, Z4)	parent(dudley_dursley, ginny_weasley)	0
parent(lily_luna_potter, Z9)	parent(lily_luna_potter, frank_longbottom)	0
parent(lily_luna_potter, Z2)	parent(lily_luna_potter, narcissa_malfoy)	0
parent(ginny_weasley, Z3)	parent(ginny_weasley, arthur_weasley)	0
parent(george_weasley, Z11)	parent(george_weasley, ginny_weasley)	0
parent(luna_lovegood, Z3)	parent(luna_lovegood, hermione_granger)	0
parent(lily_luna_potter, Z12)	parent(lily_luna_potter, xenophilius_lovegood)	0
parent(charlie_weasley, Z3)	parent(charlie_weasley, hermione_granger)	0
ancestor(albus_severus_potter, _EX3)	ancestor(X, Y) :- ancestor(Z, Y), parent(X, Z)	0
ancestor(george_weasley, albus_severus_potter)	ancestor(X, Y) :- parent(X, Y)	0
ancestor(dudley_dursley, harry_potter)	ancestor(X, Y) :- parent(X, Y)	0
parent(luna_lovegood, molly_weasley)	parent(luna_lovegood, molly_weasley)	0
parent(rose_weasley, Z4)	parent(rose_weasley, lily_potter)	0
parent(hugo_weasley, Z10)	parent(hugo_weasley, james_potter)	0
parent(draco_malfoy, Z2)	parent(draco_malfoy, frank_longbottom)	0
parent(bill_weasley, Z10)	parent(bill_weasley, harry_potter)	0
parent(percy_weasley, Z3)	parent(percy_weasley, frank_longbottom)	0
parent(fred_weasley, Z2)	parent(fred_weasley, narcissa_malfoy)	0
parent(fred_weasley, Z2)	parent(fred_weasley, arthur_weasley)	0
parent(Z8, lily_potter)	parent(Z8, lily_potter)	0
parent(charlie_weasley, Z11)	parent(charlie_weasley, petunia_dursley)	0
ancestor(george_weasley, hugo_weasley)	ancestor(X, Y) :- parent(X, Y)	0
parent(Z1, Z2)	parent(Z1, lily_potter)	0
parent(charlie_weasley, Z10)	parent(charlie_weasley, james_potter)	0
parent(dudley_dursley, Z12)	parent(dudley_dursley, ginny_weasley)	0
parent(Z5, Z6)	parent(Z5, james_potter)	0
parent(rose_weasley, Z3)	parent(rose_weasley, petunia_dursley)	0
parent(rose_weasley, Z6)	parent(rose_weasley, lucius_malfoy)	0
parent(dudley_dursley, Z11)	parent(dudley_dursley, vernon_dursley)	0
parent(dudley_dursley, Z10)	parent(dudley_dursley, frank_longbottom)	0
parent(dudley_dursley, arthur_weasley)	parent(dudley_dursley, arthur_weasley)	0
parent(draco_malfoy, Z11)	parent(draco_malfoy, ron_weasley)	0
parent(ron_weasley, Z9)	parent(ron_weasley, alice_longbottom)	0
parent(fred_weasley, Z11)	parent(fred_weasley, frank_longbottom)	0
parent(Z9, Z10)	parent(Z9, molly_weasley)	0
parent(charlie_weasley, Z10)	parent(charlie_weasley, molly_weasley)	0
parent(ron_weasley, Z8)	parent(ron_weasley, vernon_dursley)	0
parent(george_weasley, Z11)	parent(george_weasley, hermione_granger)	0
parent(dudley_dursley, Z3)	parent(dudley_dursley, petunia_dursley)	0
parent(dudley_dursley, Z10)	parent(dudley_dursley, arthur_weasley)	0
ancestor(rose_weasley, Y)	ancestor(X, Y) :- ancestor(Z, Y), parent(X, Z)	0
parent(percy_weasley, Z3)	parent(percy_weasley, james_potter)	0
parent(bill_weasley, james_potter)	parent(bill_weasley, james_potter)	0
parent(Z7, Z8)	parent(Z7, alice_longbottom)	0
ancestor(fred_weasley, albus_severus_potter)	ancestor(X, Y) :- parent(X, Y)	0
parent(neville_longbottom, Z12)	parent(neville_longbottom, harry_potter)	0
parent(albus_severus_potter, arthur_weasley)	parent(albus_severus_potter, arthur_weasley)	0
parent(albus_severus_potter, Z3)	parent(albus_severus_potter, hermione_granger)	0
parent(percy_weasley, Z11)	parent(percy_weasley, arthur_weasley)	0
parent(draco_malfoy, Z11)	parent(draco_malfoy, lucius_malfoy)	0
parent(luna_lovegood, Z6)	parent(luna_lovegood, narcissa_malfoy)	0
parent(george_weasley, Z9)	parent(george_weasley, harry_potter)	0
parent(rose_weasley, Z12)	parent(rose_weasley, hermione_granger)	0
parent(ron_weasley, Z3)	parent(ron_weasley, lily_potter)	0
parent(james_sirius_potter, Z6)	parent(james_sirius_potter, harry_potter)	0
parent(hugo_weasley, Z4)	parent(hugo_weasley, harry_potter)	0
ancestor(charlie_weasley, _EX1)	ancestor(X, Y) :- parent(X, Y)	0
ancestor(harry_potter, P)	ancestor(X, Y) :- parent(X, Y)	0
parent(dudley_dursley, Z12)	parent(dudley_dursley, alice_longbottom)	0
parent(lily_luna_potter, Z9)	parent(lily_luna_potter, alice_longbottom)	0
parent(ron_weasley, Z9)	parent(ron_weasley, ginny_weasley)	0
parent(ron_weasley, arthur_weasley)	parent(ron_weasley, arthur_weasley)	0
member_of(X0, death_eaters)	member_of(sirius_black, death_eaters)	0
parent(ron_weasley, james_potter)	parent(ron_weasley, james_potter)	0
parent(bill_weasley, Z2)	parent(bill_weasley, xenophilius_lovegood)	0
ancestor(P, james_sirius_potter)	ancestor(X, Y) :- ancestor(Z, Y), parent(X, Z)	0
parent(luna_lovegood, Z11)	parent(luna_lovegood, hermione_granger)	0
parent(neville_longbottom, Z11)	parent(neville_longbottom, xenophilius_lovegood)	0
parent(dudley_dursley, Z3)	parent(dudley_dursley, arthur_weasley)	0
parent(ron_weasley, Z2)	parent(ron_weasley, harry_potter)	0
parent(ron_weasley, Z9)	parent(ron_weasley, petunia_dursley)	0
parent(ginny_weasley, lily_potter)	parent(ginny_weasley, lily_potter)	0
parent(neville_longbottom, Z10)	parent(neville_longbottom, molly_weasley)	0
parent(bill_weasley, Z12)	parent(bill_weasley, petunia_dursley)	0
parent(james_sirius_potter, Z11)	parent(james_sirius_potter, lily_potter)	0
parent(percy_weasley, Z6)	parent(percy_weasley, hermione_granger)	0
parent(percy_weasley, Z6)	parent(percy_weasley, harry_potter)	0
muggleborn(petunia_dursley)	muggleborn(petunia_dursley)	0
parent(hugo_weasley, Z10)	parent(hugo_weasley, molly_weasley)	0
ancestor(bill_weasley, hugo_weasley)	ancestor(X, Y) :- ancestor(Z, Y), parent(X, Z)	0
parent(draco_malfoy, Z8)	parent(draco_malfoy, alice_longbottom)	0
parent(luna_lovegood, Z12)	parent(luna_lovegood, frank_longbottom)	0
parent(neville_longbottom, Z11)	parent(neville_longbottom, ginny_weasley)	0
parent(ron_weasley, Z11)	parent(ron_weasley, arthur_weasley)	0
parent(harry_potter, Z11)	parent(harry_potter, lily_potter)	0
parent(albus_severus_potter, Z8)	parent(albus_severus_potter, ron_weasley)	0
parent(charlie_weasley, Z3)	parent(charlie_weasley, lucius_malfoy)	0
ancestor(dudley_dursley, P)	ancestor(X, Y) :- ancestor(Z, Y), parent(X, Z)	0
parent(rose_weasley, Z6)	parent(rose_weasley, ron_weasley)	0
parent(ginny_weasley, Z11)	parent(ginny_weasley, petunia_dursley)	0
enemy(_EX1, voldemort)	enemy(X, Y) :- member_of(X, death_eaters), member_of(Y, dumbledores_army)	0
parent(Z2, Z3)	parent(Z2, james_potter)	0
parent(albus_severus_potter, Z2)	parent(albus_severus_potter, alice_longbottom)	0
ancestor(bill_weasley, _EX1)	ancestor(X, Y) :- ancestor(Z, Y), parent(X, Z)	0
parent(dudley_dursley, Z2)	parent(dudley_dursley, harry_potter)	0
parent(james_sirius_potter, Z3)	parent(james_sirius_potter, xenophilius_lovegood)	0
parent(fred_weasley, Z12)	parent(fred_weasley, frank_longbottom)	0
parent(rose_weasley, Z2)	parent(rose_weasley, frank_longbottom)	0
ancestor(bill_weasley, _EX3)	ancestor(X, Y) :- ancestor(Z, Y), parent(X, Z)	0
ancestor(draco_malfoy, harry_potter)	ancestor(X, Y) :- ancestor(Z, Y), parent(X, Z)	0
ancestor(rose_weasley, draco_malfoy)	ancestor(X, Y) :- parent(X, Y)	0
parent(dudley_dursley, Z9)	parent(dudley_dursley, vernon_dursley)	0
parent(hugo_weasley, Z4)	parent(hugo_weasley, vernon_dursley)	0
squib(dudley_dursley)	squib(dudley_dursley)	0
parent(harry_potter, Z10)	parent(harry_potter, narcissa_malfoy)	0
parent(harry_potter, Z11)	parent(harry_potter, harry_potter)	0
ancestor(lily_luna_potter, lily_luna_potter)	ancestor(X, Y) :- ancestor(Z, Y), parent(X, Z)	0
parent(charlie_weasley, Z3)	parent(charlie_weasley, narcissa_malfoy)	0
parent(charlie_weasley, Z9)	parent(charlie_weasley, petunia_dursley)	0
parent(albus_severus_potter, Z12)	parent(albus_severus_potter, james_potter)	0
parent(james_sirius_potter, Z11)	parent(james_sirius_potter, molly_weasley)	0
ancestor(neville_longbottom, lily_luna_potter)	ancestor(X, Y) :- parent(X, Y)	0
parent(harry_potter, Z1)	parent(harry_potter, ron_weasley)	0
parent(Z8, Z9)	parent(Z8, lily_potter)	0
parent(Z10, Z11)	parent(Z10, molly_weasley)	0
parent(Z5, james_potter)	parent(Z5, james_potter)	0
parent(ron_weasley, Z2)	parent(ron_weasley, molly_weasley)	0
parent(james_sirius_potter, Z9)	parent(james_sirius_potter, james_potter)	0
ancestor(fred_weasley, _EX1)	ancestor(X, Y) :- parent(X, Y)	0
parent(draco_malfoy, Z6)	parent(draco_malfoy, lily_potter)	0
parent(charlie_weasley, Z9)	parent(charlie_weasley, lily_potter)	0
parent(X, lily_potter)	parent(X, lily_potter)	0
parent(lily_luna_potter, Z9)	parent(lily_luna_potter, hermione_granger)	0
parent(george_weasley, Z10)	parent(george_weasley, arthur_weasley)	0
parent(Z10, Z11)	parent(Z10, petunia_dursley)	0
parent(charlie_weasley, Z11)	parent(charlie_weasley, arthur_weasley)	0
parent(harry_potter, Z10)	parent(harry_potter, molly_weasley)	0
parent(luna_lovegood, Z11)	parent(luna_lovegood, lily_potter)	0
parent(james_sirius_potter, Z4)	parent(james_sirius_potter, arthur_weasley)	0
parent(hugo_weasley, Z4)	parent(hugo_weasley, alice_longbottom)	0
parent(neville_longbottom, Z12)	parent(neville_longbottom, ron_weasley)	0
ancestor(draco_malfoy, Y)	ancestor(X, Y) :- parent(X, Y)	0
parent(rose_weasley, Z2)	parent(rose_weasley, vernon_dursley)	0
ancestor(albus_severus_potter, albus_severus_potter)	ancestor(X, Y) :- parent(X, Y)	0
parent(Z8, Z9)	parent(Z8, frank_longbottom)	0
parent(rose_weasley, Z3)	parent(rose_weasley, alice_longbottom)	0
parent(draco_malfoy, Z6)	parent(draco_malfoy, ginny_weasley)	0
parent(percy_weasley, Z8)	parent(percy_weasley, vernon_dursley)	0
parent(_EX1, Z1)	parent(_EX1, xenophilius_lovegood)	0
parent(ginny_weasley, Z2)	parent(ginny_weasley, ron_weasley)	0
parent(fred_weasley, Z12)	parent(fred_weasley, ron_weasley)	0
parent(hugo_weasley, Z9)	parent(hugo_weasley, ron_weasley)	0
parent(ron_weasley, Z11)	parent(ron_weasley, lucius_malfoy)	0
parent(lily_luna_potter, Z9)	parent(lily_luna_potter, ginny_weasley)	0
parent(ginny_weasley, Z9)	parent(ginny_weasley, molly_weasley)	0
parent(luna_lovegood, Z9)	parent(luna_lovegood, hermione_granger)	0
parent(luna_lovegood, Z12)	parent(luna_lovegood, molly_weasley)	0
parent(neville_longbottom, Z3)	parent(neville_longbottom, lily_potter)	0
parent(charlie_weasley, Z9)	parent(charlie_weasley, hermione_granger)	0
ancestor(hugo_weasley, Z)	ancestor(X, Y) :- ancestor(Z, Y), parent(X, Z)	0
ancestor(fred_weasley, harry_potter)	ancestor(X, Y) :- parent(X, Y)	0
ancestor(draco_malfoy, Z)	ancestor(X, Y) :- parent(X, Y)	0
parent(ron_weasley, Z10)	parent(ron_weasley, frank_longbottom)	0
parent(ron_weasley, Z8)	parent(ron_weasley, james_potter)	0
parent(draco_malfoy, james_potter)	parent(draco_malfoy, james_potter)	0
parent(albus_severus_potter, Z12)	parent(albus_severus_potter, arthur_weasley)	0
parent(bill_weasley, Z12)	parent(bill_weasley, harry_potter)	0
parent(neville_longbottom, Z10)	parent(neville_longbottom, xenophilius_lovegood)	0
parent(dudley_dursley, Z10)	parent(dudley_dursley, ginny_weasley)	0
parent(Z0, Z1)	parent(Z0, arthur_weasley)	0
parent(Z6, Z7)	parent(Z6, arthur_weasley)	0
parent(fred_weasley, Z9)	parent(fred_weasley, lily_potter)	0
parent(draco_malfoy, Z3)	parent(draco_malfoy, alice_longbottom)	0
parent(draco_malfoy, Z12)	parent(draco_malfoy, frank_longbottom)	0
parent(Y, Z0)	parent(Y, petunia_dursley)	0
ancestor(hugo_weasley, _EX1)	ancestor(X, Y) :- parent(X, Y)	0
parent(Z3, Z4)	parent(Z3, lucius_malfoy)	0
parent(luna_lovegood, Z6)	parent(luna_lovegood, james_potter)	0
ancestor(james_sirius_potter, _EX1)	ancestor(X, Y) :- ancestor(Z, Y), parent(X, Z)	0
parent(james_sirius_potter, Z8)	parent(james_sirius_potter, ron_weasley)	0
parent(percy_weasley, Z9)	parent(percy_weasley, ron_weasley)	0
parent(percy_weasley, arthur_weasley)	parent(percy_weasley, arthur_weasley)	0
parent(albus_severus_potter, Z12)	parent(albus_severus_potter, xenophilius_lovegood)	0
parent(hugo_weasley, Z10)	parent(hugo_weasley, lucius_malfoy)	0
parent(Z2, Z3)	parent(Z2, arthur_weasley)	0
ancestor(charlie_weasley, Z)	ancestor(X, Y) :- parent(X, Y)	0
parent(fred_weasley, Z4)	parent(fred_weasley, arthur_weasley)	0
parent(fred_weasley, Z9)	parent(fred_weasley, narcissa_malfoy)	0
parent(percy_weasley, Z4)	parent(percy_weasley, ginny_weasley)	0
parent(lily_luna_potter, Z2)	parent(lily_luna_potter, ron_weasley)	0
ancestor(luna_lovegood, Y)	ancestor(X, Y) :- ancestor(Z, Y), parent(X, Z)	0
parent(rose_weasley, Z4)	parent(rose_weasley, lucius_malfoy)	0
parent(neville_longbottom, Z9)	parent(neville_longbottom, frank_longbottom)	0
parent(ginny_weasley, Z12)	parent(ginny_weasley, petunia_dursley)	0
parent(james_sirius_potter, lily_potter)	parent(james_sirius_potter, lily_potter)	0
hates(Y, argus_filch)	hates(X, Y) :- deatheater(X), muggle(Y)	0
parent(percy_weasley, Z3)	parent(percy_weasley, narcissa_malfoy)	0
ancestor(bill_weasley, albus_severus_potter)	ancestor(X, Y) :- parent(X, Y)	0
parent(george_weasley, Z12)	parent(george_weasley, harry_potter)	0
parent(Z11, Z12)	parent(Z11, molly_weasley)	0
parent(hugo_weasley, Z8)	parent(hugo_weasley, vernon_dursley)	0
parent(neville_longbottom, Z2)	parent(neville_longbottom, vernon_dursley)	0
parent(Z1, Z2)	parent(Z1, frank_longbottom)	0
parent(Z3, Z4)	parent(Z3, lily_potter)	0
parent(_EX1, Z1)	parent(_EX1, frank_longbottom)	0
parent(lily_luna_potter, Z12)	parent(lily_luna_potter, vernon_dursley)	0
parent(hugo_weasley, Z9)	parent(hugo_weasley, hermione_granger)	0
parent(neville_longbottom, Z2)	parent(neville_longbottom, xenophilius_lovegood)	0
parent(percy_weasley, Z2)	parent(percy_weasley, james_potter)	0
parent(dudley_dursley, Z3)	parent(dudley_dursley, frank_longbottom)	0
parent(george_weasley, Z3)	parent(george_weasley, james_potter)	0
parent(james_sirius_potter, Z12)	parent(james_sirius_potter, lily_potter)	0
parent(harry_potter, Z12)	parent(harry_potter, arthur_weasley)	0
parent(percy_weasley, Z10)	parent(percy_weasley, narcissa_malfoy)	0
ancestor(ginny_weasley, albus_severus_potter)	ancestor(X, Y) :- parent(X, Y)	0
parent(draco_malfoy, Z2)	parent(draco_malfoy, petunia_dursley)	0
ancestor(P, albus_severus_potter)	ancestor(X, Y) :- ancestor(Z, Y), parent(X, Z)	0
parent(percy_weasley, Z11)	parent(percy_weasley, james_potter)	0
parent(lily_luna_potter, Z8)	parent(lily_luna_potter, petunia_dursley)	0
parent(hugo_weasley, Z11)	parent(hugo_weasley, ron_weasley)	0
enemy(minerva_mccgonagall, P)	enemy(X, Y) :- member_of(X, death_eaters), member_of(Y, dumbledores_army)	0
parent(fred_weasley, Z3)	parent(fred_weasley, hermione_granger)	0
ancestor(fred_weasley, Z)	ancestor(X, Y) :- ancestor(Z, Y), parent(X, Z)	0
ancestor(ginny_weasley, Y)	ancestor(X, Y) :- parent(X, Y)	0
parent(ron_weasley, Z9)	parent(ron_weasley, narcissa_malfoy)	0
parent(george_weasley, Z11)	parent(george_weasley, harry_potter)	0
parent(james_sirius_potter, Z8)	parent(james_sirius_potter, vernon_dursley)	0
parent(dudley_dursley, Z11)	parent(dudley_dursley, petunia_dursley)	0
parent(albus_severus_potter, Z9)	parent(albus_severus_potter, lily_potter)	0
parent(draco_malfoy, Z8)	parent(draco_malfoy, lily_potter)	0
parent(charlie_weasley, Z8)	parent(charlie_weasley, hermione_granger)	0
parent(luna_lovegood, Z9)	parent(luna_lovegood, lily_potter)	0
parent(Z6, Z7)	parent(Z6, frank_longbottom)	0
parent(Z5, Z6)	parent(Z5, hermione_granger)	0
ancestor(james_sirius_potter, Z)	ancestor(X, Y) :- parent(X, Y)	0
ancestor(rose_weasley, _EX1)	ancestor(X, Y) :- parent(X, Y)	0
parent(charlie_weasley, arthur_weasley)	parent(charlie_weasley, arthur_weasley)	0
ancestor(rose_weasley, albus_severus_potter)	ancestor(X, Y) :- parent(X, Y)	0
parent(albus_severus_potter, Z2)	parent(albus_severus_potter, narcissa_malfoy)	0
parent(james_sirius_potter, Z11)	parent(james_sirius_potter, petunia_dursley)	0
ancestor(percy_weasley, lily_luna_potter)	ancestor(X, Y) :- parent(X, Y)	0
ancestor(lily_luna_potter, _EX1)	ancestor(X, Y) :- parent(X, Y)	0
ancestor(charlie_weasley, P)	ancestor(X, Y) :- ancestor(Z, Y), parent(X, Z)	0
parent(lily_luna_potter, arthur_weasley)	parent(lily_luna_potter, arthur_weasley)	0
parent(fred_weasley, Z10)	parent(fred_weasley, petunia_dursley)	0
parent(james_sirius_potter, Z9)	parent(james_sirius_potter, hermione_granger)	0
parent(Z9, Z10)	parent(Z9, arthur_weasley)	0
parent(hugo_weasley, Z2)	parent(hugo_weasley, vernon_dursley)	0
parent(hugo_weasley, Z3)	parent(hugo_weasley, arthur_weasley)	0
parent(_EX1, Z1)	parent(_EX1, lily_potter)	0
ancestor(draco_malfoy, _EX1)	ancestor(X, Y) :- ancestor(Z, Y), parent(X, Z)	0
parent(Z1, Z2)	parent(Z1, james_potter)	0
parent(neville_longbottom, Z3)	parent(neville_longbottom, harry_potter)	0
ancestor(draco_malfoy, X)	ancestor(X, Y) :- ancestor(Z, Y), parent(X, Z)	0
parent(hugo_weasley, Z2)	parent(hugo_weasley, ron_weasley)	0
parent(Z7, Z8)	parent(Z7, molly_weasley)	0
parent(percy_weasley, Z11)	parent(percy_weasley, vernon_dursley)	0
parent(draco_malfoy, Z6)	parent(draco_malfoy, alice_longbottom)	0
parent(charlie_weasley, Z9)	parent(charlie_weasley, narcissa_malfoy)	0
parent(Z2, Z3)	parent(Z2, molly_weasley)	0
parent(percy_weasley, Z10)	parent(percy_weasley, lily_potter)	0
parent(hugo_weasley, Z3)	parent(hugo_weasley, ginny_weasley)	0
ancestor(james_sirius_potter, draco_malfoy)	ancestor(X, Y) :- parent(X, Y)	0
parent(Z7, Z8)	parent(Z7, lily_potter)	0
parent(hugo_weasley, Z3)	parent(hugo_weasley, james_potter)	0
ancestor(charlie_weasley, _EX3)	ancestor(X, Y) :- ancestor(Z, Y), parent(X, Z)	0
parent(charlie_weasley, lily_potter)	parent(charlie_weasley, lily_potter)	0
ancestor(rose_weasley, P)	ancestor(X, Y) :- ancestor(Z, Y), parent(X, Z)	0
parent(james_sirius_potter, arthur_weasley)	parent(james_sirius_potter, arthur_weasley)	0
parent(ginny_weasley, Z12)	parent(ginny_weasley, ron_weasley)	0
parent(charlie_weasley, Z10)	parent(charlie_weasley, lucius_malfoy)	0
parent(albus_severus_potter, Z10)	parent(albus_severus_potter, ginny_weasley)	0
parent(albus_severus_potter, Z10)	parent(albus_severus_potter, molly_weasley)	0
ancestor(neville_longbottom, P)	ancestor(X, Y) :- ancestor(Z, Y), parent(X, Z)	0
parent(rose_weasley, Z8)	parent(rose_weasley, xenophilius_lovegood)	0
parent(Z1, Z2)	parent(Z1, narcissa_malfoy)	0
hates(_EX1, myrtle_warren)	hates(X, Y) :- deatheater(X), squib(Y)	0
parent(lily_luna_potter, Z2)	parent(lily_luna_potter, arthur_weasley)	0
parent(percy_weasley, Z3)	parent(percy_weasley, ron_weasley)	0
parent(albus_severus_potter, Z3)	parent(albus_severus_potter, ron_weasley)	0
ancestor(luna_lovegood, harry_potter)	ancestor(X, Y) :- ancestor(Z, Y), parent(X, Z)	0
parent(lily_luna_potter, Z12)	parent(lily_luna_potter, ginny_weasley)	0
parent(rose_weasley, Z9)	parent(rose_weasley, harry_potter)	0
parent(ron_weasley, Z11)	parent(ron_weasley, james_potter)	0
parent(ron_weasley, Z10)	parent(ron_weasley, lucius_malfoy)	0
parent(ginny_weasley, Z12)	parent(ginny_weasley, narcissa_malfoy)	0
parent(harry_potter, Z9)	parent(harry_potter, hermione_granger)	0
parent(neville_longbottom, Z9)	parent(neville_longbottom, petunia_dursley)	0
ancestor(luna_lovegood, X)	ancestor(X, Y) :- parent(X, Y)	0
parent(neville_longbottom, Z3)	parent(neville_longbottom, lucius_malfoy)	0
ancestor(luna_lovegood, draco_malfoy)	ancestor(X, Y) :- ancestor(Z, Y), parent(X, Z)	0
parent(fred_weasley, Z9)	parent(fred_weasley, frank_longbottom)	0
parent(ginny_weasley, Z9)	parent(ginny_weasley, harry_potter)	0
parent(percy_weasley, Z8)	parent(percy_weasley, frank_longbottom)	0
parent(albus_severus_potter, Z9)	parent(albus_severus_potter, alice_longbottom)	0
parent(harry_potter, Z9)	parent(harry_potter, lily_potter)	0
parent(george_weasley, Z2)	parent(george_weasley, narcissa_malfoy)	0
ancestor(rose_weasley, harry_potter)	ancestor(X, Y) :- parent(X, Y)	0
parent(ron_weasley, Z2)	parent(ron_weasley, petunia_dursley)	0
parent(rose_weasley, Z2)	parent(rose_weasley, arthur_weasley)	0
parent(hugo_weasley, Z11)	parent(hugo_weasley, ginny_weasley)	0
parent(draco_malfoy, Z12)	parent(draco_malfoy, alice_longbottom)	0
parent(hugo_weasley, lily_potter)	parent(hugo_weasley, lily_potter)	0
parent(george_weasley, Z12)	parent(george_weasley, lucius_malfoy)	0
ancestor(albus_severus_potter, P)	ancestor(X, Y) :- parent(X, Y)	0
parent(bill_weasley, Z9)	parent(bill_weasley, xenophilius_lovegood)	0
ancestor(neville_longbottom, hugo_weasley)	ancestor(X, Y) :- parent(X, Y)	0
parent(ron_weasley, Z2)	parent(ron_weasley, arthur_weasley)	0
parent(harry_potter, Z12)	parent(harry_potter, alice_longbottom)	0
parent(hugo_weasley, Z9)	parent(hugo_weasley, molly_weasley)	0
ancestor(bill_weasley, harry_potter)	ancestor(X, Y) :- parent(X, Y)	0
parent(harry_potter, Z9)	parent(harry_potter, harry_potter)	0
parent(lily_luna_potter, Z12)	parent(lily_luna_potter, alice_longbottom)	0
parent(Z11, Z12)	parent(Z11, alice_longbottom)	0
ancestor(albus_severus_potter, X)	ancestor(X, Y) :- ancestor(Z, Y), parent(X, Z)	0
parent(charlie_weasley, Z3)	parent(charlie_weasley, frank_longbottom)	0
parent(Z7, Z8)	parent(Z7, frank_longbottom)	0
parent(luna_lovegood, Z11)	parent(luna_lovegood, narcissa_malfoy)	0
ancestor(P, draco_malfoy)	ancestor(X, Y) :- ancestor(Z, Y), parent(X, Z)	0
parent(harry_potter, Z1)	parent(harry_potter, narcissa_malfoy)	0
parent(george_weasley, Z10)	parent(george_weasley, molly_weasley)	0
ancestor(james_sirius_potter, harry_potter)	ancestor(X, Y) :- ancestor(Z, Y), parent(X, Z)	0
parent(fred_weasley, Z3)	parent(fred_weasley, narcissa_malfoy)	0
parent(hugo_weasley, Z3)	parent(hugo_weasley, molly_weasley)	0
ancestor(ron_weasley, draco_malfoy)	ancestor(X, Y) :- ancestor(Z, Y), parent(X, Z)	0
ancestor(P, _EX3)	ancestor(X, Y) :- ancestor(Z, Y), parent(X, Z)	0
parent(lily_luna_potter, Z12)	parent(lily_luna_potter, petunia_dursley)	0
ancestor(harry_potter, _EX1)	ancestor(X, Y) :- ancestor(Z, Y), parent(X, Z)	0
ancestor(bill_weasley, lily_luna_potter)	ancestor(X, Y) :- ancestor(Z, Y), parent(X, Z)	0
parent(george_weasley, Z10)	parent(george_weasley, james_potter)	0
parent(neville_longbottom, Z11)	parent(neville_longbottom, vernon_dursley)	0
parent(fred_weasley, Z9)	parent(fred_weasley, ron_weasley)	0
parent(charlie_weasley, Z11)	parent(charlie_weasley, alice_longbottom)	0
parent(Y, Z0)	parent(Y, lucius_malfoy)	0
parent(percy_weasley, Z9)	parent(percy_weasley, lucius_malfoy)	0
parent(lily_luna_potter, Z2)	parent(lily_luna_potter, frank_longbottom)	0
parent(rose_weasley, Z12)	parent(rose_weasley, vernon_dursley)	0
parent(ginny_weasley, Z11)	parent(ginny_weasley, james_potter)	0
parent(ginny_weasley, Z3)	parent(ginny_weasley, ron_weasley)	0
parent(dudley_dursley, Z3)	parent(dudley_dursley, xenophilius_lovegood)	0
parent(dudley_dursley, Z10)	parent(dudley_dursley, james_potter)	0
parent(dudley_dursley, Z11)	parent(dudley_dursley, molly_weasley)	0
parent(luna_lovegood, Z6)	parent(luna_lovegood, lucius_malfoy)	0
parent(james_sirius_potter, Z8)	parent(james_sirius_potter, xenophilius_lovegood)	0
parent(draco_malfoy, Z6)	parent(draco_malfoy, xenophilius_lovegood)	0
parent(ron_weasley, Z12)	parent(ron_weasley, ron_weasley)	0
parent(james_sirius_potter, Z9)	parent(james_sirius_potter, narcissa_malfoy)	0
parent(ginny_weasley, Z3)	parent(ginny_weasley, narcissa_malfoy)	0
parent(hugo_weasley, Z3)	parent(hugo_weasley, petunia_dursley)	0
parent(lily_luna_potter, Z12)	parent(lily_luna_potter, harry_potter)	0
ancestor(P, _EX1)	ancestor(X, Y) :- parent(X, Y)	0
parent(Z2, Z3)	parent(Z2, petunia_dursley)	0
parent(fred_weasley, Z11)	parent(fred_weasley, arthur_weasley)	0
parent(lily_luna_potter, Z4)	parent(lily_luna_potter, narcissa_malfoy)	0
parent(george_weasley, Z10)	parent(george_weasley, harry_potter)	0
ancestor(hugo_weasley, _EX3)	ancestor(X, Y) :- parent(X, Y)	0
ancestor(james_sirius_potter, hugo_weasley)	ancestor(X, Y) :- ancestor(Z, Y), parent(X, Z)	0
parent(neville_longbottom, Z12)	parent(neville_longbottom, hermione_granger)	0
ancestor(lily_luna_potter, hugo_weasley)	ancestor(X, Y) :- parent(X, Y)	0
parent(george_weasley, arthur_weasley)	parent(george_weasley, arthur_weasley)	0
parent(percy_weasley, Z9)	parent(percy_weasley, xenophilius_lovegood)	0
parent(james_sirius_potter, Z11)	parent(james_sirius_potter, hermione_granger)	0
